id,name,description_sale,description_purchase,default_code,tag_ids,sale_ok,purchase_ok,type,procure_method,supply_method,list_price,cost_method,standard_price,categ_id,uom_id,uom_po_id,description,valuation,standard_price,list_price,qty_available
product_product_1,Wall T25 PU.Foam Color steel sheet/Color steel sheet,,,P10001,Clean Room,TRUE,FALSE,Service,Make to Order,Manufacture,,Standard Price,,Wall,sqm,sqm,,Real Time (automated),1,1200,
product_product_2,Wall T25 PU.Foam Color steel sheet/Galvanized steel sheet,,,P10002,Clean Room,TRUE,FALSE,Service,Make to Order,Manufacture,,Standard Price,,Wall,sqm,sqm,,Real Time (automated),1,1150,
product_product_3,Wall T25 PU.Foam Galvanized steel sheet/Galvanized steel sheet,,,P10003,Clean Room,TRUE,FALSE,Service,Make to Order,Manufacture,,Standard Price,,Wall,sqm,sqm,,Real Time (automated),1,1150,
product_product_4,Wall T25 PU.Foam Galvanized steel sheet/Galvanized steel sheet,,,P10004,Clean Room,TRUE,FALSE,Service,Make to Order,Manufacture,,Standard Price,,Wall,sqm,sqm,,Real Time (automated),1,1100,
product_product_5,Wall T25 PU.Foam Stainless steel 304/Stainless steel 304,,,P10005,Clean Room,TRUE,FALSE,Service,Make to Order,Manufacture,,Standard Price,,Wall,sqm,sqm,,Real Time (automated),1,2700,
product_product_6,Wall T25 PU.Foam Color steel sheet/Stainless steel 304,,,P10006,Clean Room,TRUE,FALSE,Service,Make to Order,Manufacture,,Standard Price,,Wall,sqm,sqm,,Real Time (automated),1,1950,
product_product_7,Wall T25 PU.Foam Galvanized steel sheet/Stainless steel 305,,,P10007,Clean Room,TRUE,FALSE,Service,Make to Order,Manufacture,,Standard Price,,Wall,sqm,sqm,,Real Time (automated),1,1900,
product_product_8,Wall T42 PU.Foam Color steel sheet/Color steel sheet,,,P10008,Clean Room,TRUE,FALSE,Service,Make to Order,Manufacture,,Standard Price,,Wall,sqm,sqm,,Real Time (automated),1,1350,
product_product_9,Wall T42 PU.Foam Color steel sheet/Galvanized steel sheet,,,P10009,Clean Room,TRUE,FALSE,Service,Make to Order,Manufacture,,Standard Price,,Wall,sqm,sqm,,Real Time (automated),1,1300,
product_product_10,Wall T42 PU.Foam Galvanized steel sheet/Galvanized steel sheet,,,P10010,Clean Room,TRUE,FALSE,Service,Make to Order,Manufacture,,Standard Price,,Wall,sqm,sqm,,Real Time (automated),1,1250,
product_product_11,Wall T42 PU.Foam Stainless steel 304/Stainless steel 304,,,P10011,Clean Room,TRUE,FALSE,Service,Make to Order,Manufacture,,Standard Price,,Wall,sqm,sqm,,Real Time (automated),1,2850,
product_product_12,Wall T42 PU.Foam Color steel sheet/Stainless steel 304,,,P10012,Clean Room,TRUE,FALSE,Service,Make to Order,Manufacture,,Standard Price,,Wall,sqm,sqm,,Real Time (automated),1,2100,
product_product_13,Wall T42 PU.Foam Galvanized steel sheet/Stainless steel 305,,,P10013,Clean Room,TRUE,FALSE,Service,Make to Order,Manufacture,,Standard Price,,Wall,sqm,sqm,,Real Time (automated),1,2050,
product_product_14,Wall T50 PU.Foam Color steel sheet/Color steel sheet,,,P10014,Clean Room,TRUE,FALSE,Service,Make to Order,Manufacture,,Standard Price,,Wall,sqm,sqm,,Real Time (automated),1,1540,
product_product_15,Wall T50 PU.Foam Color steel sheet/Galvanized steel sheet,,,P10015,Clean Room,TRUE,FALSE,Service,Make to Order,Manufacture,,Standard Price,,Wall,sqm,sqm,,Real Time (automated),1,1500,
product_product_16,Wall T50 PU.Foam Galvanized steel sheet/Galvanized steel sheet,,,P10016,Clean Room,TRUE,FALSE,Service,Make to Order,Manufacture,,Standard Price,,Wall,sqm,sqm,,Real Time (automated),1,1450,
product_product_17,Wall T50 PU.Foam Stainless steel 304/Stainless steel 304,,,P10017,Clean Room,TRUE,FALSE,Service,Make to Order,Manufacture,,Standard Price,,Wall,sqm,sqm,,Real Time (automated),1,3040,
product_product_18,Wall T50 PU.Foam Color steel sheet/Stainless steel 304,,,P10018,Clean Room,TRUE,FALSE,Service,Make to Order,Manufacture,,Standard Price,,Wall,sqm,sqm,,Real Time (automated),1,2290,
product_product_19,Wall T50 PU.Foam Galvanized steel sheet/Stainless steel 305,,,P10019,Clean Room,TRUE,FALSE,Service,Make to Order,Manufacture,,Standard Price,,Wall,sqm,sqm,,Real Time (automated),1,2250,
product_product_20,Wall T75 PU.Foam Color steel sheet/Color steel sheet,,,P10020,Clean Room,TRUE,FALSE,Service,Make to Order,Manufacture,,Standard Price,,Wall,sqm,sqm,,Real Time (automated),1,1900,
product_product_21,Wall T75 PU.Foam Color steel sheet/Galvanized steel sheet,,,P10021,Clean Room,TRUE,FALSE,Service,Make to Order,Manufacture,,Standard Price,,Wall,sqm,sqm,,Real Time (automated),1,1850,
product_product_22,Wall T75 PU.Foam Galvanized steel sheet/Galvanized steel sheet,,,P10022,Clean Room,TRUE,FALSE,Service,Make to Order,Manufacture,,Standard Price,,Wall,sqm,sqm,,Real Time (automated),1,1800,
product_product_23,Wall T75 PU.Foam Stainless steel 304/Stainless steel 304,,,P10023,Clean Room,TRUE,FALSE,Service,Make to Order,Manufacture,,Standard Price,,Wall,sqm,sqm,,Real Time (automated),1,3400,
product_product_24,Wall T75 PU.Foam Color steel sheet/Stainless steel 304,,,P10024,Clean Room,TRUE,FALSE,Service,Make to Order,Manufacture,,Standard Price,,Wall,sqm,sqm,,Real Time (automated),1,2650,
product_product_25,Wall T75 PU.Foam Galvanized steel sheet/Stainless steel 305,,,P10025,Clean Room,TRUE,FALSE,Service,Make to Order,Manufacture,,Standard Price,,Wall,sqm,sqm,,Real Time (automated),1,2600,
product_product_26,Wall T100 PU.Foam Color steel sheet/Color steel sheet,,,P10026,Clean Room,TRUE,FALSE,Service,Make to Order,Manufacture,,Standard Price,,Wall,sqm,sqm,,Real Time (automated),1,2000,
product_product_27,Wall T100 PU.Foam Color steel sheet/Galvanized steel sheet,,,P10027,Clean Room,TRUE,FALSE,Service,Make to Order,Manufacture,,Standard Price,,Wall,sqm,sqm,,Real Time (automated),1,1900,
product_product_28,Wall T100 PU.Foam Galvanized steel sheet/Galvanized steel sheet,,,P10028,Clean Room,TRUE,FALSE,Service,Make to Order,Manufacture,,Standard Price,,Wall,sqm,sqm,,Real Time (automated),1,1850,
product_product_29,Wall T100 PU.Foam Stainless steel 304/Stainless steel 304,,,P10029,Clean Room,TRUE,FALSE,Service,Make to Order,Manufacture,,Standard Price,,Wall,sqm,sqm,,Real Time (automated),1,3500,
product_product_30,Wall T100 PU.Foam Color steel sheet/Stainless steel 304,,,P10030,Clean Room,TRUE,FALSE,Service,Make to Order,Manufacture,,Standard Price,,Wall,sqm,sqm,,Real Time (automated),1,2750,
product_product_31,Wall T100 PU.Foam Galvanized steel sheet/Stainless steel 305,,,P10031,Clean Room,TRUE,FALSE,Service,Make to Order,Manufacture,,Standard Price,,Wall,sqm,sqm,,Real Time (automated),1,2650,
product_product_32,Wall T125 PU.Foam Color steel sheet/Color steel sheet,,,P10032,Clean Room,TRUE,FALSE,Service,Make to Order,Manufacture,,Standard Price,,Wall,sqm,sqm,,Real Time (automated),1,1,
product_product_33,Wall T125 PU.Foam Color steel sheet/Galvanized steel sheet,,,P10033,Clean Room,TRUE,FALSE,Service,Make to Order,Manufacture,,Standard Price,,Wall,sqm,sqm,,Real Time (automated),1,1,
product_product_34,Wall T125 PU.Foam Galvanized steel sheet/Galvanized steel sheet,,,P10034,Clean Room,TRUE,FALSE,Service,Make to Order,Manufacture,,Standard Price,,Wall,sqm,sqm,,Real Time (automated),1,1,
product_product_35,Wall T125 PU.Foam Stainless steel 304/Stainless steel 304,,,P10035,Clean Room,TRUE,FALSE,Service,Make to Order,Manufacture,,Standard Price,,Wall,sqm,sqm,,Real Time (automated),1,1,
product_product_36,Wall T125 PU.Foam Color steel sheet/Stainless steel 304,,,P10036,Clean Room,TRUE,FALSE,Service,Make to Order,Manufacture,,Standard Price,,Wall,sqm,sqm,,Real Time (automated),1,1,
product_product_37,Wall T125 PU.Foam Galvanized steel sheet/Stainless steel 305,,,P10037,Clean Room,TRUE,FALSE,Service,Make to Order,Manufacture,,Standard Price,,Wall,sqm,sqm,,Real Time (automated),1,1,
product_product_38,Wall T150 PU.Foam Color steel sheet/Color steel sheet,,,P10038,Clean Room,TRUE,FALSE,Service,Make to Order,Manufacture,,Standard Price,,Wall,sqm,sqm,,Real Time (automated),1,1,
product_product_39,Wall T150 PU.Foam Color steel sheet/Galvanized steel sheet,,,P10039,Clean Room,TRUE,FALSE,Service,Make to Order,Manufacture,,Standard Price,,Wall,sqm,sqm,,Real Time (automated),1,1,
product_product_40,Wall T150 PU.Foam Galvanized steel sheet/Galvanized steel sheet,,,P10040,Clean Room,TRUE,FALSE,Service,Make to Order,Manufacture,,Standard Price,,Wall,sqm,sqm,,Real Time (automated),1,1,
product_product_41,Wall T150 PU.Foam Stainless steel 304/Stainless steel 304,,,P10041,Clean Room,TRUE,FALSE,Service,Make to Order,Manufacture,,Standard Price,,Wall,sqm,sqm,,Real Time (automated),1,1,
product_product_42,Wall T150 PU.Foam Color steel sheet/Stainless steel 304,,,P10042,Clean Room,TRUE,FALSE,Service,Make to Order,Manufacture,,Standard Price,,Wall,sqm,sqm,,Real Time (automated),1,1,
product_product_43,Wall T150 PU.Foam Galvanized steel sheet/Stainless steel 305,,,P10043,Clean Room,TRUE,FALSE,Service,Make to Order,Manufacture,,Standard Price,,Wall,sqm,sqm,,Real Time (automated),1,1,
product_product_44,Wall T200 PU.Foam Color steel sheet/Color steel sheet,,,P10044,Clean Room,TRUE,FALSE,Service,Make to Order,Manufacture,,Standard Price,,Wall,sqm,sqm,,Real Time (automated),1,3200,
product_product_45,Wall T200 PU.Foam Color steel sheet/Galvanized steel sheet,,,P10045,Clean Room,TRUE,FALSE,Service,Make to Order,Manufacture,,Standard Price,,Wall,sqm,sqm,,Real Time (automated),1,3150,
product_product_46,Wall T200 PU.Foam Galvanized steel sheet/Galvanized steel sheet,,,P10046,Clean Room,TRUE,FALSE,Service,Make to Order,Manufacture,,Standard Price,,Wall,sqm,sqm,,Real Time (automated),1,3100,
product_product_47,Wall T200 PU.Foam Stainless steel 304/Stainless steel 304,,,P10047,Clean Room,TRUE,FALSE,Service,Make to Order,Manufacture,,Standard Price,,Wall,sqm,sqm,,Real Time (automated),1,4700,
product_product_48,Wall T200 PU.Foam Color steel sheet/Stainless steel 304,,,P10048,Clean Room,TRUE,FALSE,Service,Make to Order,Manufacture,,Standard Price,,Wall,sqm,sqm,,Real Time (automated),1,3950,
product_product_49,Wall T200 PU.Foam Galvanized steel sheet/Stainless steel 305,,,P10049,Clean Room,TRUE,FALSE,Service,Make to Order,Manufacture,,Standard Price,,Wall,sqm,sqm,,Real Time (automated),1,3900,
product_product_50,Wall T25 Rockwool Color steel sheet/Color steel sheet,,,P10050,Clean Room,TRUE,FALSE,Service,Make to Order,Manufacture,,Standard Price,,Wall,sqm,sqm,,Real Time (automated),1,1,
product_product_51,Wall T25 Rockwool Color steel sheet/Galvanized steel sheet,,,P10051,Clean Room,TRUE,FALSE,Service,Make to Order,Manufacture,,Standard Price,,Wall,sqm,sqm,,Real Time (automated),1,1,
product_product_52,Wall T25 Rockwool Galvanized steel sheet/Galvanized steel sheet,,,P10052,Clean Room,TRUE,FALSE,Service,Make to Order,Manufacture,,Standard Price,,Wall,sqm,sqm,,Real Time (automated),1,1,
product_product_53,Wall T25 Rockwool Stainless steel 304/Stainless steel 304,,,P10053,Clean Room,TRUE,FALSE,Service,Make to Order,Manufacture,,Standard Price,,Wall,sqm,sqm,,Real Time (automated),1,1,
product_product_54,Wall T25 Rockwool Color steel sheet/Stainless steel 304,,,P10054,Clean Room,TRUE,FALSE,Service,Make to Order,Manufacture,,Standard Price,,Wall,sqm,sqm,,Real Time (automated),1,1,
product_product_55,Wall T25 Rockwool Galvanized steel sheet/Stainless steel 305,,,P10055,Clean Room,TRUE,FALSE,Service,Make to Order,Manufacture,,Standard Price,,Wall,sqm,sqm,,Real Time (automated),1,1,
product_product_56,Wall T42 Rockwool Color steel sheet/Color steel sheet,,,P10056,Clean Room,TRUE,FALSE,Service,Make to Order,Manufacture,,Standard Price,,Wall,sqm,sqm,,Real Time (automated),1,1,
product_product_57,Wall T42 Rockwool Color steel sheet/Galvanized steel sheet,,,P10057,Clean Room,TRUE,FALSE,Service,Make to Order,Manufacture,,Standard Price,,Wall,sqm,sqm,,Real Time (automated),1,1,
product_product_58,Wall T42 Rockwool Galvanized steel sheet/Galvanized steel sheet,,,P10058,Clean Room,TRUE,FALSE,Service,Make to Order,Manufacture,,Standard Price,,Wall,sqm,sqm,,Real Time (automated),1,1,
product_product_59,Wall T42 Rockwool Stainless steel 304/Stainless steel 304,,,P10059,Clean Room,TRUE,FALSE,Service,Make to Order,Manufacture,,Standard Price,,Wall,sqm,sqm,,Real Time (automated),1,1,
product_product_60,Wall T42 Rockwool Color steel sheet/Stainless steel 304,,,P10060,Clean Room,TRUE,FALSE,Service,Make to Order,Manufacture,,Standard Price,,Wall,sqm,sqm,,Real Time (automated),1,1,
product_product_61,Wall T42 Rockwool Galvanized steel sheet/Stainless steel 305,,,P10061,Clean Room,TRUE,FALSE,Service,Make to Order,Manufacture,,Standard Price,,Wall,sqm,sqm,,Real Time (automated),1,1,
product_product_62,Wall T50 Rockwool Color steel sheet/Color steel sheet,,,P10062,Clean Room,TRUE,FALSE,Service,Make to Order,Manufacture,,Standard Price,,Wall,sqm,sqm,,Real Time (automated),1,1,
product_product_63,Wall T50 Rockwool Color steel sheet/Galvanized steel sheet,,,P10063,Clean Room,TRUE,FALSE,Service,Make to Order,Manufacture,,Standard Price,,Wall,sqm,sqm,,Real Time (automated),1,1,
product_product_64,Wall T50 Rockwool Galvanized steel sheet/Galvanized steel sheet,,,P10064,Clean Room,TRUE,FALSE,Service,Make to Order,Manufacture,,Standard Price,,Wall,sqm,sqm,,Real Time (automated),1,1,
product_product_65,Wall T50 Rockwool Stainless steel 304/Stainless steel 304,,,P10065,Clean Room,TRUE,FALSE,Service,Make to Order,Manufacture,,Standard Price,,Wall,sqm,sqm,,Real Time (automated),1,1,
product_product_66,Wall T50 Rockwool Color steel sheet/Stainless steel 304,,,P10066,Clean Room,TRUE,FALSE,Service,Make to Order,Manufacture,,Standard Price,,Wall,sqm,sqm,,Real Time (automated),1,1,
product_product_67,Wall T50 Rockwool Galvanized steel sheet/Stainless steel 305,,,P10067,Clean Room,TRUE,FALSE,Service,Make to Order,Manufacture,,Standard Price,,Wall,sqm,sqm,,Real Time (automated),1,1,
product_product_68,Wall T75 Rockwool Color steel sheet/Color steel sheet,,,P10068,Clean Room,TRUE,FALSE,Service,Make to Order,Manufacture,,Standard Price,,Wall,sqm,sqm,,Real Time (automated),1,1,
product_product_69,Wall T75 Rockwool Color steel sheet/Galvanized steel sheet,,,P10069,Clean Room,TRUE,FALSE,Service,Make to Order,Manufacture,,Standard Price,,Wall,sqm,sqm,,Real Time (automated),1,1,
product_product_70,Wall T75 Rockwool Galvanized steel sheet/Galvanized steel sheet,,,P10070,Clean Room,TRUE,FALSE,Service,Make to Order,Manufacture,,Standard Price,,Wall,sqm,sqm,,Real Time (automated),1,1,
product_product_71,Wall T75 Rockwool Stainless steel 304/Stainless steel 304,,,P10071,Clean Room,TRUE,FALSE,Service,Make to Order,Manufacture,,Standard Price,,Wall,sqm,sqm,,Real Time (automated),1,1,
product_product_72,Wall T75 Rockwool Color steel sheet/Stainless steel 304,,,P10072,Clean Room,TRUE,FALSE,Service,Make to Order,Manufacture,,Standard Price,,Wall,sqm,sqm,,Real Time (automated),1,1,
product_product_73,Wall T75 Rockwool Galvanized steel sheet/Stainless steel 305,,,P10073,Clean Room,TRUE,FALSE,Service,Make to Order,Manufacture,,Standard Price,,Wall,sqm,sqm,,Real Time (automated),1,1,
product_product_74,Wall T100 Rockwool Color steel sheet/Color steel sheet,,,P10074,Clean Room,TRUE,FALSE,Service,Make to Order,Manufacture,,Standard Price,,Wall,sqm,sqm,,Real Time (automated),1,1,
product_product_75,Wall T100 Rockwool Color steel sheet/Galvanized steel sheet,,,P10075,Clean Room,TRUE,FALSE,Service,Make to Order,Manufacture,,Standard Price,,Wall,sqm,sqm,,Real Time (automated),1,1,
product_product_76,Wall T100 Rockwool Galvanized steel sheet/Galvanized steel sheet,,,P10076,Clean Room,TRUE,FALSE,Service,Make to Order,Manufacture,,Standard Price,,Wall,sqm,sqm,,Real Time (automated),1,1,
product_product_77,Wall T100 Rockwool Stainless steel 304/Stainless steel 304,,,P10077,Clean Room,TRUE,FALSE,Service,Make to Order,Manufacture,,Standard Price,,Wall,sqm,sqm,,Real Time (automated),1,1,
product_product_78,Wall T100 Rockwool Color steel sheet/Stainless steel 304,,,P10078,Clean Room,TRUE,FALSE,Service,Make to Order,Manufacture,,Standard Price,,Wall,sqm,sqm,,Real Time (automated),1,1,
product_product_79,Wall T100 Rockwool Galvanized steel sheet/Stainless steel 305,,,P10079,Clean Room,TRUE,FALSE,Service,Make to Order,Manufacture,,Standard Price,,Wall,sqm,sqm,,Real Time (automated),1,1,
product_product_80,Wall T125 Rockwool Color steel sheet/Color steel sheet,,,P10080,Clean Room,TRUE,FALSE,Service,Make to Order,Manufacture,,Standard Price,,Wall,sqm,sqm,,Real Time (automated),1,1,
product_product_81,Wall T125 Rockwool Color steel sheet/Galvanized steel sheet,,,P10081,Clean Room,TRUE,FALSE,Service,Make to Order,Manufacture,,Standard Price,,Wall,sqm,sqm,,Real Time (automated),1,1,
product_product_82,Wall T125 Rockwool Galvanized steel sheet/Galvanized steel sheet,,,P10082,Clean Room,TRUE,FALSE,Service,Make to Order,Manufacture,,Standard Price,,Wall,sqm,sqm,,Real Time (automated),1,1,
product_product_83,Wall T125 Rockwool Stainless steel 304/Stainless steel 304,,,P10083,Clean Room,TRUE,FALSE,Service,Make to Order,Manufacture,,Standard Price,,Wall,sqm,sqm,,Real Time (automated),1,1,
product_product_84,Wall T125 Rockwool Color steel sheet/Stainless steel 304,,,P10084,Clean Room,TRUE,FALSE,Service,Make to Order,Manufacture,,Standard Price,,Wall,sqm,sqm,,Real Time (automated),1,1,
product_product_85,Wall T125 Rockwool Galvanized steel sheet/Stainless steel 305,,,P10085,Clean Room,TRUE,FALSE,Service,Make to Order,Manufacture,,Standard Price,,Wall,sqm,sqm,,Real Time (automated),1,1,
product_product_86,Wall T150 Rockwool Color steel sheet/Color steel sheet,,,P10086,Clean Room,TRUE,FALSE,Service,Make to Order,Manufacture,,Standard Price,,Wall,sqm,sqm,,Real Time (automated),1,1,
product_product_87,Wall T150 Rockwool Color steel sheet/Galvanized steel sheet,,,P10087,Clean Room,TRUE,FALSE,Service,Make to Order,Manufacture,,Standard Price,,Wall,sqm,sqm,,Real Time (automated),1,1,
product_product_88,Wall T150 Rockwool Galvanized steel sheet/Galvanized steel sheet,,,P10088,Clean Room,TRUE,FALSE,Service,Make to Order,Manufacture,,Standard Price,,Wall,sqm,sqm,,Real Time (automated),1,1,
product_product_89,Wall T150 Rockwool Stainless steel 304/Stainless steel 304,,,P10089,Clean Room,TRUE,FALSE,Service,Make to Order,Manufacture,,Standard Price,,Wall,sqm,sqm,,Real Time (automated),1,1,
product_product_90,Wall T150 Rockwool Color steel sheet/Stainless steel 304,,,P10090,Clean Room,TRUE,FALSE,Service,Make to Order,Manufacture,,Standard Price,,Wall,sqm,sqm,,Real Time (automated),1,1,
product_product_91,Wall T150 Rockwool Galvanized steel sheet/Stainless steel 305,,,P10091,Clean Room,TRUE,FALSE,Service,Make to Order,Manufacture,,Standard Price,,Wall,sqm,sqm,,Real Time (automated),1,1,
product_product_92,Wall T200 Rockwool Color steel sheet/Color steel sheet,,,P10092,Clean Room,TRUE,FALSE,Service,Make to Order,Manufacture,,Standard Price,,Wall,sqm,sqm,,Real Time (automated),1,1,
product_product_93,Wall T200 Rockwool Color steel sheet/Galvanized steel sheet,,,P10093,Clean Room,TRUE,FALSE,Service,Make to Order,Manufacture,,Standard Price,,Wall,sqm,sqm,,Real Time (automated),1,1,
product_product_94,Wall T200 Rockwool Galvanized steel sheet/Galvanized steel sheet,,,P10094,Clean Room,TRUE,FALSE,Service,Make to Order,Manufacture,,Standard Price,,Wall,sqm,sqm,,Real Time (automated),1,1,
product_product_95,Wall T200 Rockwool Stainless steel 304/Stainless steel 304,,,P10095,Clean Room,TRUE,FALSE,Service,Make to Order,Manufacture,,Standard Price,,Wall,sqm,sqm,,Real Time (automated),1,1,
product_product_96,Wall T200 Rockwool Color steel sheet/Stainless steel 304,,,P10096,Clean Room,TRUE,FALSE,Service,Make to Order,Manufacture,,Standard Price,,Wall,sqm,sqm,,Real Time (automated),1,1,
product_product_97,Wall T200 Rockwool Galvanized steel sheet/Stainless steel 305,,,P10097,Clean Room,TRUE,FALSE,Service,Make to Order,Manufacture,,Standard Price,,Wall,sqm,sqm,,Real Time (automated),1,1,
product_product_98,Wall T25 PIR Color steel sheet/Color steel sheet,,,P10098,Clean Room,TRUE,FALSE,Service,Make to Order,Manufacture,,Standard Price,,Wall,sqm,sqm,,Real Time (automated),1,1,
product_product_99,Wall T25 PIR Color steel sheet/Galvanized steel sheet,,,P10099,Clean Room,TRUE,FALSE,Service,Make to Order,Manufacture,,Standard Price,,Wall,sqm,sqm,,Real Time (automated),1,1,
product_product_100,Wall T25 PIR Galvanized steel sheet/Galvanized steel sheet,,,P10100,Clean Room,TRUE,FALSE,Service,Make to Order,Manufacture,,Standard Price,,Wall,sqm,sqm,,Real Time (automated),1,1,
product_product_101,Wall T25 PIR Stainless steel 304/Stainless steel 304,,,P10101,Clean Room,TRUE,FALSE,Service,Make to Order,Manufacture,,Standard Price,,Wall,sqm,sqm,,Real Time (automated),1,1,
product_product_102,Wall T25 PIR Color steel sheet/Stainless steel 304,,,P10102,Clean Room,TRUE,FALSE,Service,Make to Order,Manufacture,,Standard Price,,Wall,sqm,sqm,,Real Time (automated),1,1,
product_product_103,Wall T25 PIR Galvanized steel sheet/Stainless steel 305,,,P10103,Clean Room,TRUE,FALSE,Service,Make to Order,Manufacture,,Standard Price,,Wall,sqm,sqm,,Real Time (automated),1,1,
product_product_104,Wall T42 PIR Color steel sheet/Color steel sheet,,,P10104,Clean Room,TRUE,FALSE,Service,Make to Order,Manufacture,,Standard Price,,Wall,sqm,sqm,,Real Time (automated),1,1,
product_product_105,Wall T42 PIR Color steel sheet/Galvanized steel sheet,,,P10105,Clean Room,TRUE,FALSE,Service,Make to Order,Manufacture,,Standard Price,,Wall,sqm,sqm,,Real Time (automated),1,1,
product_product_106,Wall T42 PIR Galvanized steel sheet/Galvanized steel sheet,,,P10106,Clean Room,TRUE,FALSE,Service,Make to Order,Manufacture,,Standard Price,,Wall,sqm,sqm,,Real Time (automated),1,1,
product_product_107,Wall T42 PIR Stainless steel 304/Stainless steel 304,,,P10107,Clean Room,TRUE,FALSE,Service,Make to Order,Manufacture,,Standard Price,,Wall,sqm,sqm,,Real Time (automated),1,1,
product_product_108,Wall T42 PIR Color steel sheet/Stainless steel 304,,,P10108,Clean Room,TRUE,FALSE,Service,Make to Order,Manufacture,,Standard Price,,Wall,sqm,sqm,,Real Time (automated),1,1,
product_product_109,Wall T42 PIR Galvanized steel sheet/Stainless steel 305,,,P10109,Clean Room,TRUE,FALSE,Service,Make to Order,Manufacture,,Standard Price,,Wall,sqm,sqm,,Real Time (automated),1,1,
product_product_110,Wall T50 PIR Color steel sheet/Color steel sheet,,,P10110,Clean Room,TRUE,FALSE,Service,Make to Order,Manufacture,,Standard Price,,Wall,sqm,sqm,,Real Time (automated),1,1,
product_product_111,Wall T50 PIR Color steel sheet/Galvanized steel sheet,,,P10111,Clean Room,TRUE,FALSE,Service,Make to Order,Manufacture,,Standard Price,,Wall,sqm,sqm,,Real Time (automated),1,1,
product_product_112,Wall T50 PIR Galvanized steel sheet/Galvanized steel sheet,,,P10112,Clean Room,TRUE,FALSE,Service,Make to Order,Manufacture,,Standard Price,,Wall,sqm,sqm,,Real Time (automated),1,1,
product_product_113,Wall T50 PIR Stainless steel 304/Stainless steel 304,,,P10113,Clean Room,TRUE,FALSE,Service,Make to Order,Manufacture,,Standard Price,,Wall,sqm,sqm,,Real Time (automated),1,1,
product_product_114,Wall T50 PIR Color steel sheet/Stainless steel 304,,,P10114,Clean Room,TRUE,FALSE,Service,Make to Order,Manufacture,,Standard Price,,Wall,sqm,sqm,,Real Time (automated),1,1,
product_product_115,Wall T50 PIR Galvanized steel sheet/Stainless steel 305,,,P10115,Clean Room,TRUE,FALSE,Service,Make to Order,Manufacture,,Standard Price,,Wall,sqm,sqm,,Real Time (automated),1,1,
product_product_116,Wall T75 PIR Color steel sheet/Color steel sheet,,,P10116,Clean Room,TRUE,FALSE,Service,Make to Order,Manufacture,,Standard Price,,Wall,sqm,sqm,,Real Time (automated),1,1,
product_product_117,Wall T75 PIR Color steel sheet/Galvanized steel sheet,,,P10117,Clean Room,TRUE,FALSE,Service,Make to Order,Manufacture,,Standard Price,,Wall,sqm,sqm,,Real Time (automated),1,1,
product_product_118,Wall T75 PIR Galvanized steel sheet/Galvanized steel sheet,,,P10118,Clean Room,TRUE,FALSE,Service,Make to Order,Manufacture,,Standard Price,,Wall,sqm,sqm,,Real Time (automated),1,1,
product_product_119,Wall T75 PIR Stainless steel 304/Stainless steel 304,,,P10119,Clean Room,TRUE,FALSE,Service,Make to Order,Manufacture,,Standard Price,,Wall,sqm,sqm,,Real Time (automated),1,1,
product_product_120,Wall T75 PIR Color steel sheet/Stainless steel 304,,,P10120,Clean Room,TRUE,FALSE,Service,Make to Order,Manufacture,,Standard Price,,Wall,sqm,sqm,,Real Time (automated),1,1,
product_product_121,Wall T75 PIR Galvanized steel sheet/Stainless steel 305,,,P10121,Clean Room,TRUE,FALSE,Service,Make to Order,Manufacture,,Standard Price,,Wall,sqm,sqm,,Real Time (automated),1,1,
product_product_122,Wall T100 PIR Color steel sheet/Color steel sheet,,,P10122,Clean Room,TRUE,FALSE,Service,Make to Order,Manufacture,,Standard Price,,Wall,sqm,sqm,,Real Time (automated),1,1,
product_product_123,Wall T100 PIR Color steel sheet/Galvanized steel sheet,,,P10123,Clean Room,TRUE,FALSE,Service,Make to Order,Manufacture,,Standard Price,,Wall,sqm,sqm,,Real Time (automated),1,1,
product_product_124,Wall T100 PIR Galvanized steel sheet/Galvanized steel sheet,,,P10124,Clean Room,TRUE,FALSE,Service,Make to Order,Manufacture,,Standard Price,,Wall,sqm,sqm,,Real Time (automated),1,1,
product_product_125,Wall T100 PIR Stainless steel 304/Stainless steel 304,,,P10125,Clean Room,TRUE,FALSE,Service,Make to Order,Manufacture,,Standard Price,,Wall,sqm,sqm,,Real Time (automated),1,1,
product_product_126,Wall T100 PIR Color steel sheet/Stainless steel 304,,,P10126,Clean Room,TRUE,FALSE,Service,Make to Order,Manufacture,,Standard Price,,Wall,sqm,sqm,,Real Time (automated),1,1,
product_product_127,Wall T100 PIR Galvanized steel sheet/Stainless steel 305,,,P10127,Clean Room,TRUE,FALSE,Service,Make to Order,Manufacture,,Standard Price,,Wall,sqm,sqm,,Real Time (automated),1,1,
product_product_128,Wall T125 PIR Color steel sheet/Color steel sheet,,,P10128,Clean Room,TRUE,FALSE,Service,Make to Order,Manufacture,,Standard Price,,Wall,sqm,sqm,,Real Time (automated),1,1,
product_product_129,Wall T125 PIR Color steel sheet/Galvanized steel sheet,,,P10129,Clean Room,TRUE,FALSE,Service,Make to Order,Manufacture,,Standard Price,,Wall,sqm,sqm,,Real Time (automated),1,1,
product_product_130,Wall T125 PIR Galvanized steel sheet/Galvanized steel sheet,,,P10130,Clean Room,TRUE,FALSE,Service,Make to Order,Manufacture,,Standard Price,,Wall,sqm,sqm,,Real Time (automated),1,1,
product_product_131,Wall T125 PIR Stainless steel 304/Stainless steel 304,,,P10131,Clean Room,TRUE,FALSE,Service,Make to Order,Manufacture,,Standard Price,,Wall,sqm,sqm,,Real Time (automated),1,1,
product_product_132,Wall T125 PIR Color steel sheet/Stainless steel 304,,,P10132,Clean Room,TRUE,FALSE,Service,Make to Order,Manufacture,,Standard Price,,Wall,sqm,sqm,,Real Time (automated),1,1,
product_product_133,Wall T125 PIR Galvanized steel sheet/Stainless steel 305,,,P10133,Clean Room,TRUE,FALSE,Service,Make to Order,Manufacture,,Standard Price,,Wall,sqm,sqm,,Real Time (automated),1,1,
product_product_134,Wall T150 PIR Color steel sheet/Color steel sheet,,,P10134,Clean Room,TRUE,FALSE,Service,Make to Order,Manufacture,,Standard Price,,Wall,sqm,sqm,,Real Time (automated),1,1,
product_product_135,Wall T150 PIR Color steel sheet/Galvanized steel sheet,,,P10135,Clean Room,TRUE,FALSE,Service,Make to Order,Manufacture,,Standard Price,,Wall,sqm,sqm,,Real Time (automated),1,1,
product_product_136,Wall T150 PIR Galvanized steel sheet/Galvanized steel sheet,,,P10136,Clean Room,TRUE,FALSE,Service,Make to Order,Manufacture,,Standard Price,,Wall,sqm,sqm,,Real Time (automated),1,1,
product_product_137,Wall T150 PIR Stainless steel 304/Stainless steel 304,,,P10137,Clean Room,TRUE,FALSE,Service,Make to Order,Manufacture,,Standard Price,,Wall,sqm,sqm,,Real Time (automated),1,1,
product_product_138,Wall T150 PIR Color steel sheet/Stainless steel 304,,,P10138,Clean Room,TRUE,FALSE,Service,Make to Order,Manufacture,,Standard Price,,Wall,sqm,sqm,,Real Time (automated),1,1,
product_product_139,Wall T150 PIR Galvanized steel sheet/Stainless steel 305,,,P10139,Clean Room,TRUE,FALSE,Service,Make to Order,Manufacture,,Standard Price,,Wall,sqm,sqm,,Real Time (automated),1,1,
product_product_140,Wall T200 PIR Color steel sheet/Color steel sheet,,,P10140,Clean Room,TRUE,FALSE,Service,Make to Order,Manufacture,,Standard Price,,Wall,sqm,sqm,,Real Time (automated),1,1,
product_product_141,Wall T200 PIR Color steel sheet/Galvanized steel sheet,,,P10141,Clean Room,TRUE,FALSE,Service,Make to Order,Manufacture,,Standard Price,,Wall,sqm,sqm,,Real Time (automated),1,1,
product_product_142,Wall T200 PIR Galvanized steel sheet/Galvanized steel sheet,,,P10142,Clean Room,TRUE,FALSE,Service,Make to Order,Manufacture,,Standard Price,,Wall,sqm,sqm,,Real Time (automated),1,1,
product_product_143,Wall T200 PIR Stainless steel 304/Stainless steel 304,,,P10143,Clean Room,TRUE,FALSE,Service,Make to Order,Manufacture,,Standard Price,,Wall,sqm,sqm,,Real Time (automated),1,1,
product_product_144,Wall T200 PIR Color steel sheet/Stainless steel 304,,,P10144,Clean Room,TRUE,FALSE,Service,Make to Order,Manufacture,,Standard Price,,Wall,sqm,sqm,,Real Time (automated),1,1,
product_product_145,Wall T200 PIR Galvanized steel sheet/Stainless steel 305,,,P10145,Clean Room,TRUE,FALSE,Service,Make to Order,Manufacture,,Standard Price,,Wall,sqm,sqm,,Real Time (automated),1,1,
product_product_146,Ceiling panel T25 PU.Foam Color steel sheet/Color steel sheet,,,P10146,Clean Room,TRUE,FALSE,Service,Make to Order,Manufacture,,Standard Price,,Ceiling,sqm,sqm,,Real Time (automated),1,1200,
product_product_147,Ceiling panel T25 PU.Foam Color steel sheet/Galvanized steel sheet,,,P10147,Clean Room,TRUE,FALSE,Service,Make to Order,Manufacture,,Standard Price,,Ceiling,sqm,sqm,,Real Time (automated),1,1150,
product_product_148,Ceiling panel T25 PU.Foam Galvanized steel sheet/Galvanized steel sheet,,,P10148,Clean Room,TRUE,FALSE,Service,Make to Order,Manufacture,,Standard Price,,Ceiling,sqm,sqm,,Real Time (automated),1,1100,
product_product_149,Ceiling panel T25 PU.Foam Stainless steel 304/Stainless steel 304,,,P10149,Clean Room,TRUE,FALSE,Service,Make to Order,Manufacture,,Standard Price,,Ceiling,sqm,sqm,,Real Time (automated),1,2700,
product_product_150,Ceiling panel T25 PU.Foam Color steel sheet/Stainless steel 304,,,P10150,Clean Room,TRUE,FALSE,Service,Make to Order,Manufacture,,Standard Price,,Ceiling,sqm,sqm,,Real Time (automated),1,1950,
product_product_151,Ceiling panel T25 PU.Foam Galvanized steel sheet/Stainless steel 305,,,P10151,Clean Room,TRUE,FALSE,Service,Make to Order,Manufacture,,Standard Price,,Ceiling,sqm,sqm,,Real Time (automated),1,1900,
product_product_152,Ceiling panel T42 PU.Foam Color steel sheet/Color steel sheet,,,P10152,Clean Room,TRUE,FALSE,Service,Make to Order,Manufacture,,Standard Price,,Ceiling,sqm,sqm,,Real Time (automated),1,1350,
product_product_153,Ceiling panel T42 PU.Foam Color steel sheet/Galvanized steel sheet,,,P10153,Clean Room,TRUE,FALSE,Service,Make to Order,Manufacture,,Standard Price,,Ceiling,sqm,sqm,,Real Time (automated),1,1300,
product_product_154,Ceiling panel T42 PU.Foam Galvanized steel sheet/Galvanized steel sheet,,,P10154,Clean Room,TRUE,FALSE,Service,Make to Order,Manufacture,,Standard Price,,Ceiling,sqm,sqm,,Real Time (automated),1,1250,
product_product_155,Ceiling panel T42 PU.Foam Stainless steel 304/Stainless steel 304,,,P10155,Clean Room,TRUE,FALSE,Service,Make to Order,Manufacture,,Standard Price,,Ceiling,sqm,sqm,,Real Time (automated),1,2850,
product_product_156,Ceiling panel T42 PU.Foam Color steel sheet/Stainless steel 304,,,P10156,Clean Room,TRUE,FALSE,Service,Make to Order,Manufacture,,Standard Price,,Ceiling,sqm,sqm,,Real Time (automated),1,2100,
product_product_157,Ceiling panel T42 PU.Foam Galvanized steel sheet/Stainless steel 305,,,P10157,Clean Room,TRUE,FALSE,Service,Make to Order,Manufacture,,Standard Price,,Ceiling,sqm,sqm,,Real Time (automated),1,2050,
product_product_158,Ceiling panel T50 PU.Foam Color steel sheet/Color steel sheet,,,P10158,Clean Room,TRUE,FALSE,Service,Make to Order,Manufacture,,Standard Price,,Ceiling,sqm,sqm,,Real Time (automated),1,1540,
product_product_159,Ceiling panel T50 PU.Foam Color steel sheet/Galvanized steel sheet,,,P10159,Clean Room,TRUE,FALSE,Service,Make to Order,Manufacture,,Standard Price,,Ceiling,sqm,sqm,,Real Time (automated),1,1500,
product_product_160,Ceiling panel T50 PU.Foam Galvanized steel sheet/Galvanized steel sheet,,,P10160,Clean Room,TRUE,FALSE,Service,Make to Order,Manufacture,,Standard Price,,Ceiling,sqm,sqm,,Real Time (automated),1,1450,
product_product_161,Ceiling panel T50 PU.Foam Stainless steel 304/Stainless steel 304,,,P10161,Clean Room,TRUE,FALSE,Service,Make to Order,Manufacture,,Standard Price,,Ceiling,sqm,sqm,,Real Time (automated),1,3040,
product_product_162,Ceiling panel T50 PU.Foam Color steel sheet/Stainless steel 304,,,P10162,Clean Room,TRUE,FALSE,Service,Make to Order,Manufacture,,Standard Price,,Ceiling,sqm,sqm,,Real Time (automated),1,2290,
product_product_163,Ceiling panel T50 PU.Foam Galvanized steel sheet/Stainless steel 305,,,P10163,Clean Room,TRUE,FALSE,Service,Make to Order,Manufacture,,Standard Price,,Ceiling,sqm,sqm,,Real Time (automated),1,2250,
product_product_164,Ceiling panel T75 PU.Foam Color steel sheet/Color steel sheet,,,P10164,Clean Room,TRUE,FALSE,Service,Make to Order,Manufacture,,Standard Price,,Ceiling,sqm,sqm,,Real Time (automated),1,1900,
product_product_165,Ceiling panel T75 PU.Foam Color steel sheet/Galvanized steel sheet,,,P10165,Clean Room,TRUE,FALSE,Service,Make to Order,Manufacture,,Standard Price,,Ceiling,sqm,sqm,,Real Time (automated),1,1850,
product_product_166,Ceiling panel T75 PU.Foam Galvanized steel sheet/Galvanized steel sheet,,,P10166,Clean Room,TRUE,FALSE,Service,Make to Order,Manufacture,,Standard Price,,Ceiling,sqm,sqm,,Real Time (automated),1,1800,
product_product_167,Ceiling panel T75 PU.Foam Stainless steel 304/Stainless steel 304,,,P10167,Clean Room,TRUE,FALSE,Service,Make to Order,Manufacture,,Standard Price,,Ceiling,sqm,sqm,,Real Time (automated),1,3400,
product_product_168,Ceiling panel T75 PU.Foam Color steel sheet/Stainless steel 304,,,P10168,Clean Room,TRUE,FALSE,Service,Make to Order,Manufacture,,Standard Price,,Ceiling,sqm,sqm,,Real Time (automated),1,2650,
product_product_169,Ceiling panel T75 PU.Foam Galvanized steel sheet/Stainless steel 305,,,P10169,Clean Room,TRUE,FALSE,Service,Make to Order,Manufacture,,Standard Price,,Ceiling,sqm,sqm,,Real Time (automated),1,2600,
product_product_170,Ceiling panel T100 PU.Foam Color steel sheet/Color steel sheet,,,P10170,Clean Room,TRUE,FALSE,Service,Make to Order,Manufacture,,Standard Price,,Ceiling,sqm,sqm,,Real Time (automated),1,2000,
product_product_171,Ceiling panel T100 PU.Foam Color steel sheet/Galvanized steel sheet,,,P10171,Clean Room,TRUE,FALSE,Service,Make to Order,Manufacture,,Standard Price,,Ceiling,sqm,sqm,,Real Time (automated),1,1900,
product_product_172,Ceiling panel T100 PU.Foam Galvanized steel sheet/Galvanized steel sheet,,,P10172,Clean Room,TRUE,FALSE,Service,Make to Order,Manufacture,,Standard Price,,Ceiling,sqm,sqm,,Real Time (automated),1,1850,
product_product_173,Ceiling panel T100 PU.Foam Stainless steel 304/Stainless steel 304,,,P10173,Clean Room,TRUE,FALSE,Service,Make to Order,Manufacture,,Standard Price,,Ceiling,sqm,sqm,,Real Time (automated),1,3500,
product_product_174,Ceiling panel T100 PU.Foam Color steel sheet/Stainless steel 304,,,P10174,Clean Room,TRUE,FALSE,Service,Make to Order,Manufacture,,Standard Price,,Ceiling,sqm,sqm,,Real Time (automated),1,2750,
product_product_175,Ceiling panel T100 PU.Foam Galvanized steel sheet/Stainless steel 305,,,P10175,Clean Room,TRUE,FALSE,Service,Make to Order,Manufacture,,Standard Price,,Ceiling,sqm,sqm,,Real Time (automated),1,2650,
product_product_176,Ceiling panel T125 PU.Foam Color steel sheet/Color steel sheet,,,P10176,Clean Room,TRUE,FALSE,Service,Make to Order,Manufacture,,Standard Price,,Ceiling,sqm,sqm,,Real Time (automated),1,1,
product_product_177,Ceiling panel T125 PU.Foam Color steel sheet/Galvanized steel sheet,,,P10177,Clean Room,TRUE,FALSE,Service,Make to Order,Manufacture,,Standard Price,,Ceiling,sqm,sqm,,Real Time (automated),1,1,
product_product_178,Ceiling panel T125 PU.Foam Galvanized steel sheet/Galvanized steel sheet,,,P10178,Clean Room,TRUE,FALSE,Service,Make to Order,Manufacture,,Standard Price,,Ceiling,sqm,sqm,,Real Time (automated),1,1,
product_product_179,Ceiling panel T125 PU.Foam Stainless steel 304/Stainless steel 304,,,P10179,Clean Room,TRUE,FALSE,Service,Make to Order,Manufacture,,Standard Price,,Ceiling,sqm,sqm,,Real Time (automated),1,1,
product_product_180,Ceiling panel T125 PU.Foam Color steel sheet/Stainless steel 304,,,P10180,Clean Room,TRUE,FALSE,Service,Make to Order,Manufacture,,Standard Price,,Ceiling,sqm,sqm,,Real Time (automated),1,1,
product_product_181,Ceiling panel T125 PU.Foam Galvanized steel sheet/Stainless steel 305,,,P10181,Clean Room,TRUE,FALSE,Service,Make to Order,Manufacture,,Standard Price,,Ceiling,sqm,sqm,,Real Time (automated),1,1,
product_product_182,Ceiling panel T150 PU.Foam Color steel sheet/Color steel sheet,,,P10182,Clean Room,TRUE,FALSE,Service,Make to Order,Manufacture,,Standard Price,,Ceiling,sqm,sqm,,Real Time (automated),1,1,
product_product_183,Ceiling panel T150 PU.Foam Color steel sheet/Galvanized steel sheet,,,P10183,Clean Room,TRUE,FALSE,Service,Make to Order,Manufacture,,Standard Price,,Ceiling,sqm,sqm,,Real Time (automated),1,1,
product_product_184,Ceiling panel T150 PU.Foam Galvanized steel sheet/Galvanized steel sheet,,,P10184,Clean Room,TRUE,FALSE,Service,Make to Order,Manufacture,,Standard Price,,Ceiling,sqm,sqm,,Real Time (automated),1,1,
product_product_185,Ceiling panel T150 PU.Foam Stainless steel 304/Stainless steel 304,,,P10185,Clean Room,TRUE,FALSE,Service,Make to Order,Manufacture,,Standard Price,,Ceiling,sqm,sqm,,Real Time (automated),1,1,
product_product_186,Ceiling panel T150 PU.Foam Color steel sheet/Stainless steel 304,,,P10186,Clean Room,TRUE,FALSE,Service,Make to Order,Manufacture,,Standard Price,,Ceiling,sqm,sqm,,Real Time (automated),1,1,
product_product_187,Ceiling panel T150 PU.Foam Galvanized steel sheet/Stainless steel 305,,,P10187,Clean Room,TRUE,FALSE,Service,Make to Order,Manufacture,,Standard Price,,Ceiling,sqm,sqm,,Real Time (automated),1,1,
product_product_188,Ceiling panel T200 PU.Foam Color steel sheet/Color steel sheet,,,P10188,Clean Room,TRUE,FALSE,Service,Make to Order,Manufacture,,Standard Price,,Ceiling,sqm,sqm,,Real Time (automated),1,3200,
product_product_189,Ceiling panel T200 PU.Foam Color steel sheet/Galvanized steel sheet,,,P10189,Clean Room,TRUE,FALSE,Service,Make to Order,Manufacture,,Standard Price,,Ceiling,sqm,sqm,,Real Time (automated),1,3150,
product_product_190,Ceiling panel T200 PU.Foam Galvanized steel sheet/Galvanized steel sheet,,,P10190,Clean Room,TRUE,FALSE,Service,Make to Order,Manufacture,,Standard Price,,Ceiling,sqm,sqm,,Real Time (automated),1,3100,
product_product_191,Ceiling panel T200 PU.Foam Stainless steel 304/Stainless steel 304,,,P10191,Clean Room,TRUE,FALSE,Service,Make to Order,Manufacture,,Standard Price,,Ceiling,sqm,sqm,,Real Time (automated),1,4700,
product_product_192,Ceiling panel T200 PU.Foam Color steel sheet/Stainless steel 304,,,P10192,Clean Room,TRUE,FALSE,Service,Make to Order,Manufacture,,Standard Price,,Ceiling,sqm,sqm,,Real Time (automated),1,3950,
product_product_193,Ceiling panel T200 PU.Foam Galvanized steel sheet/Stainless steel 305,,,P10193,Clean Room,TRUE,FALSE,Service,Make to Order,Manufacture,,Standard Price,,Ceiling,sqm,sqm,,Real Time (automated),1,3900,
product_product_194,Ceiling panel T25 Rockwool Color steel sheet/Color steel sheet,,,P10194,Clean Room,TRUE,FALSE,Service,Make to Order,Manufacture,,Standard Price,,Ceiling,sqm,sqm,,Real Time (automated),1,1,
product_product_195,Ceiling panel T25 Rockwool Color steel sheet/Galvanized steel sheet,,,P10195,Clean Room,TRUE,FALSE,Service,Make to Order,Manufacture,,Standard Price,,Ceiling,sqm,sqm,,Real Time (automated),1,1,
product_product_196,Ceiling panel T25 Rockwool Galvanized steel sheet/Galvanized steel sheet,,,P10196,Clean Room,TRUE,FALSE,Service,Make to Order,Manufacture,,Standard Price,,Ceiling,sqm,sqm,,Real Time (automated),1,1,
product_product_197,Ceiling panel T25 Rockwool Stainless steel 304/Stainless steel 304,,,P10197,Clean Room,TRUE,FALSE,Service,Make to Order,Manufacture,,Standard Price,,Ceiling,sqm,sqm,,Real Time (automated),1,1,
product_product_198,Ceiling panel T25 Rockwool Color steel sheet/Stainless steel 304,,,P10198,Clean Room,TRUE,FALSE,Service,Make to Order,Manufacture,,Standard Price,,Ceiling,sqm,sqm,,Real Time (automated),1,1,
product_product_199,Ceiling panel T25 Rockwool Galvanized steel sheet/Stainless steel 305,,,P10199,Clean Room,TRUE,FALSE,Service,Make to Order,Manufacture,,Standard Price,,Ceiling,sqm,sqm,,Real Time (automated),1,1,
product_product_200,Ceiling panel T42 Rockwool Color steel sheet/Color steel sheet,,,P10200,Clean Room,TRUE,FALSE,Service,Make to Order,Manufacture,,Standard Price,,Ceiling,sqm,sqm,,Real Time (automated),1,1,
product_product_201,Ceiling panel T42 Rockwool Color steel sheet/Galvanized steel sheet,,,P10201,Clean Room,TRUE,FALSE,Service,Make to Order,Manufacture,,Standard Price,,Ceiling,sqm,sqm,,Real Time (automated),1,1,
product_product_202,Ceiling panel T42 Rockwool Galvanized steel sheet/Galvanized steel sheet,,,P10202,Clean Room,TRUE,FALSE,Service,Make to Order,Manufacture,,Standard Price,,Ceiling,sqm,sqm,,Real Time (automated),1,1,
product_product_203,Ceiling panel T42 Rockwool Stainless steel 304/Stainless steel 304,,,P10203,Clean Room,TRUE,FALSE,Service,Make to Order,Manufacture,,Standard Price,,Ceiling,sqm,sqm,,Real Time (automated),1,1,
product_product_204,Ceiling panel T42 Rockwool Color steel sheet/Stainless steel 304,,,P10204,Clean Room,TRUE,FALSE,Service,Make to Order,Manufacture,,Standard Price,,Ceiling,sqm,sqm,,Real Time (automated),1,1,
product_product_205,Ceiling panel T42 Rockwool Galvanized steel sheet/Stainless steel 305,,,P10205,Clean Room,TRUE,FALSE,Service,Make to Order,Manufacture,,Standard Price,,Ceiling,sqm,sqm,,Real Time (automated),1,1,
product_product_206,Ceiling panel T50 Rockwool Color steel sheet/Color steel sheet,,,P10206,Clean Room,TRUE,FALSE,Service,Make to Order,Manufacture,,Standard Price,,Ceiling,sqm,sqm,,Real Time (automated),1,1,
product_product_207,Ceiling panel T50 Rockwool Color steel sheet/Galvanized steel sheet,,,P10207,Clean Room,TRUE,FALSE,Service,Make to Order,Manufacture,,Standard Price,,Ceiling,sqm,sqm,,Real Time (automated),1,1,
product_product_208,Ceiling panel T50 Rockwool Galvanized steel sheet/Galvanized steel sheet,,,P10208,Clean Room,TRUE,FALSE,Service,Make to Order,Manufacture,,Standard Price,,Ceiling,sqm,sqm,,Real Time (automated),1,1,
product_product_209,Ceiling panel T50 Rockwool Stainless steel 304/Stainless steel 304,,,P10209,Clean Room,TRUE,FALSE,Service,Make to Order,Manufacture,,Standard Price,,Ceiling,sqm,sqm,,Real Time (automated),1,1,
product_product_210,Ceiling panel T50 Rockwool Color steel sheet/Stainless steel 304,,,P10210,Clean Room,TRUE,FALSE,Service,Make to Order,Manufacture,,Standard Price,,Ceiling,sqm,sqm,,Real Time (automated),1,1,
product_product_211,Ceiling panel T50 Rockwool Galvanized steel sheet/Stainless steel 305,,,P10211,Clean Room,TRUE,FALSE,Service,Make to Order,Manufacture,,Standard Price,,Ceiling,sqm,sqm,,Real Time (automated),1,1,
product_product_212,Ceiling panel T75 Rockwool Color steel sheet/Color steel sheet,,,P10212,Clean Room,TRUE,FALSE,Service,Make to Order,Manufacture,,Standard Price,,Ceiling,sqm,sqm,,Real Time (automated),1,1,
product_product_213,Ceiling panel T75 Rockwool Color steel sheet/Galvanized steel sheet,,,P10213,Clean Room,TRUE,FALSE,Service,Make to Order,Manufacture,,Standard Price,,Ceiling,sqm,sqm,,Real Time (automated),1,1,
product_product_214,Ceiling panel T75 Rockwool Galvanized steel sheet/Galvanized steel sheet,,,P10214,Clean Room,TRUE,FALSE,Service,Make to Order,Manufacture,,Standard Price,,Ceiling,sqm,sqm,,Real Time (automated),1,1,
product_product_215,Ceiling panel T75 Rockwool Stainless steel 304/Stainless steel 304,,,P10215,Clean Room,TRUE,FALSE,Service,Make to Order,Manufacture,,Standard Price,,Ceiling,sqm,sqm,,Real Time (automated),1,1,
product_product_216,Ceiling panel T75 Rockwool Color steel sheet/Stainless steel 304,,,P10216,Clean Room,TRUE,FALSE,Service,Make to Order,Manufacture,,Standard Price,,Ceiling,sqm,sqm,,Real Time (automated),1,1,
product_product_217,Ceiling panel T75 Rockwool Galvanized steel sheet/Stainless steel 305,,,P10217,Clean Room,TRUE,FALSE,Service,Make to Order,Manufacture,,Standard Price,,Ceiling,sqm,sqm,,Real Time (automated),1,1,
product_product_218,Ceiling panel T100 Rockwool Color steel sheet/Color steel sheet,,,P10218,Clean Room,TRUE,FALSE,Service,Make to Order,Manufacture,,Standard Price,,Ceiling,sqm,sqm,,Real Time (automated),1,1,
product_product_219,Ceiling panel T100 Rockwool Color steel sheet/Galvanized steel sheet,,,P10219,Clean Room,TRUE,FALSE,Service,Make to Order,Manufacture,,Standard Price,,Ceiling,sqm,sqm,,Real Time (automated),1,1,
product_product_220,Ceiling panel T100 Rockwool Galvanized steel sheet/Galvanized steel sheet,,,P10220,Clean Room,TRUE,FALSE,Service,Make to Order,Manufacture,,Standard Price,,Ceiling,sqm,sqm,,Real Time (automated),1,1,
product_product_221,Ceiling panel T100 Rockwool Stainless steel 304/Stainless steel 304,,,P10221,Clean Room,TRUE,FALSE,Service,Make to Order,Manufacture,,Standard Price,,Ceiling,sqm,sqm,,Real Time (automated),1,1,
product_product_222,Ceiling panel T100 Rockwool Color steel sheet/Stainless steel 304,,,P10222,Clean Room,TRUE,FALSE,Service,Make to Order,Manufacture,,Standard Price,,Ceiling,sqm,sqm,,Real Time (automated),1,1,
product_product_223,Ceiling panel T100 Rockwool Galvanized steel sheet/Stainless steel 305,,,P10223,Clean Room,TRUE,FALSE,Service,Make to Order,Manufacture,,Standard Price,,Ceiling,sqm,sqm,,Real Time (automated),1,1,
product_product_224,Ceiling panel T125 Rockwool Color steel sheet/Color steel sheet,,,P10224,Clean Room,TRUE,FALSE,Service,Make to Order,Manufacture,,Standard Price,,Ceiling,sqm,sqm,,Real Time (automated),1,1,
product_product_225,Ceiling panel T125 Rockwool Color steel sheet/Galvanized steel sheet,,,P10225,Clean Room,TRUE,FALSE,Service,Make to Order,Manufacture,,Standard Price,,Ceiling,sqm,sqm,,Real Time (automated),1,1,
product_product_226,Ceiling panel T125 Rockwool Galvanized steel sheet/Galvanized steel sheet,,,P10226,Clean Room,TRUE,FALSE,Service,Make to Order,Manufacture,,Standard Price,,Ceiling,sqm,sqm,,Real Time (automated),1,1,
product_product_227,Ceiling panel T125 Rockwool Stainless steel 304/Stainless steel 304,,,P10227,Clean Room,TRUE,FALSE,Service,Make to Order,Manufacture,,Standard Price,,Ceiling,sqm,sqm,,Real Time (automated),1,1,
product_product_228,Ceiling panel T125 Rockwool Color steel sheet/Stainless steel 304,,,P10228,Clean Room,TRUE,FALSE,Service,Make to Order,Manufacture,,Standard Price,,Ceiling,sqm,sqm,,Real Time (automated),1,1,
product_product_229,Ceiling panel T125 Rockwool Galvanized steel sheet/Stainless steel 305,,,P10229,Clean Room,TRUE,FALSE,Service,Make to Order,Manufacture,,Standard Price,,Ceiling,sqm,sqm,,Real Time (automated),1,1,
product_product_230,Ceiling panel T150 Rockwool Color steel sheet/Color steel sheet,,,P10230,Clean Room,TRUE,FALSE,Service,Make to Order,Manufacture,,Standard Price,,Ceiling,sqm,sqm,,Real Time (automated),1,1,
product_product_231,Ceiling panel T150 Rockwool Color steel sheet/Galvanized steel sheet,,,P10231,Clean Room,TRUE,FALSE,Service,Make to Order,Manufacture,,Standard Price,,Ceiling,sqm,sqm,,Real Time (automated),1,1,
product_product_232,Ceiling panel T150 Rockwool Galvanized steel sheet/Galvanized steel sheet,,,P10232,Clean Room,TRUE,FALSE,Service,Make to Order,Manufacture,,Standard Price,,Ceiling,sqm,sqm,,Real Time (automated),1,1,
product_product_233,Ceiling panel T150 Rockwool Stainless steel 304/Stainless steel 304,,,P10233,Clean Room,TRUE,FALSE,Service,Make to Order,Manufacture,,Standard Price,,Ceiling,sqm,sqm,,Real Time (automated),1,1,
product_product_234,Ceiling panel T150 Rockwool Color steel sheet/Stainless steel 304,,,P10234,Clean Room,TRUE,FALSE,Service,Make to Order,Manufacture,,Standard Price,,Ceiling,sqm,sqm,,Real Time (automated),1,1,
product_product_235,Ceiling panel T150 Rockwool Galvanized steel sheet/Stainless steel 305,,,P10235,Clean Room,TRUE,FALSE,Service,Make to Order,Manufacture,,Standard Price,,Ceiling,sqm,sqm,,Real Time (automated),1,1,
product_product_236,Ceiling panel T200 Rockwool Color steel sheet/Color steel sheet,,,P10236,Clean Room,TRUE,FALSE,Service,Make to Order,Manufacture,,Standard Price,,Ceiling,sqm,sqm,,Real Time (automated),1,1,
product_product_237,Ceiling panel T200 Rockwool Color steel sheet/Galvanized steel sheet,,,P10237,Clean Room,TRUE,FALSE,Service,Make to Order,Manufacture,,Standard Price,,Ceiling,sqm,sqm,,Real Time (automated),1,1,
product_product_238,Ceiling panel T200 Rockwool Galvanized steel sheet/Galvanized steel sheet,,,P10238,Clean Room,TRUE,FALSE,Service,Make to Order,Manufacture,,Standard Price,,Ceiling,sqm,sqm,,Real Time (automated),1,1,
product_product_239,Ceiling panel T200 Rockwool Stainless steel 304/Stainless steel 304,,,P10239,Clean Room,TRUE,FALSE,Service,Make to Order,Manufacture,,Standard Price,,Ceiling,sqm,sqm,,Real Time (automated),1,1,
product_product_240,Ceiling panel T200 Rockwool Color steel sheet/Stainless steel 304,,,P10240,Clean Room,TRUE,FALSE,Service,Make to Order,Manufacture,,Standard Price,,Ceiling,sqm,sqm,,Real Time (automated),1,1,
product_product_241,Ceiling panel T200 Rockwool Galvanized steel sheet/Stainless steel 305,,,P10241,Clean Room,TRUE,FALSE,Service,Make to Order,Manufacture,,Standard Price,,Ceiling,sqm,sqm,,Real Time (automated),1,1,
product_product_242,Ceiling panel T25 PIR Color steel sheet/Color steel sheet,,,P10242,Clean Room,TRUE,FALSE,Service,Make to Order,Manufacture,,Standard Price,,Ceiling,sqm,sqm,,Real Time (automated),1,1,
product_product_243,Ceiling panel T25 PIR Color steel sheet/Galvanized steel sheet,,,P10243,Clean Room,TRUE,FALSE,Service,Make to Order,Manufacture,,Standard Price,,Ceiling,sqm,sqm,,Real Time (automated),1,1,
product_product_244,Ceiling panel T25 PIR Galvanized steel sheet/Galvanized steel sheet,,,P10244,Clean Room,TRUE,FALSE,Service,Make to Order,Manufacture,,Standard Price,,Ceiling,sqm,sqm,,Real Time (automated),1,1,
product_product_245,Ceiling panel T25 PIR Stainless steel 304/Stainless steel 304,,,P10245,Clean Room,TRUE,FALSE,Service,Make to Order,Manufacture,,Standard Price,,Ceiling,sqm,sqm,,Real Time (automated),1,1,
product_product_246,Ceiling panel T25 PIR Color steel sheet/Stainless steel 304,,,P10246,Clean Room,TRUE,FALSE,Service,Make to Order,Manufacture,,Standard Price,,Ceiling,sqm,sqm,,Real Time (automated),1,1,
product_product_247,Ceiling panel T25 PIR Galvanized steel sheet/Stainless steel 305,,,P10247,Clean Room,TRUE,FALSE,Service,Make to Order,Manufacture,,Standard Price,,Ceiling,sqm,sqm,,Real Time (automated),1,1,
product_product_248,Ceiling panel T42 PIR Color steel sheet/Color steel sheet,,,P10248,Clean Room,TRUE,FALSE,Service,Make to Order,Manufacture,,Standard Price,,Ceiling,sqm,sqm,,Real Time (automated),1,1,
product_product_249,Ceiling panel T42 PIR Color steel sheet/Galvanized steel sheet,,,P10249,Clean Room,TRUE,FALSE,Service,Make to Order,Manufacture,,Standard Price,,Ceiling,sqm,sqm,,Real Time (automated),1,1,
product_product_250,Ceiling panel T42 PIR Galvanized steel sheet/Galvanized steel sheet,,,P10250,Clean Room,TRUE,FALSE,Service,Make to Order,Manufacture,,Standard Price,,Ceiling,sqm,sqm,,Real Time (automated),1,1,
product_product_251,Ceiling panel T42 PIR Stainless steel 304/Stainless steel 304,,,P10251,Clean Room,TRUE,FALSE,Service,Make to Order,Manufacture,,Standard Price,,Ceiling,sqm,sqm,,Real Time (automated),1,1,
product_product_252,Ceiling panel T42 PIR Color steel sheet/Stainless steel 304,,,P10252,Clean Room,TRUE,FALSE,Service,Make to Order,Manufacture,,Standard Price,,Ceiling,sqm,sqm,,Real Time (automated),1,1,
product_product_253,Ceiling panel T42 PIR Galvanized steel sheet/Stainless steel 305,,,P10253,Clean Room,TRUE,FALSE,Service,Make to Order,Manufacture,,Standard Price,,Ceiling,sqm,sqm,,Real Time (automated),1,1,
product_product_254,Ceiling panel T50 PIR Color steel sheet/Color steel sheet,,,P10254,Clean Room,TRUE,FALSE,Service,Make to Order,Manufacture,,Standard Price,,Ceiling,sqm,sqm,,Real Time (automated),1,1,
product_product_255,Ceiling panel T50 PIR Color steel sheet/Galvanized steel sheet,,,P10255,Clean Room,TRUE,FALSE,Service,Make to Order,Manufacture,,Standard Price,,Ceiling,sqm,sqm,,Real Time (automated),1,1,
product_product_256,Ceiling panel T50 PIR Galvanized steel sheet/Galvanized steel sheet,,,P10256,Clean Room,TRUE,FALSE,Service,Make to Order,Manufacture,,Standard Price,,Ceiling,sqm,sqm,,Real Time (automated),1,1,
product_product_257,Ceiling panel T50 PIR Stainless steel 304/Stainless steel 304,,,P10257,Clean Room,TRUE,FALSE,Service,Make to Order,Manufacture,,Standard Price,,Ceiling,sqm,sqm,,Real Time (automated),1,1,
product_product_258,Ceiling panel T50 PIR Color steel sheet/Stainless steel 304,,,P10258,Clean Room,TRUE,FALSE,Service,Make to Order,Manufacture,,Standard Price,,Ceiling,sqm,sqm,,Real Time (automated),1,1,
product_product_259,Ceiling panel T50 PIR Galvanized steel sheet/Stainless steel 305,,,P10259,Clean Room,TRUE,FALSE,Service,Make to Order,Manufacture,,Standard Price,,Ceiling,sqm,sqm,,Real Time (automated),1,1,
product_product_260,Ceiling panel T75 PIR Color steel sheet/Color steel sheet,,,P10260,Clean Room,TRUE,FALSE,Service,Make to Order,Manufacture,,Standard Price,,Ceiling,sqm,sqm,,Real Time (automated),1,1,
product_product_261,Ceiling panel T75 PIR Color steel sheet/Galvanized steel sheet,,,P10261,Clean Room,TRUE,FALSE,Service,Make to Order,Manufacture,,Standard Price,,Ceiling,sqm,sqm,,Real Time (automated),1,1,
product_product_262,Ceiling panel T75 PIR Galvanized steel sheet/Galvanized steel sheet,,,P10262,Clean Room,TRUE,FALSE,Service,Make to Order,Manufacture,,Standard Price,,Ceiling,sqm,sqm,,Real Time (automated),1,1,
product_product_263,Ceiling panel T75 PIR Stainless steel 304/Stainless steel 304,,,P10263,Clean Room,TRUE,FALSE,Service,Make to Order,Manufacture,,Standard Price,,Ceiling,sqm,sqm,,Real Time (automated),1,1,
product_product_264,Ceiling panel T75 PIR Color steel sheet/Stainless steel 304,,,P10264,Clean Room,TRUE,FALSE,Service,Make to Order,Manufacture,,Standard Price,,Ceiling,sqm,sqm,,Real Time (automated),1,1,
product_product_265,Ceiling panel T75 PIR Galvanized steel sheet/Stainless steel 305,,,P10265,Clean Room,TRUE,FALSE,Service,Make to Order,Manufacture,,Standard Price,,Ceiling,sqm,sqm,,Real Time (automated),1,1,
product_product_266,Ceiling panel T100 PIR Color steel sheet/Color steel sheet,,,P10266,Clean Room,TRUE,FALSE,Service,Make to Order,Manufacture,,Standard Price,,Ceiling,sqm,sqm,,Real Time (automated),1,1,
product_product_267,Ceiling panel T100 PIR Color steel sheet/Galvanized steel sheet,,,P10267,Clean Room,TRUE,FALSE,Service,Make to Order,Manufacture,,Standard Price,,Ceiling,sqm,sqm,,Real Time (automated),1,1,
product_product_268,Ceiling panel T100 PIR Galvanized steel sheet/Galvanized steel sheet,,,P10268,Clean Room,TRUE,FALSE,Service,Make to Order,Manufacture,,Standard Price,,Ceiling,sqm,sqm,,Real Time (automated),1,1,
product_product_269,Ceiling panel T100 PIR Stainless steel 304/Stainless steel 304,,,P10269,Clean Room,TRUE,FALSE,Service,Make to Order,Manufacture,,Standard Price,,Ceiling,sqm,sqm,,Real Time (automated),1,1,
product_product_270,Ceiling panel T100 PIR Color steel sheet/Stainless steel 304,,,P10270,Clean Room,TRUE,FALSE,Service,Make to Order,Manufacture,,Standard Price,,Ceiling,sqm,sqm,,Real Time (automated),1,1,
product_product_271,Ceiling panel T100 PIR Galvanized steel sheet/Stainless steel 305,,,P10271,Clean Room,TRUE,FALSE,Service,Make to Order,Manufacture,,Standard Price,,Ceiling,sqm,sqm,,Real Time (automated),1,1,
product_product_272,Ceiling panel T125 PIR Color steel sheet/Color steel sheet,,,P10272,Clean Room,TRUE,FALSE,Service,Make to Order,Manufacture,,Standard Price,,Ceiling,sqm,sqm,,Real Time (automated),1,1,
product_product_273,Ceiling panel T125 PIR Color steel sheet/Galvanized steel sheet,,,P10273,Clean Room,TRUE,FALSE,Service,Make to Order,Manufacture,,Standard Price,,Ceiling,sqm,sqm,,Real Time (automated),1,1,
product_product_274,Ceiling panel T125 PIR Galvanized steel sheet/Galvanized steel sheet,,,P10274,Clean Room,TRUE,FALSE,Service,Make to Order,Manufacture,,Standard Price,,Ceiling,sqm,sqm,,Real Time (automated),1,1,
product_product_275,Ceiling panel T125 PIR Stainless steel 304/Stainless steel 304,,,P10275,Clean Room,TRUE,FALSE,Service,Make to Order,Manufacture,,Standard Price,,Ceiling,sqm,sqm,,Real Time (automated),1,1,
product_product_276,Ceiling panel T125 PIR Color steel sheet/Stainless steel 304,,,P10276,Clean Room,TRUE,FALSE,Service,Make to Order,Manufacture,,Standard Price,,Ceiling,sqm,sqm,,Real Time (automated),1,1,
product_product_277,Ceiling panel T125 PIR Galvanized steel sheet/Stainless steel 305,,,P10277,Clean Room,TRUE,FALSE,Service,Make to Order,Manufacture,,Standard Price,,Ceiling,sqm,sqm,,Real Time (automated),1,1,
product_product_278,Ceiling panel T150 PIR Color steel sheet/Color steel sheet,,,P10278,Clean Room,TRUE,FALSE,Service,Make to Order,Manufacture,,Standard Price,,Ceiling,sqm,sqm,,Real Time (automated),1,1,
product_product_279,Ceiling panel T150 PIR Color steel sheet/Galvanized steel sheet,,,P10279,Clean Room,TRUE,FALSE,Service,Make to Order,Manufacture,,Standard Price,,Ceiling,sqm,sqm,,Real Time (automated),1,1,
product_product_280,Ceiling panel T150 PIR Galvanized steel sheet/Galvanized steel sheet,,,P10280,Clean Room,TRUE,FALSE,Service,Make to Order,Manufacture,,Standard Price,,Ceiling,sqm,sqm,,Real Time (automated),1,1,
product_product_281,Ceiling panel T150 PIR Stainless steel 304/Stainless steel 304,,,P10281,Clean Room,TRUE,FALSE,Service,Make to Order,Manufacture,,Standard Price,,Ceiling,sqm,sqm,,Real Time (automated),1,1,
product_product_282,Ceiling panel T150 PIR Color steel sheet/Stainless steel 304,,,P10282,Clean Room,TRUE,FALSE,Service,Make to Order,Manufacture,,Standard Price,,Ceiling,sqm,sqm,,Real Time (automated),1,1,
product_product_283,Ceiling panel T150 PIR Galvanized steel sheet/Stainless steel 305,,,P10283,Clean Room,TRUE,FALSE,Service,Make to Order,Manufacture,,Standard Price,,Ceiling,sqm,sqm,,Real Time (automated),1,1,
product_product_284,Ceiling panel T200 PIR Color steel sheet/Color steel sheet,,,P10284,Clean Room,TRUE,FALSE,Service,Make to Order,Manufacture,,Standard Price,,Ceiling,sqm,sqm,,Real Time (automated),1,1,
product_product_285,Ceiling panel T200 PIR Color steel sheet/Galvanized steel sheet,,,P10285,Clean Room,TRUE,FALSE,Service,Make to Order,Manufacture,,Standard Price,,Ceiling,sqm,sqm,,Real Time (automated),1,1,
product_product_286,Ceiling panel T200 PIR Galvanized steel sheet/Galvanized steel sheet,,,P10286,Clean Room,TRUE,FALSE,Service,Make to Order,Manufacture,,Standard Price,,Ceiling,sqm,sqm,,Real Time (automated),1,1,
product_product_287,Ceiling panel T200 PIR Stainless steel 304/Stainless steel 304,,,P10287,Clean Room,TRUE,FALSE,Service,Make to Order,Manufacture,,Standard Price,,Ceiling,sqm,sqm,,Real Time (automated),1,1,
product_product_288,Ceiling panel T200 PIR Color steel sheet/Stainless steel 304,,,P10288,Clean Room,TRUE,FALSE,Service,Make to Order,Manufacture,,Standard Price,,Ceiling,sqm,sqm,,Real Time (automated),1,1,
product_product_289,Ceiling panel T200 PIR Galvanized steel sheet/Stainless steel 305,,,P10289,Clean Room,TRUE,FALSE,Service,Make to Order,Manufacture,,Standard Price,,Ceiling,sqm,sqm,,Real Time (automated),1,1,
product_product_290,Aluminium for fitting panel cover with PVC curve,,,P10290,Clean Room,TRUE,FALSE,Service,Make to Order,Manufacture,,Standard Price,,Others,m,m,,Real Time (automated),1,800,
product_product_291,Aluminium beam support ceiling panel,,,P10291,Clean Room,TRUE,FALSE,Service,Make to Order,Manufacture,,Standard Price,,Others,m,m,,Real Time (automated),1,1200,
product_product_292,"Other fitting parts (Silicone,bolt,nut,rivet&etc)",,,P10292,Clean Room,TRUE,FALSE,Service,Make to Order,Manufacture,,Standard Price,,Others,sqm,sqm,,Real Time (automated),1,300,
product_product_293,Single swing door Flat type,,,P10293,Clean Room,TRUE,FALSE,Service,Make to Order,Manufacture,,Standard Price,,Others,set,set,,Real Time (automated),1,1,
product_product_294,Double swing door Flat type,,,P10294,Clean Room,TRUE,FALSE,Service,Make to Order,Manufacture,,Standard Price,,Others,set,set,,Real Time (automated),1,1,
product_product_295,Single sliding door Normal type,,,P10295,Clean Room,TRUE,FALSE,Service,Make to Order,Manufacture,,Standard Price,,Others,set,set,,Real Time (automated),1,1,
product_product_296,Fixed window double glass Flat type,,,P10296,Clean Room,TRUE,FALSE,Service,Make to Order,Manufacture,,Standard Price,,Others,set,set,,Real Time (automated),1,12000,
product_product_297,Wall return air,,,P10297,Clean Room,TRUE,FALSE,Service,Make to Order,Manufacture,,Standard Price,,Others,set,set,,Real Time (automated),1,1,
product_product_298,Wall return air with hepa filter,,,P10298,Clean Room,TRUE,FALSE,Service,Make to Order,Manufacture,,Standard Price,,Others,set,set,,Real Time (automated),1,1,
product_product_299,Opening Panel with Aluminium Frame,,,P10299,Clean Room,TRUE,FALSE,Service,Make to Order,Manufacture,,Standard Price,,Others,set,set,,Real Time (automated),1,1200,
product_product_300,Pipe & Handy Box for Inside panel,,,P10300,Clean Room,TRUE,FALSE,Service,Make to Order,Manufacture,,Standard Price,,Others,set,set,,Real Time (automated),1,350,
product_product_301,Installation with C/R superivsor,,,P10301,Clean Room,TRUE,FALSE,Service,Make to Order,Manufacture,,Standard Price,,Others,sqm,sqm,,Real Time (automated),1,400,
product_product_302,Transporatation,,,P10302,Clean Room,TRUE,FALSE,Service,Make to Order,Manufacture,,Standard Price,,Others,lot,lot,,Real Time (automated),1,7000,
product_product_303,Double sliding door Normal type,,,P10303,Clean Room,TRUE,FALSE,Service,Make to Order,Manufacture,,Standard Price,,Others,set,set,,Real Time (automated),1,1,
product_product_304,Emergency single swing door Flat type,,,P10304,Clean Room,TRUE,FALSE,Service,Make to Order,Manufacture,,Standard Price,,Others,set,set,,Real Time (automated),1,40000,
product_product_305,Emergency double swing door Flat type,,,P10305,Clean Room,TRUE,FALSE,Service,Make to Order,Manufacture,,Standard Price,,Others,set,set,,Real Time (automated),1,55000,
product_product_306,Single swing door Flat type T42 PU.Form Color steel sheet/Color steel sheet,,,P10306,Clean Room,TRUE,FALSE,Service,Make to Order,Manufacture,,Standard Price,,Others,sqm,sqm,,Real Time (automated),1,25000,
product_product_307,Single swing door Flat type T42 PU.Form Stainless steel 304/Stainless steel 304,,,P10307,Clean Room,TRUE,FALSE,Service,Make to Order,Manufacture,,Standard Price,,Others,sqm,sqm,,Real Time (automated),1,30000,
product_product_308,Single swing door Flat type T50 PU.Form Color steel sheet/Color steel sheet,,,P10308,Clean Room,TRUE,FALSE,Service,Make to Order,Manufacture,,Standard Price,,Others,sqm,sqm,,Real Time (automated),1,27000,
product_product_309,Single swing door Flat type T50 PU.Form Stainless steel 304/Stainless steel 304,,,P10309,Clean Room,TRUE,FALSE,Service,Make to Order,Manufacture,,Standard Price,,Others,sqm,sqm,,Real Time (automated),1,34000,
product_product_310,Single sliding door Normal type T42 PU.Form Color steel sheet/Color steel sheet,,,P10310,Clean Room,TRUE,FALSE,Service,Make to Order,Manufacture,,Standard Price,,Others,sqm,sqm,,Real Time (automated),1,35000,
product_product_311,Single sliding door Normal type T42 PU.Form Stainless steel 304/Stainless steel 304,,,P10311,Clean Room,TRUE,FALSE,Service,Make to Order,Manufacture,,Standard Price,,Others,sqm,sqm,,Real Time (automated),1,40000,
product_product_312,Double sliding door Normal type T42 PU.Form Color steel sheet/Color steel sheet,,,P10312,Clean Room,TRUE,FALSE,Service,Make to Order,Manufacture,,Standard Price,,Others,sqm,sqm,,Real Time (automated),1,54000,
product_product_313,Double sliding door Normal type T42 PU.Form Stainless steel 304/Stainless steel 304,,,P10313,Clean Room,TRUE,FALSE,Service,Make to Order,Manufacture,,Standard Price,,Others,sqm,sqm,,Real Time (automated),1,60000,
product_product_314,Wall return air T100  Color steel sheet/Color steel sheet,,,P10314,Clean Room,TRUE,FALSE,Service,Make to Order,Manufacture,,Standard Price,,Others,sqm,sqm,,Real Time (automated),1,6000,
product_product_315,Wall return air T100  Stainless steel 304/Stainless steel 304,,,P10315,Clean Room,TRUE,FALSE,Service,Make to Order,Manufacture,,Standard Price,,Others,sqm,sqm,,Real Time (automated),1,12000,
product_product_316,Wall return air T200  Color steel sheet/Color steel sheet,,,P10316,Clean Room,TRUE,FALSE,Service,Make to Order,Manufacture,,Standard Price,,Others,sqm,sqm,,Real Time (automated),1,8000,
product_product_317,Wall return air T200  Stainless steel 304/Stainless steel 304,,,P10317,Clean Room,TRUE,FALSE,Service,Make to Order,Manufacture,,Standard Price,,Others,sqm,sqm,,Real Time (automated),1,16000,
product_product_318,Wall return air with hepa filter   Color steel sheet/Color steel sheet,,,P10318,Clean Room,TRUE,FALSE,Service,Make to Order,Manufacture,,Standard Price,,Others,sqm,sqm,,Real Time (automated),1,12000,
product_product_319,Wall return air with hepa filter   Stainless steel 304/Stainless steel 304,,,P10319,Clean Room,TRUE,FALSE,Service,Make to Order,Manufacture,,Standard Price,,Others,sqm,sqm,,Real Time (automated),1,20000,
product_product_320,Wall T25 PU.Foam OffWhite SpeedLock CB/CB,,,P10320,Cold Room,TRUE,FALSE,Service,Make to Order,Manufacture,,Standard Price,,Wall,sqm,sqm,,Real Time (automated),1,1,
product_product_321,Wall T25 PU.Foam Alpine SpeedLock CB/CB,,,P10321,Cold Room,TRUE,FALSE,Service,Make to Order,Manufacture,,Standard Price,,Wall,sqm,sqm,,Real Time (automated),1,1,
product_product_322,Wall T25 PU.Foam OffWhite SlipJoint CB/CB,,,P10322,Cold Room,TRUE,FALSE,Service,Make to Order,Manufacture,,Standard Price,,Wall,sqm,sqm,,Real Time (automated),1,1,
product_product_323,Wall T25 PU.Foam Alpine SlipJoint CB/CB,,,P10323,Cold Room,TRUE,FALSE,Service,Make to Order,Manufacture,,Standard Price,,Wall,sqm,sqm,,Real Time (automated),1,1,
product_product_324,Wall T25 PU.Foam OffWhite SpeedLock CB/ST,,,P10324,Cold Room,TRUE,FALSE,Service,Make to Order,Manufacture,,Standard Price,,Wall,sqm,sqm,,Real Time (automated),1,1,
product_product_325,Wall T25 PU.Foam Alpine SpeedLock CB/ST,,,P10325,Cold Room,TRUE,FALSE,Service,Make to Order,Manufacture,,Standard Price,,Wall,sqm,sqm,,Real Time (automated),1,1,
product_product_326,Wall T25 PU.Foam OffWhite SlipJoint CB/ST,,,P10326,Cold Room,TRUE,FALSE,Service,Make to Order,Manufacture,,Standard Price,,Wall,sqm,sqm,,Real Time (automated),1,1,
product_product_327,Wall T25 PU.Foam Alpine SlipJoint CB/ST,,,P10327,Cold Room,TRUE,FALSE,Service,Make to Order,Manufacture,,Standard Price,,Wall,sqm,sqm,,Real Time (automated),1,1,
product_product_328,Wall T25 PU.Foam OffWhite SpeedLock ST/ST,,,P10328,Cold Room,TRUE,FALSE,Service,Make to Order,Manufacture,,Standard Price,,Wall,sqm,sqm,,Real Time (automated),1,1,
product_product_329,Wall T25 PU.Foam Alpine SpeedLock ST/ST,,,P10329,Cold Room,TRUE,FALSE,Service,Make to Order,Manufacture,,Standard Price,,Wall,sqm,sqm,,Real Time (automated),1,1,
product_product_330,Wall T25 PU.Foam OffWhite SlipJoint ST/ST,,,P10330,Cold Room,TRUE,FALSE,Service,Make to Order,Manufacture,,Standard Price,,Wall,sqm,sqm,,Real Time (automated),1,1,
product_product_331,Wall T25 PU.Foam Alpine SlipJoint ST/ST,,,P10331,Cold Room,TRUE,FALSE,Service,Make to Order,Manufacture,,Standard Price,,Wall,sqm,sqm,,Real Time (automated),1,1,
product_product_332,Wall T42 PU.Foam OffWhite SpeedLock CB/CB,,,P10332,Cold Room,TRUE,FALSE,Service,Make to Order,Manufacture,,Standard Price,,Wall,sqm,sqm,,Real Time (automated),1,1,
product_product_333,Wall T42 PU.Foam Alpine SpeedLock CB/CB,,,P10333,Cold Room,TRUE,FALSE,Service,Make to Order,Manufacture,,Standard Price,,Wall,sqm,sqm,,Real Time (automated),1,1,
product_product_334,Wall T42 PU.Foam OffWhite SlipJoint CB/CB,,,P10334,Cold Room,TRUE,FALSE,Service,Make to Order,Manufacture,,Standard Price,,Wall,sqm,sqm,,Real Time (automated),1,1,
product_product_335,Wall T42 PU.Foam Alpine SlipJoint CB/CB,,,P10335,Cold Room,TRUE,FALSE,Service,Make to Order,Manufacture,,Standard Price,,Wall,sqm,sqm,,Real Time (automated),1,1,
product_product_336,Wall T42 PU.Foam OffWhite SpeedLock CB/ST,,,P10336,Cold Room,TRUE,FALSE,Service,Make to Order,Manufacture,,Standard Price,,Wall,sqm,sqm,,Real Time (automated),1,1,
product_product_337,Wall T42 PU.Foam Alpine SpeedLock CB/ST,,,P10337,Cold Room,TRUE,FALSE,Service,Make to Order,Manufacture,,Standard Price,,Wall,sqm,sqm,,Real Time (automated),1,1,
product_product_338,Wall T42 PU.Foam OffWhite SlipJoint CB/ST,,,P10338,Cold Room,TRUE,FALSE,Service,Make to Order,Manufacture,,Standard Price,,Wall,sqm,sqm,,Real Time (automated),1,1,
product_product_339,Wall T42 PU.Foam Alpine SlipJoint CB/ST,,,P10339,Cold Room,TRUE,FALSE,Service,Make to Order,Manufacture,,Standard Price,,Wall,sqm,sqm,,Real Time (automated),1,1,
product_product_340,Wall T42 PU.Foam OffWhite SpeedLock ST/ST,,,P10340,Cold Room,TRUE,FALSE,Service,Make to Order,Manufacture,,Standard Price,,Wall,sqm,sqm,,Real Time (automated),1,1,
product_product_341,Wall T42 PU.Foam Alpine SpeedLock ST/ST,,,P10341,Cold Room,TRUE,FALSE,Service,Make to Order,Manufacture,,Standard Price,,Wall,sqm,sqm,,Real Time (automated),1,1,
product_product_342,Wall T42 PU.Foam OffWhite SlipJoint ST/ST,,,P10342,Cold Room,TRUE,FALSE,Service,Make to Order,Manufacture,,Standard Price,,Wall,sqm,sqm,,Real Time (automated),1,1,
product_product_343,Wall T42 PU.Foam Alpine SlipJoint ST/ST,,,P10343,Cold Room,TRUE,FALSE,Service,Make to Order,Manufacture,,Standard Price,,Wall,sqm,sqm,,Real Time (automated),1,1,
product_product_344,Wall T50 PU.Foam OffWhite SpeedLock CB/CB,,,P10344,Cold Room,TRUE,FALSE,Service,Make to Order,Manufacture,,Standard Price,,Wall,sqm,sqm,,Real Time (automated),1,1,
product_product_345,Wall T50 PU.Foam Alpine SpeedLock CB/CB,,,P10345,Cold Room,TRUE,FALSE,Service,Make to Order,Manufacture,,Standard Price,,Wall,sqm,sqm,,Real Time (automated),1,1,
product_product_346,Wall T50 PU.Foam OffWhite SlipJoint CB/CB,,,P10346,Cold Room,TRUE,FALSE,Service,Make to Order,Manufacture,,Standard Price,,Wall,sqm,sqm,,Real Time (automated),1,1,
product_product_347,Wall T50 PU.Foam Alpine SlipJoint CB/CB,,,P10347,Cold Room,TRUE,FALSE,Service,Make to Order,Manufacture,,Standard Price,,Wall,sqm,sqm,,Real Time (automated),1,1,
product_product_348,Wall T50 PU.Foam OffWhite SpeedLock CB/ST,,,P10348,Cold Room,TRUE,FALSE,Service,Make to Order,Manufacture,,Standard Price,,Wall,sqm,sqm,,Real Time (automated),1,1,
product_product_349,Wall T50 PU.Foam Alpine SpeedLock CB/ST,,,P10349,Cold Room,TRUE,FALSE,Service,Make to Order,Manufacture,,Standard Price,,Wall,sqm,sqm,,Real Time (automated),1,1,
product_product_350,Wall T50 PU.Foam OffWhite SlipJoint CB/ST,,,P10350,Cold Room,TRUE,FALSE,Service,Make to Order,Manufacture,,Standard Price,,Wall,sqm,sqm,,Real Time (automated),1,1,
product_product_351,Wall T50 PU.Foam Alpine SlipJoint CB/ST,,,P10351,Cold Room,TRUE,FALSE,Service,Make to Order,Manufacture,,Standard Price,,Wall,sqm,sqm,,Real Time (automated),1,1,
product_product_352,Wall T50 PU.Foam OffWhite SpeedLock ST/ST,,,P10352,Cold Room,TRUE,FALSE,Service,Make to Order,Manufacture,,Standard Price,,Wall,sqm,sqm,,Real Time (automated),1,1,
product_product_353,Wall T50 PU.Foam Alpine SpeedLock ST/ST,,,P10353,Cold Room,TRUE,FALSE,Service,Make to Order,Manufacture,,Standard Price,,Wall,sqm,sqm,,Real Time (automated),1,1,
product_product_354,Wall T50 PU.Foam OffWhite SlipJoint ST/ST,,,P10354,Cold Room,TRUE,FALSE,Service,Make to Order,Manufacture,,Standard Price,,Wall,sqm,sqm,,Real Time (automated),1,1,
product_product_355,Wall T50 PU.Foam Alpine SlipJoint ST/ST,,,P10355,Cold Room,TRUE,FALSE,Service,Make to Order,Manufacture,,Standard Price,,Wall,sqm,sqm,,Real Time (automated),1,1,
product_product_356,Wall T75 PU.Foam OffWhite SpeedLock CB/CB,,,P10356,Cold Room,TRUE,FALSE,Service,Make to Order,Manufacture,,Standard Price,,Wall,sqm,sqm,,Real Time (automated),1,1,
product_product_357,Wall T75 PU.Foam Alpine SpeedLock CB/CB,,,P10357,Cold Room,TRUE,FALSE,Service,Make to Order,Manufacture,,Standard Price,,Wall,sqm,sqm,,Real Time (automated),1,1,
product_product_358,Wall T75 PU.Foam OffWhite SlipJoint CB/CB,,,P10358,Cold Room,TRUE,FALSE,Service,Make to Order,Manufacture,,Standard Price,,Wall,sqm,sqm,,Real Time (automated),1,1,
product_product_359,Wall T75 PU.Foam Alpine SlipJoint CB/CB,,,P10359,Cold Room,TRUE,FALSE,Service,Make to Order,Manufacture,,Standard Price,,Wall,sqm,sqm,,Real Time (automated),1,1,
product_product_360,Wall T75 PU.Foam OffWhite SpeedLock CB/ST,,,P10360,Cold Room,TRUE,FALSE,Service,Make to Order,Manufacture,,Standard Price,,Wall,sqm,sqm,,Real Time (automated),1,1,
product_product_361,Wall T75 PU.Foam Alpine SpeedLock CB/ST,,,P10361,Cold Room,TRUE,FALSE,Service,Make to Order,Manufacture,,Standard Price,,Wall,sqm,sqm,,Real Time (automated),1,1,
product_product_362,Wall T75 PU.Foam OffWhite SlipJoint CB/ST,,,P10362,Cold Room,TRUE,FALSE,Service,Make to Order,Manufacture,,Standard Price,,Wall,sqm,sqm,,Real Time (automated),1,1,
product_product_363,Wall T75 PU.Foam Alpine SlipJoint CB/ST,,,P10363,Cold Room,TRUE,FALSE,Service,Make to Order,Manufacture,,Standard Price,,Wall,sqm,sqm,,Real Time (automated),1,1,
product_product_364,Wall T75 PU.Foam OffWhite SpeedLock ST/ST,,,P10364,Cold Room,TRUE,FALSE,Service,Make to Order,Manufacture,,Standard Price,,Wall,sqm,sqm,,Real Time (automated),1,1,
product_product_365,Wall T75 PU.Foam Alpine SpeedLock ST/ST,,,P10365,Cold Room,TRUE,FALSE,Service,Make to Order,Manufacture,,Standard Price,,Wall,sqm,sqm,,Real Time (automated),1,1,
product_product_366,Wall T75 PU.Foam OffWhite SlipJoint ST/ST,,,P10366,Cold Room,TRUE,FALSE,Service,Make to Order,Manufacture,,Standard Price,,Wall,sqm,sqm,,Real Time (automated),1,1,
product_product_367,Wall T75 PU.Foam Alpine SlipJoint ST/ST,,,P10367,Cold Room,TRUE,FALSE,Service,Make to Order,Manufacture,,Standard Price,,Wall,sqm,sqm,,Real Time (automated),1,1,
product_product_368,Wall T100 PU.Foam OffWhite SpeedLock CB/CB,,,P10368,Cold Room,TRUE,FALSE,Service,Make to Order,Manufacture,,Standard Price,,Wall,sqm,sqm,,Real Time (automated),1,1,
product_product_369,Wall T100 PU.Foam Alpine SpeedLock CB/CB,,,P10369,Cold Room,TRUE,FALSE,Service,Make to Order,Manufacture,,Standard Price,,Wall,sqm,sqm,,Real Time (automated),1,1,
product_product_370,Wall T100 PU.Foam OffWhite SlipJoint CB/CB,,,P10370,Cold Room,TRUE,FALSE,Service,Make to Order,Manufacture,,Standard Price,,Wall,sqm,sqm,,Real Time (automated),1,1,
product_product_371,Wall T100 PU.Foam Alpine SlipJoint CB/CB,,,P10371,Cold Room,TRUE,FALSE,Service,Make to Order,Manufacture,,Standard Price,,Wall,sqm,sqm,,Real Time (automated),1,1,
product_product_372,Wall T100 PU.Foam OffWhite SpeedLock CB/ST,,,P10372,Cold Room,TRUE,FALSE,Service,Make to Order,Manufacture,,Standard Price,,Wall,sqm,sqm,,Real Time (automated),1,1,
product_product_373,Wall T100 PU.Foam Alpine SpeedLock CB/ST,,,P10373,Cold Room,TRUE,FALSE,Service,Make to Order,Manufacture,,Standard Price,,Wall,sqm,sqm,,Real Time (automated),1,1,
product_product_374,Wall T100 PU.Foam OffWhite SlipJoint CB/ST,,,P10374,Cold Room,TRUE,FALSE,Service,Make to Order,Manufacture,,Standard Price,,Wall,sqm,sqm,,Real Time (automated),1,1,
product_product_375,Wall T100 PU.Foam Alpine SlipJoint CB/ST,,,P10375,Cold Room,TRUE,FALSE,Service,Make to Order,Manufacture,,Standard Price,,Wall,sqm,sqm,,Real Time (automated),1,1,
product_product_376,Wall T100 PU.Foam OffWhite SpeedLock ST/ST,,,P10376,Cold Room,TRUE,FALSE,Service,Make to Order,Manufacture,,Standard Price,,Wall,sqm,sqm,,Real Time (automated),1,1,
product_product_377,Wall T100 PU.Foam Alpine SpeedLock ST/ST,,,P10377,Cold Room,TRUE,FALSE,Service,Make to Order,Manufacture,,Standard Price,,Wall,sqm,sqm,,Real Time (automated),1,1,
product_product_378,Wall T100 PU.Foam OffWhite SlipJoint ST/ST,,,P10378,Cold Room,TRUE,FALSE,Service,Make to Order,Manufacture,,Standard Price,,Wall,sqm,sqm,,Real Time (automated),1,1,
product_product_379,Wall T100 PU.Foam Alpine SlipJoint ST/ST,,,P10379,Cold Room,TRUE,FALSE,Service,Make to Order,Manufacture,,Standard Price,,Wall,sqm,sqm,,Real Time (automated),1,1,
product_product_380,Wall T125 PU.Foam OffWhite SpeedLock CB/CB,,,P10380,Cold Room,TRUE,FALSE,Service,Make to Order,Manufacture,,Standard Price,,Wall,sqm,sqm,,Real Time (automated),1,1,
product_product_381,Wall T125 PU.Foam Alpine SpeedLock CB/CB,,,P10381,Cold Room,TRUE,FALSE,Service,Make to Order,Manufacture,,Standard Price,,Wall,sqm,sqm,,Real Time (automated),1,1,
product_product_382,Wall T125 PU.Foam OffWhite SlipJoint CB/CB,,,P10382,Cold Room,TRUE,FALSE,Service,Make to Order,Manufacture,,Standard Price,,Wall,sqm,sqm,,Real Time (automated),1,1,
product_product_383,Wall T125 PU.Foam Alpine SlipJoint CB/CB,,,P10383,Cold Room,TRUE,FALSE,Service,Make to Order,Manufacture,,Standard Price,,Wall,sqm,sqm,,Real Time (automated),1,1,
product_product_384,Wall T125 PU.Foam OffWhite SpeedLock CB/ST,,,P10384,Cold Room,TRUE,FALSE,Service,Make to Order,Manufacture,,Standard Price,,Wall,sqm,sqm,,Real Time (automated),1,1,
product_product_385,Wall T125 PU.Foam Alpine SpeedLock CB/ST,,,P10385,Cold Room,TRUE,FALSE,Service,Make to Order,Manufacture,,Standard Price,,Wall,sqm,sqm,,Real Time (automated),1,1,
product_product_386,Wall T125 PU.Foam OffWhite SlipJoint CB/ST,,,P10386,Cold Room,TRUE,FALSE,Service,Make to Order,Manufacture,,Standard Price,,Wall,sqm,sqm,,Real Time (automated),1,1,
product_product_387,Wall T125 PU.Foam Alpine SlipJoint CB/ST,,,P10387,Cold Room,TRUE,FALSE,Service,Make to Order,Manufacture,,Standard Price,,Wall,sqm,sqm,,Real Time (automated),1,1,
product_product_388,Wall T125 PU.Foam OffWhite SpeedLock ST/ST,,,P10388,Cold Room,TRUE,FALSE,Service,Make to Order,Manufacture,,Standard Price,,Wall,sqm,sqm,,Real Time (automated),1,1,
product_product_389,Wall T125 PU.Foam Alpine SpeedLock ST/ST,,,P10389,Cold Room,TRUE,FALSE,Service,Make to Order,Manufacture,,Standard Price,,Wall,sqm,sqm,,Real Time (automated),1,1,
product_product_390,Wall T125 PU.Foam OffWhite SlipJoint ST/ST,,,P10390,Cold Room,TRUE,FALSE,Service,Make to Order,Manufacture,,Standard Price,,Wall,sqm,sqm,,Real Time (automated),1,1,
product_product_391,Wall T125 PU.Foam Alpine SlipJoint ST/ST,,,P10391,Cold Room,TRUE,FALSE,Service,Make to Order,Manufacture,,Standard Price,,Wall,sqm,sqm,,Real Time (automated),1,1,
product_product_392,Wall T150 PU.Foam OffWhite SpeedLock CB/CB,,,P10392,Cold Room,TRUE,FALSE,Service,Make to Order,Manufacture,,Standard Price,,Wall,sqm,sqm,,Real Time (automated),1,1,
product_product_393,Wall T150 PU.Foam Alpine SpeedLock CB/CB,,,P10393,Cold Room,TRUE,FALSE,Service,Make to Order,Manufacture,,Standard Price,,Wall,sqm,sqm,,Real Time (automated),1,1,
product_product_394,Wall T150 PU.Foam OffWhite SlipJoint CB/CB,,,P10394,Cold Room,TRUE,FALSE,Service,Make to Order,Manufacture,,Standard Price,,Wall,sqm,sqm,,Real Time (automated),1,1,
product_product_395,Wall T150 PU.Foam Alpine SlipJoint CB/CB,,,P10395,Cold Room,TRUE,FALSE,Service,Make to Order,Manufacture,,Standard Price,,Wall,sqm,sqm,,Real Time (automated),1,1,
product_product_396,Wall T150 PU.Foam OffWhite SpeedLock CB/ST,,,P10396,Cold Room,TRUE,FALSE,Service,Make to Order,Manufacture,,Standard Price,,Wall,sqm,sqm,,Real Time (automated),1,1,
product_product_397,Wall T150 PU.Foam Alpine SpeedLock CB/ST,,,P10397,Cold Room,TRUE,FALSE,Service,Make to Order,Manufacture,,Standard Price,,Wall,sqm,sqm,,Real Time (automated),1,1,
product_product_398,Wall T150 PU.Foam OffWhite SlipJoint CB/ST,,,P10398,Cold Room,TRUE,FALSE,Service,Make to Order,Manufacture,,Standard Price,,Wall,sqm,sqm,,Real Time (automated),1,1,
product_product_399,Wall T150 PU.Foam Alpine SlipJoint CB/ST,,,P10399,Cold Room,TRUE,FALSE,Service,Make to Order,Manufacture,,Standard Price,,Wall,sqm,sqm,,Real Time (automated),1,1,
product_product_400,Wall T150 PU.Foam OffWhite SpeedLock ST/ST,,,P10400,Cold Room,TRUE,FALSE,Service,Make to Order,Manufacture,,Standard Price,,Wall,sqm,sqm,,Real Time (automated),1,1,
product_product_401,Wall T150 PU.Foam Alpine SpeedLock ST/ST,,,P10401,Cold Room,TRUE,FALSE,Service,Make to Order,Manufacture,,Standard Price,,Wall,sqm,sqm,,Real Time (automated),1,1,
product_product_402,Wall T150 PU.Foam OffWhite SlipJoint ST/ST,,,P10402,Cold Room,TRUE,FALSE,Service,Make to Order,Manufacture,,Standard Price,,Wall,sqm,sqm,,Real Time (automated),1,1,
product_product_403,Wall T150 PU.Foam Alpine SlipJoint ST/ST,,,P10403,Cold Room,TRUE,FALSE,Service,Make to Order,Manufacture,,Standard Price,,Wall,sqm,sqm,,Real Time (automated),1,1,
product_product_404,39GAP02-05 W196 H496 ACCESS DOOR 013007,,,463P001,AHU ,TRUE,FALSE,Service,Make to Order,Manufacture,,Standard Price,,Wall,sqm,sqm,,Real Time (automated),1,1,
product_product_405,39GAP02-06 W196 H596 ACCESS DOOR 013008,,,463P002,AHU ,TRUE,FALSE,Service,Make to Order,Manufacture,,Standard Price,,Wall,sqm,sqm,,Real Time (automated),1,1,
product_product_406,39GAP02-07 W196 H696 ACCESS DOOR 013009,,,463P003,AHU ,TRUE,FALSE,Service,Make to Order,Manufacture,,Standard Price,,Wall,sqm,sqm,,Real Time (automated),1,1,
product_product_407,39GAP02-08 W196 H796 ACCESS DOOR 013010,,,463P004,AHU ,TRUE,FALSE,Service,Make to Order,Manufacture,,Standard Price,,Wall,sqm,sqm,,Real Time (automated),1,1,
product_product_408,39GAP02-09 W196 H896 ACCESS DOOR 013011,,,463P005,AHU ,TRUE,FALSE,Service,Make to Order,Manufacture,,Standard Price,,Wall,sqm,sqm,,Real Time (automated),1,1,
product_product_409,39GAP02-10 W196 H996 ACCESS DOOR 013012,,,463P006,AHU ,TRUE,FALSE,Service,Make to Order,Manufacture,,Standard Price,,Wall,sqm,sqm,,Real Time (automated),1,1,
product_product_410,39GAP02-11 W196 H1096 ACCESS DOOR 013013,,,463P007,AHU ,TRUE,FALSE,Service,Make to Order,Manufacture,,Standard Price,,Wall,sqm,sqm,,Real Time (automated),1,1,
product_product_411,39GAP02-12 W196 H1196 ACCESS DOOR 013014,,,463P008,AHU ,TRUE,FALSE,Service,Make to Order,Manufacture,,Standard Price,,Wall,sqm,sqm,,Real Time (automated),1,1,
product_product_412,39GAP02-13 W196 H1296 ACCESS DOOR 013015,,,463P009,AHU ,TRUE,FALSE,Service,Make to Order,Manufacture,,Standard Price,,Wall,sqm,sqm,,Real Time (automated),1,1,
product_product_413,39GAP02-14 W196 H1396 ACCESS DOOR 013016,,,463P010,AHU ,TRUE,FALSE,Service,Make to Order,Manufacture,,Standard Price,,Wall,sqm,sqm,,Real Time (automated),1,1,
product_product_414,39GAP02-15 W196 H1496 ACCESS DOOR 013017,,,463P011,AHU ,TRUE,FALSE,Service,Make to Order,Manufacture,,Standard Price,,Wall,sqm,sqm,,Real Time (automated),1,1,
product_product_415,39GAP02-16 W196 H1596 ACCESS DOOR 013018,,,463P012,AHU ,TRUE,FALSE,Service,Make to Order,Manufacture,,Standard Price,,Wall,sqm,sqm,,Real Time (automated),1,1,
product_product_416,39GAP02-17 W196 H1696 ACCESS DOOR 013019,,,463P013,AHU ,TRUE,FALSE,Service,Make to Order,Manufacture,,Standard Price,,Wall,sqm,sqm,,Real Time (automated),1,1,
product_product_417,39GAP02-18 W196 H1796 ACCESS DOOR 013020,,,463P014,AHU ,TRUE,FALSE,Service,Make to Order,Manufacture,,Standard Price,,Wall,sqm,sqm,,Real Time (automated),1,1,
product_product_418,39GAP02-19 W196 H1896 ACCESS DOOR 013021,,,463P015,AHU ,TRUE,FALSE,Service,Make to Order,Manufacture,,Standard Price,,Wall,sqm,sqm,,Real Time (automated),1,1,
product_product_419,39GAP02-20 W196 H1996 ACCESS DOOR 013022,,,463P016,AHU ,TRUE,FALSE,Service,Make to Order,Manufacture,,Standard Price,,Wall,sqm,sqm,,Real Time (automated),1,1,
product_product_420,39GAP02-21 W196 H2096 ACCESS DOOR 013023,,,463P017,AHU ,TRUE,FALSE,Service,Make to Order,Manufacture,,Standard Price,,Wall,sqm,sqm,,Real Time (automated),1,1,
product_product_421,39GAP02-22 W196 H2196 ACCESS DOOR 013024,,,463P018,AHU ,TRUE,FALSE,Service,Make to Order,Manufacture,,Standard Price,,Wall,sqm,sqm,,Real Time (automated),1,1,
product_product_422,39GAP02-23 W196 H2296 ACCESS DOOR 013025,,,463P019,AHU ,TRUE,FALSE,Service,Make to Order,Manufacture,,Standard Price,,Wall,sqm,sqm,,Real Time (automated),1,1,
product_product_423,39GAP02-24 W196 H2396 ACCESS DOOR 013026,,,463P020,AHU ,TRUE,FALSE,Service,Make to Order,Manufacture,,Standard Price,,Wall,sqm,sqm,,Real Time (automated),1,1,
product_product_424,39GAP02-25 W196 H2496 ACCESS DOOR 013027,,,463P021,AHU ,TRUE,FALSE,Service,Make to Order,Manufacture,,Standard Price,,Wall,sqm,sqm,,Real Time (automated),1,1,
product_product_425,39GAP02-26 W196 H2596 ACCESS DOOR 013028,,,463P022,AHU ,TRUE,FALSE,Service,Make to Order,Manufacture,,Standard Price,,Wall,sqm,sqm,,Real Time (automated),1,1,
product_product_426,PNL ASSY 25MM 0305 CL/GI W459 H769 T25,,,362-1AD0305CLGI,AHU ,TRUE,FALSE,Service,Make to Order,Manufacture,,Standard Price,,Wall,sqm,sqm,,Real Time (automated),1,1,
product_product_427,PNL ASSY 25MM 0306 CL/GI W459 H924 T25,,,362-1AD0306CLGI,AHU ,TRUE,FALSE,Service,Make to Order,Manufacture,,Standard Price,,Wall,sqm,sqm,,Real Time (automated),1,1,
product_product_428,PNL ASSY 25MM 0404 CL/CL W614 H614 T25,,,362-1AD0404CLCL,AHU ,TRUE,FALSE,Service,Make to Order,Manufacture,,Standard Price,,Wall,sqm,sqm,,Real Time (automated),1,1,
product_product_429,PNL ASSY 25MM 0404 CL/GI W614 H614 T25,,,362-1AD0404CLGI,AHU ,TRUE,FALSE,Service,Make to Order,Manufacture,,Standard Price,,Wall,sqm,sqm,,Real Time (automated),1,1,
product_product_430,PNL ASSY 25MM 0404 CL/SS W614 H614 T25,,,362-1AD0404CLSS,AHU ,TRUE,FALSE,Service,Make to Order,Manufacture,,Standard Price,,Wall,sqm,sqm,,Real Time (automated),1,1,
product_product_431,PNL ASSY 25MM 0405 CL/GI W614 H769 T25,,,362-1AD0405CLGI,AHU ,TRUE,FALSE,Service,Make to Order,Manufacture,,Standard Price,,Wall,sqm,sqm,,Real Time (automated),1,1,
product_product_432,PNL ASSY 25MM 0406 CL/CL W614 H924 T25,,,362-1AD0406CLCL,AHU ,TRUE,FALSE,Service,Make to Order,Manufacture,,Standard Price,,Wall,sqm,sqm,,Real Time (automated),1,1,
product_product_433,PNL ASSY 25MM 0406 CL/GI W614 H924 T25,,,362-1AD0406CLGI,AHU ,TRUE,FALSE,Service,Make to Order,Manufacture,,Standard Price,,Wall,sqm,sqm,,Real Time (automated),1,1,
