id,name,default_code,categ_id,partner_id,tag_ids,sale_ok,purchase_ok,is_one_time_use,type,procure_method,supply_method,cost_method,uom_id,uom_po_id,valuation,standard_price,list_price,taxes_id,supplier_taxes_id
product.product_cold_room_1,Wall panel (T) 50 mm. (Color steel sheet/Color steel sheet),,Non-Standard,,Cold Room,TRUE,FALSE,FALSE,Service,Make to Order,Manufacture,Standard Price,sqm,sqm,Periodical (manual),0,1540,Output VAT,Input VAT
product.product_cold_room_2,Ceiling panel (T) 50 mm. (Color steel sheet/Color steel sheet),,Non-Standard,,Cold Room,TRUE,FALSE,FALSE,Service,Make to Order,Manufacture,Standard Price,sqm,sqm,Periodical (manual),0,1600,Output VAT,Input VAT
product.product_cold_room_3,Floor panel (T) 50 mm. (Color steel sheet/Color steel sheet),,Non-Standard,,Cold Room,TRUE,FALSE,FALSE,Service,Make to Order,Manufacture,Standard Price,sqm,sqm,Periodical (manual),0,5700,Output VAT,Input VAT
product.product_cold_room_4,Floor insulation (T) 50 mm.,,Non-Standard,,Cold Room,TRUE,FALSE,FALSE,Service,Make to Order,Manufacture,Standard Price,sqm,sqm,Periodical (manual),0,900,Output VAT,Input VAT
product.product_cold_room_5,Room lamp (Water proof type),,Non-Standard,,Cold Room,TRUE,FALSE,FALSE,Service,Make to Order,Manufacture,Standard Price,set,set,Periodical (manual),0,10000,Output VAT,Input VAT
product.product_cold_room_6,"Single swing door (3 Frame) Size : (W) 800 x (H) 1,800 x (T) 50 mm.",,Non-Standard,,Cold Room,TRUE,FALSE,FALSE,Service,Make to Order,Manufacture,Standard Price,set,set,Periodical (manual),0,35000,Output VAT,Input VAT
product.product_cold_room_7,"Single swing door (3 Frame) Size : (W) 1,200 x (H) 2,000 x (T) 50 mm.",,Non-Standard,,Cold Room,TRUE,FALSE,FALSE,Service,Make to Order,Manufacture,Standard Price,set,set,Periodical (manual),0,40000,Output VAT,Input VAT
product.product_cold_room_8,"Single swing door (4 Frame) Size : (W) 800 x (H) 1,800 x (T) 50 mm.",,Non-Standard,,Cold Room,TRUE,FALSE,FALSE,Service,Make to Order,Manufacture,Standard Price,set,set,Periodical (manual),0,38000,Output VAT,Input VAT
product.product_cold_room_9,"Single swing door (4 Frame) Size : (W) 1,200 x (H) 2,000 x (T) 50 mm.",,Non-Standard,,Cold Room,TRUE,FALSE,FALSE,Service,Make to Order,Manufacture,Standard Price,set,set,Periodical (manual),0,43000,Output VAT,Input VAT
product.product_cold_room_10,"Double swing door (3 Frame) Size : (W) 1,600 x (H) 1,800 x (T) 50 mm.",,Non-Standard,,Cold Room,TRUE,FALSE,FALSE,Service,Make to Order,Manufacture,Standard Price,set,set,Periodical (manual),0,86000,Output VAT,Input VAT
product.product_cold_room_11,"Double swing door (3 Frame) Size : (W) 2,400 x (H) 2,000 x (T) 50 mm.",,Non-Standard,,Cold Room,TRUE,FALSE,FALSE,Service,Make to Order,Manufacture,Standard Price,set,set,Periodical (manual),0,96000,Output VAT,Input VAT
product.product_cold_room_12,"Double swing door (4 Frame) Size : (W) 1,600 x (H) 1,800 x (T) 50 mm.",,Non-Standard,,Cold Room,TRUE,FALSE,FALSE,Service,Make to Order,Manufacture,Standard Price,set,set,Periodical (manual),0,96000,Output VAT,Input VAT
product.product_cold_room_13,"Double swing door (4 Frame) Size : (W) 2,400 x (H) 2,000 x (T) 50 mm.",,Non-Standard,,Cold Room,TRUE,FALSE,FALSE,Service,Make to Order,Manufacture,Standard Price,set,set,Periodical (manual),0,106000,Output VAT,Input VAT
product.product_cold_room_14,"Sliding door (3 Frame) Size : (W) 800 x (H) 1,800 x (T) 75 mm.",,Non-Standard,,Cold Room,TRUE,FALSE,FALSE,Service,Make to Order,Manufacture,Standard Price,set,set,Periodical (manual),0,56000,Output VAT,Input VAT
product.product_cold_room_15,"Sliding door (3 Frame) Size : (W) 1,200 x (H) 2,000 x (T) 75 mm.",,Non-Standard,,Cold Room,TRUE,FALSE,FALSE,Service,Make to Order,Manufacture,Standard Price,set,set,Periodical (manual),0,60000,Output VAT,Input VAT
product.product_cold_room_16,"Sliding door (3 Frame) Size : (W) 2,400 x (H) 2,400 x (T) 75 mm.",,Non-Standard,,Cold Room,TRUE,FALSE,FALSE,Service,Make to Order,Manufacture,Standard Price,set,set,Periodical (manual),0,75000,Output VAT,Input VAT
product.product_cold_room_17,"Sliding door (4 Frame) Size : (W) 800 x (H) 1,800 x (T) 75 mm.",,Non-Standard,,Cold Room,TRUE,FALSE,FALSE,Service,Make to Order,Manufacture,Standard Price,set,set,Periodical (manual),0,62000,Output VAT,Input VAT
product.product_cold_room_18,"Sliding door (4 Frame) Size : (W) 1,200 x (H) 2,000 x (T) 75 mm.",,Non-Standard,,Cold Room,TRUE,FALSE,FALSE,Service,Make to Order,Manufacture,Standard Price,set,set,Periodical (manual),0,66000,Output VAT,Input VAT
product.product_cold_room_19,"Sliding door (4 Frame) Size : (W) 2,400 x (H) 2,400 x (T) 75 mm.",,Non-Standard,,Cold Room,TRUE,FALSE,FALSE,Service,Make to Order,Manufacture,Standard Price,set,set,Periodical (manual),0,80000,Output VAT,Input VAT
product.product_cold_room_20,PVC Strip curtain,,Non-Standard,,Cold Room,TRUE,FALSE,FALSE,Service,Make to Order,Manufacture,Standard Price,sqm,sqm,Periodical (manual),0,3500,Output VAT,Input VAT
product.product_cold_room_21,Pressure relief port,,Non-Standard,,Cold Room,TRUE,FALSE,FALSE,Service,Make to Order,Manufacture,Standard Price,set,set,Periodical (manual),0,5000,Output VAT,Input VAT
product.product_cold_room_22,Steel base for Cold Room,,Non-Standard,,Cold Room,TRUE,FALSE,FALSE,Service,Make to Order,Manufacture,Standard Price,sqm,sqm,Periodical (manual),0,6000,Output VAT,Input VAT
product.product_cold_room_23,"Other fitting parts (Silicone, bolt, nut, washer, rivet & etc.)",,Non-Standard,,Cold Room,TRUE,FALSE,FALSE,Service,Make to Order,Manufacture,Standard Price,sqm,sqm,Periodical (manual),0,400,Output VAT,Input VAT
product.product_cold_room_24,Floor heater with Thermostat,,Non-Standard,,Cold Room,TRUE,FALSE,FALSE,Service,Make to Order,Manufacture,Standard Price,set,set,Periodical (manual),0,40000,Output VAT,Input VAT
product.product_cold_room_25,Wall panel (T) 75 mm. (Color steel sheet/Color steel sheet),,Non-Standard,,Cold Room,TRUE,FALSE,FALSE,Service,Make to Order,Manufacture,Standard Price,sqm,sqm,Periodical (manual),0,1900,Output VAT,Input VAT
product.product_cold_room_26,Ceiling panel (T) 75 mm. (Color steel sheet/Color steel sheet),,Non-Standard,,Cold Room,TRUE,FALSE,FALSE,Service,Make to Order,Manufacture,Standard Price,sqm,sqm,Periodical (manual),0,1900,Output VAT,Input VAT
product.product_cold_room_27,Floor panel (T) 75 mm. (Color steel sheet/Color steel sheet),,Non-Standard,,Cold Room,TRUE,FALSE,FALSE,Service,Make to Order,Manufacture,Standard Price,sqm,sqm,Periodical (manual),0,5800,Output VAT,Input VAT
product.product_cold_room_28,Floor insulation (T) 75 mm.,,Non-Standard,,Cold Room,TRUE,FALSE,FALSE,Service,Make to Order,Manufacture,Standard Price,sqm,sqm,Periodical (manual),0,1150,Output VAT,Input VAT
product.product_cold_room_29,"Single swing door (3 Frame) Size : (W) 800 x (H) 1,800 x (T) 100 mm.",,Non-Standard,,Cold Room,TRUE,FALSE,FALSE,Service,Make to Order,Manufacture,Standard Price,set,set,Periodical (manual),0,48000,Output VAT,Input VAT
product.product_cold_room_30,"Single swing door (3 Frame) Size : (W) 1,200 x (H) 2,000 x (T) 100 mm.",,Non-Standard,,Cold Room,TRUE,FALSE,FALSE,Service,Make to Order,Manufacture,Standard Price,set,set,Periodical (manual),0,64000,Output VAT,Input VAT
product.product_cold_room_31,"Single swing door (4 Frame) Size : (W) 800 x (H) 1,800 x (T) 100 mm.",,Non-Standard,,Cold Room,TRUE,FALSE,FALSE,Service,Make to Order,Manufacture,Standard Price,set,set,Periodical (manual),0,51000,Output VAT,Input VAT
product.product_cold_room_32,"Single swing door (4 Frame) Size : (W) 1,200 x (H) 2,000 x (T) 100 mm.",,Non-Standard,,Cold Room,TRUE,FALSE,FALSE,Service,Make to Order,Manufacture,Standard Price,set,set,Periodical (manual),0,67000,Output VAT,Input VAT
product.product_cold_room_33,"Double swing door (3 Frame) Size : (W) 1,600 x (H) 1,800 x (T) 100 mm.",,Non-Standard,,Cold Room,TRUE,FALSE,FALSE,Service,Make to Order,Manufacture,Standard Price,set,set,Periodical (manual),0,96000,Output VAT,Input VAT
product.product_cold_room_34,"Double swing door (3 Frame) Size : (W) 2,400 x (H) 2,000 x (T) 100 mm.",,Non-Standard,,Cold Room,TRUE,FALSE,FALSE,Service,Make to Order,Manufacture,Standard Price,set,set,Periodical (manual),0,120000,Output VAT,Input VAT
product.product_cold_room_35,"Double swing door (4 Frame) Size : (W) 1,600 x (H) 1,800 x (T) 100 mm.",,Non-Standard,,Cold Room,TRUE,FALSE,FALSE,Service,Make to Order,Manufacture,Standard Price,set,set,Periodical (manual),0,102000,Output VAT,Input VAT
product.product_cold_room_36,"Double swing door (4 Frame) Size : (W) 2,400 x (H) 2,000 x (T) 100 mm.",,Non-Standard,,Cold Room,TRUE,FALSE,FALSE,Service,Make to Order,Manufacture,Standard Price,set,set,Periodical (manual),0,128000,Output VAT,Input VAT
product.product_cold_room_37,"Sliding door (3 Frame) Size : (W) 800 x (H) 1,800 x (T) 100 mm.",,Non-Standard,,Cold Room,TRUE,FALSE,FALSE,Service,Make to Order,Manufacture,Standard Price,set,set,Periodical (manual),0,65000,Output VAT,Input VAT
product.product_cold_room_38,"Sliding door (3 Frame) Size : (W) 1,200 x (H) 2,000 x (T) 100 mm.",,Non-Standard,,Cold Room,TRUE,FALSE,FALSE,Service,Make to Order,Manufacture,Standard Price,set,set,Periodical (manual),0,70000,Output VAT,Input VAT
product.product_cold_room_39,"Sliding door (3 Frame) Size : (W) 2,400 x (H) 2,400 x (T) 100 mm.",,Non-Standard,,Cold Room,TRUE,FALSE,FALSE,Service,Make to Order,Manufacture,Standard Price,set,set,Periodical (manual),0,85000,Output VAT,Input VAT
product.product_cold_room_40,"Sliding door (4 Frame) Size : (W) 800 x (H) 1,800 x (T) 100 mm.",,Non-Standard,,Cold Room,TRUE,FALSE,FALSE,Service,Make to Order,Manufacture,Standard Price,set,set,Periodical (manual),0,60000,Output VAT,Input VAT
product.product_cold_room_41,"Sliding door (4 Frame) Size : (W) 1,200 x (H) 2,000 x (T) 100 mm.",,Non-Standard,,Cold Room,TRUE,FALSE,FALSE,Service,Make to Order,Manufacture,Standard Price,set,set,Periodical (manual),0,68000,Output VAT,Input VAT
product.product_cold_room_42,"Sliding door (4 Frame) Size : (W) 2,400 x (H) 2,400 x (T) 100 mm.",,Non-Standard,,Cold Room,TRUE,FALSE,FALSE,Service,Make to Order,Manufacture,Standard Price,set,set,Periodical (manual),0,90000,Output VAT,Input VAT
product.product_cold_room_43,Wall panel (T) 100 mm. (Color steel sheet/Color steel sheet),,Non-Standard,,Cold Room,TRUE,FALSE,FALSE,Service,Make to Order,Manufacture,Standard Price,sqm,sqm,Periodical (manual),0,2200,Output VAT,Input VAT
product.product_cold_room_44,Ceiling panel (T) 100 mm. (Color steel sheet/Color steel sheet),,Non-Standard,,Cold Room,TRUE,FALSE,FALSE,Service,Make to Order,Manufacture,Standard Price,sqm,sqm,Periodical (manual),0,2200,Output VAT,Input VAT
product.product_cold_room_45,Floor panel (T) 100 mm. (Color steel sheet/Color steel sheet),,Non-Standard,,Cold Room,TRUE,FALSE,FALSE,Service,Make to Order,Manufacture,Standard Price,sqm,sqm,Periodical (manual),0,6000,Output VAT,Input VAT
product.product_cold_room_46,Floor insulation (T) 100 mm.,,Non-Standard,,Cold Room,TRUE,FALSE,FALSE,Service,Make to Order,Manufacture,Standard Price,sqm,sqm,Periodical (manual),0,1500,Output VAT,Input VAT
product.product_cold_room_47,"Single swing door (3 Frame) Size : (W) 800 x (H) 1,800 x (T) 100 mm.",,Non-Standard,,Cold Room,TRUE,FALSE,FALSE,Service,Make to Order,Manufacture,Standard Price,set,set,Periodical (manual),0,48000,Output VAT,Input VAT
product.product_cold_room_48,"Single swing door (3 Frame) Size : (W) 1,200 x (H) 2,000 x (T) 100 mm.",,Non-Standard,,Cold Room,TRUE,FALSE,FALSE,Service,Make to Order,Manufacture,Standard Price,set,set,Periodical (manual),0,64000,Output VAT,Input VAT
product.product_cold_room_49,"Single swing door (4 Frame) Size : (W) 800 x (H) 1,800 x (T) 100 mm.",,Non-Standard,,Cold Room,TRUE,FALSE,FALSE,Service,Make to Order,Manufacture,Standard Price,set,set,Periodical (manual),0,51000,Output VAT,Input VAT
product.product_cold_room_50,"Single swing door (4 Frame) Size : (W) 1,200 x (H) 2,000 x (T) 100 mm.",,Non-Standard,,Cold Room,TRUE,FALSE,FALSE,Service,Make to Order,Manufacture,Standard Price,set,set,Periodical (manual),0,67000,Output VAT,Input VAT
product.product_cold_room_51,"Double swing door (3 Frame) Size : (W) 1,600 x (H) 1,800 x (T) 100 mm.",,Non-Standard,,Cold Room,TRUE,FALSE,FALSE,Service,Make to Order,Manufacture,Standard Price,set,set,Periodical (manual),0,96000,Output VAT,Input VAT
product.product_cold_room_52,"Double swing door (3 Frame) Size : (W) 2,400 x (H) 2,000 x (T) 100 mm.",,Non-Standard,,Cold Room,TRUE,FALSE,FALSE,Service,Make to Order,Manufacture,Standard Price,set,set,Periodical (manual),0,120000,Output VAT,Input VAT
product.product_cold_room_53,"Double swing door (4 Frame) Size : (W) 1,600 x (H) 1,800 x (T) 100 mm.",,Non-Standard,,Cold Room,TRUE,FALSE,FALSE,Service,Make to Order,Manufacture,Standard Price,set,set,Periodical (manual),0,102000,Output VAT,Input VAT
product.product_cold_room_54,"Double swing door (4 Frame) Size : (W) 2,400 x (H) 2,000 x (T) 100 mm.",,Non-Standard,,Cold Room,TRUE,FALSE,FALSE,Service,Make to Order,Manufacture,Standard Price,set,set,Periodical (manual),0,128000,Output VAT,Input VAT
product.product_cold_room_55,"Sliding door (3 Frame) Size : (W) 800 x (H) 1,800 x (T) 100 mm.",,Non-Standard,,Cold Room,TRUE,FALSE,FALSE,Service,Make to Order,Manufacture,Standard Price,set,set,Periodical (manual),0,65000,Output VAT,Input VAT
product.product_cold_room_56,"Sliding door (3 Frame) Size : (W) 1,200 x (H) 2,000 x (T) 100 mm.",,Non-Standard,,Cold Room,TRUE,FALSE,FALSE,Service,Make to Order,Manufacture,Standard Price,set,set,Periodical (manual),0,70000,Output VAT,Input VAT
product.product_cold_room_57,"Sliding door (3 Frame) Size : (W) 2,400 x (H) 2,400 x (T) 100 mm.",,Non-Standard,,Cold Room,TRUE,FALSE,FALSE,Service,Make to Order,Manufacture,Standard Price,set,set,Periodical (manual),0,85000,Output VAT,Input VAT
product.product_cold_room_58,"Sliding door (4 Frame) Size : (W) 800 x (H) 1,800 x (T) 100 mm.",,Non-Standard,,Cold Room,TRUE,FALSE,FALSE,Service,Make to Order,Manufacture,Standard Price,set,set,Periodical (manual),0,68000,Output VAT,Input VAT
product.product_cold_room_59,"Sliding door (4 Frame) Size : (W) 1,200 x (H) 2,000 x (T) 100 mm.",,Non-Standard,,Cold Room,TRUE,FALSE,FALSE,Service,Make to Order,Manufacture,Standard Price,set,set,Periodical (manual),0,75000,Output VAT,Input VAT
product.product_cold_room_60,"Sliding door (4 Frame) Size : (W) 2,400 x (H) 2,400 x (T) 100 mm.",,Non-Standard,,Cold Room,TRUE,FALSE,FALSE,Service,Make to Order,Manufacture,Standard Price,set,set,Periodical (manual),0,90000,Output VAT,Input VAT
product.product_cold_room_61,Wall panel (T) 125 mm. (Color steel sheet/Color steel sheet),,Non-Standard,,Cold Room,TRUE,FALSE,FALSE,Service,Make to Order,Manufacture,Standard Price,sqm,sqm,Periodical (manual),0,2600,Output VAT,Input VAT
product.product_cold_room_62,Ceiling panel (T) 125 mm. (Color steel sheet/Color steel sheet),,Non-Standard,,Cold Room,TRUE,FALSE,FALSE,Service,Make to Order,Manufacture,Standard Price,sqm,sqm,Periodical (manual),0,2600,Output VAT,Input VAT
product.product_cold_room_63,Floor panel (T) 125 mm. (Color steel sheet/Color steel sheet),,Non-Standard,,Cold Room,TRUE,FALSE,FALSE,Service,Make to Order,Manufacture,Standard Price,sqm,sqm,Periodical (manual),0,6300,Output VAT,Input VAT
product.product_cold_room_64,Floor Insulation (T) 125 mm.,,Non-Standard,,Cold Room,TRUE,FALSE,FALSE,Service,Make to Order,Manufacture,Standard Price,sqm,sqm,Periodical (manual),0,1700,Output VAT,Input VAT
product.product_cold_room_65,"Single swing door (3 Frame) Size : (W) 800 x (H) 1,800 x (T) 125 mm.",,Non-Standard,,Cold Room,TRUE,FALSE,FALSE,Service,Make to Order,Manufacture,Standard Price,set,set,Periodical (manual),0,53000,Output VAT,Input VAT
product.product_cold_room_66,"Single swing door (3 Frame) Size : (W) 1,200 x (H) 2,000 x (T) 125 mm.",,Non-Standard,,Cold Room,TRUE,FALSE,FALSE,Service,Make to Order,Manufacture,Standard Price,set,set,Periodical (manual),0,68000,Output VAT,Input VAT
product.product_cold_room_67,"Single swing door (4 Frame) Size : (W) 800 x (H) 1,800 x (T) 125 mm.",,Non-Standard,,Cold Room,TRUE,FALSE,FALSE,Service,Make to Order,Manufacture,Standard Price,set,set,Periodical (manual),0,56000,Output VAT,Input VAT
product.product_cold_room_68,"Single swing door (4 Frame) Size : (W) 1,200 x (H) 2,000 x (T) 125 mm.",,Non-Standard,,Cold Room,TRUE,FALSE,FALSE,Service,Make to Order,Manufacture,Standard Price,set,set,Periodical (manual),0,70000,Output VAT,Input VAT
product.product_cold_room_69,"Double swing door (3 Frame) Size : (W) 1,600 x (H) 1,800 x (T) 125 mm.",,Non-Standard,,Cold Room,TRUE,FALSE,FALSE,Service,Make to Order,Manufacture,Standard Price,set,set,Periodical (manual),0,100000,Output VAT,Input VAT
product.product_cold_room_70,"Double swing door (3 Frame) Size : (W) 2,400 x (H) 2,000 x (T) 125 mm.",,Non-Standard,,Cold Room,TRUE,FALSE,FALSE,Service,Make to Order,Manufacture,Standard Price,set,set,Periodical (manual),0,130000,Output VAT,Input VAT
product.product_cold_room_71,"Double swing door (4 Frame) Size : (W) 1,600 x (H) 1,800 x (T) 125 mm.",,Non-Standard,,Cold Room,TRUE,FALSE,FALSE,Service,Make to Order,Manufacture,Standard Price,set,set,Periodical (manual),0,108000,Output VAT,Input VAT
product.product_cold_room_72,"Double swing door (4 Frame) Size : (W) 2,400 x (H) 2,000 x (T) 125 mm.",,Non-Standard,,Cold Room,TRUE,FALSE,FALSE,Service,Make to Order,Manufacture,Standard Price,set,set,Periodical (manual),0,134400,Output VAT,Input VAT
product.product_cold_room_73,"Sliding door (3 Frame) Size : (W) 800 x (H) 1,800 x (T) 125 mm.",,Non-Standard,,Cold Room,TRUE,FALSE,FALSE,Service,Make to Order,Manufacture,Standard Price,set,set,Periodical (manual),0,70000,Output VAT,Input VAT
product.product_cold_room_74,"Sliding door (3 Frame) Size : (W) 1,200 x (H) 2,000 x (T) 125 mm.",,Non-Standard,,Cold Room,TRUE,FALSE,FALSE,Service,Make to Order,Manufacture,Standard Price,set,set,Periodical (manual),0,85000,Output VAT,Input VAT
product.product_cold_room_75,"Sliding door (3 Frame) Size : (W) 2,400 x (H) 2,400 x (T) 125 mm.",,Non-Standard,,Cold Room,TRUE,FALSE,FALSE,Service,Make to Order,Manufacture,Standard Price,set,set,Periodical (manual),0,100000,Output VAT,Input VAT
product.product_cold_room_76,"Sliding door (4 Frame) Size : (W) 800 x (H) 1,800 x (T) 125 mm.",,Non-Standard,,Cold Room,TRUE,FALSE,FALSE,Service,Make to Order,Manufacture,Standard Price,set,set,Periodical (manual),0,75000,Output VAT,Input VAT
product.product_cold_room_77,"Sliding door (4 Frame) Size : (W) 1,200 x (H) 2,000 x (T) 125 mm.",,Non-Standard,,Cold Room,TRUE,FALSE,FALSE,Service,Make to Order,Manufacture,Standard Price,set,set,Periodical (manual),0,90000,Output VAT,Input VAT
product.product_cold_room_78,"Sliding door (4 Frame) Size : (W) 2,400 x (H) 2,400 x (T) 125 mm.",,Non-Standard,,Cold Room,TRUE,FALSE,FALSE,Service,Make to Order,Manufacture,Standard Price,set,set,Periodical (manual),0,120000,Output VAT,Input VAT
product.product_cold_room_79,Wall panel (T) 150 mm. (Color steel sheet/Color steel sheet),,Non-Standard,,Cold Room,TRUE,FALSE,FALSE,Service,Make to Order,Manufacture,Standard Price,sqm,sqm,Periodical (manual),0,2900,Output VAT,Input VAT
product.product_cold_room_80,Ceiling panel (T) 150 mm. (Color steel sheet/Color steel sheet),,Non-Standard,,Cold Room,TRUE,FALSE,FALSE,Service,Make to Order,Manufacture,Standard Price,sqm,sqm,Periodical (manual),0,2900,Output VAT,Input VAT
product.product_cold_room_81,Floor panel (T) 150 mm. (Color steel sheet/Color steel sheet),,Non-Standard,,Cold Room,TRUE,FALSE,FALSE,Service,Make to Order,Manufacture,Standard Price,sqm,sqm,Periodical (manual),0,7000,Output VAT,Input VAT
product.product_cold_room_82,Floor Insulation (T) 150 mm.,,Non-Standard,,Cold Room,TRUE,FALSE,FALSE,Service,Make to Order,Manufacture,Standard Price,sqm,sqm,Periodical (manual),0,2100,Output VAT,Input VAT
product.product_cold_room_83,"Swing door (3 Frame) Size : (W) 800 x (H) 1,800 x (T) 150 mm.",,Non-Standard,,Cold Room,TRUE,FALSE,FALSE,Service,Make to Order,Manufacture,Standard Price,set,set,Periodical (manual),0,55000,Output VAT,Input VAT
product.product_cold_room_84,"Swing door (3 Frame) Size : (W) 1,200 x (H) 2,000 x (T) 150 mm.",,Non-Standard,,Cold Room,TRUE,FALSE,FALSE,Service,Make to Order,Manufacture,Standard Price,set,set,Periodical (manual),0,77760,Output VAT,Input VAT
product.product_cold_room_85,"Swing door (4 Frame) Size : (W) 800 x (H) 1,800 x (T) 150 mm.",,Non-Standard,,Cold Room,TRUE,FALSE,FALSE,Service,Make to Order,Manufacture,Standard Price,set,set,Periodical (manual),0,59000,Output VAT,Input VAT
product.product_cold_room_86,"Swing door (4 Frame) Size : (W) 1,200 x (H) 2,000 x (T) 150 mm.",,Non-Standard,,Cold Room,TRUE,FALSE,FALSE,Service,Make to Order,Manufacture,Standard Price,set,set,Periodical (manual),0,81000,Output VAT,Input VAT
product.product_cold_room_87,Heater for door,,Non-Standard,,Cold Room,TRUE,FALSE,FALSE,Service,Make to Order,Manufacture,Standard Price,m,m,Periodical (manual),0,130,Output VAT,Input VAT
product.product_cold_room_88,Door hinge for Swing door (Kason) (Double),,Non-Standard,,Cold Room,TRUE,FALSE,FALSE,Service,Make to Order,Manufacture,Standard Price,set,set,Periodical (manual),0,9750,Output VAT,Input VAT
product.product_cold_room_89,Door Latch for Swing door (Kason),,Non-Standard,,Cold Room,TRUE,FALSE,FALSE,Service,Make to Order,Manufacture,Standard Price,set,set,Periodical (manual),0,7800,Output VAT,Input VAT
product.product_cold_room_90,Door Closer for Swing door,,Non-Standard,,Cold Room,TRUE,FALSE,FALSE,Service,Make to Order,Manufacture,Standard Price,set,set,Periodical (manual),0,3640,Output VAT,Input VAT
product.product_cold_room_91,Door packing rubber (E : Shape),,Non-Standard,,Cold Room,TRUE,FALSE,FALSE,Service,Make to Order,Manufacture,Standard Price,m,m,Periodical (manual),0,650,Output VAT,Input VAT
product.product_cold_room_92,Door packing rubber for Sliding door,,Non-Standard,,Cold Room,TRUE,FALSE,FALSE,Service,Make to Order,Manufacture,Standard Price,m,m,Periodical (manual),0,780,Output VAT,Input VAT
product.product_cold_room_93,"Entrance door for Swing door Size : (W) 800 x (H) 1,800 mm.",,Non-Standard,,Cold Room,TRUE,FALSE,FALSE,Service,Make to Order,Manufacture,Standard Price,set,set,Periodical (manual),0,26000,Output VAT,Input VAT
product.product_cold_room_94,"Entrance door for Swing door Size : (W) 1,200 x (H) 2,000 mm.",,Non-Standard,,Cold Room,TRUE,FALSE,FALSE,Service,Make to Order,Manufacture,Standard Price,set,set,Periodical (manual),0,28600,Output VAT,Input VAT
product.product_cold_room_95,"Panel for door Size : (W) 800 x (H) 1,800 x (T) 50 mm.",,Non-Standard,,Cold Room,TRUE,FALSE,FALSE,Service,Make to Order,Manufacture,Standard Price,set,set,Periodical (manual),0,21060,Output VAT,Input VAT
product.product_cold_room_96,"Panel for door Size : (W) 800 x (H) 1,800 x (T) 100 mm.",,Non-Standard,,Cold Room,TRUE,FALSE,FALSE,Service,Make to Order,Manufacture,Standard Price,set,set,Periodical (manual),0,26000,Output VAT,Input VAT
product.product_cold_room_97,"Panel for door Size : (W) 1,200 x (H) 2,000 x (T) 50 mm.",,Non-Standard,,Cold Room,TRUE,FALSE,FALSE,Service,Make to Order,Manufacture,Standard Price,set,set,Periodical (manual),0,24700,Output VAT,Input VAT
product.product_cold_room_98,"Panel for door Size : (W) 1,200 x (H) 2,000 x (T) 100 mm.",,Non-Standard,,Cold Room,TRUE,FALSE,FALSE,Service,Make to Order,Manufacture,Standard Price,set,set,Periodical (manual),0,32500,Output VAT,Input VAT
product.product_cold_room_99,Aluminium cap for Heater,,Non-Standard,,Cold Room,TRUE,FALSE,FALSE,Service,Make to Order,Manufacture,Standard Price,m,m,Periodical (manual),0,390,Output VAT,Input VAT
product.product_cold_room_100,Insulation bolt  (n : ½) L = 110,,Non-Standard,,Cold Room,TRUE,FALSE,FALSE,Service,Make to Order,Manufacture,Standard Price,set,set,Periodical (manual),0,104,Output VAT,Input VAT
product.product_cold_room_101,Insulation bolt  (n : ½) L = 170,,Non-Standard,,Cold Room,TRUE,FALSE,FALSE,Service,Make to Order,Manufacture,Standard Price,set,set,Periodical (manual),0,156,Output VAT,Input VAT
product.product_cold_room_102,Hanging plate with roller,,Non-Standard,,Cold Room,TRUE,FALSE,FALSE,Service,Make to Order,Manufacture,Standard Price,set,set,Periodical (manual),0,3900,Output VAT,Input VAT
product.product_cold_room_103,Handle for sliding door (Out side),,Non-Standard,,Cold Room,TRUE,FALSE,FALSE,Service,Make to Order,Manufacture,Standard Price,set,set,Periodical (manual),0,9100,Output VAT,Input VAT
product.product_cold_room_104,Handle for sliding door (Inside),,Non-Standard,,Cold Room,TRUE,FALSE,FALSE,Service,Make to Order,Manufacture,Standard Price,set,set,Periodical (manual),0,7800,Output VAT,Input VAT
product.product_cold_room_105,Hinge for key,,Non-Standard,,Cold Room,TRUE,FALSE,FALSE,Service,Make to Order,Manufacture,Standard Price,set,set,Periodical (manual),0,2600,Output VAT,Input VAT
product.product_cold_room_106,"Entrance for Sliding door Size : (W) 800 x (H) 1,800 mm.",,Non-Standard,,Cold Room,TRUE,FALSE,FALSE,Service,Make to Order,Manufacture,Standard Price,set,set,Periodical (manual),0,26000,Output VAT,Input VAT
product.product_cold_room_107,"Entrance for Sliding door Size : (W) 1,200 x (H) 2,000 mm.",,Non-Standard,,Cold Room,TRUE,FALSE,FALSE,Service,Make to Order,Manufacture,Standard Price,set,set,Periodical (manual),0,28600,Output VAT,Input VAT
product.product_cold_room_108,"Panel for Sliding door Size : (W) 800 x (H) 1,800 x (T) 75 mm.",,Non-Standard,,Cold Room,TRUE,FALSE,FALSE,Service,Make to Order,Manufacture,Standard Price,set,set,Periodical (manual),0,28600,Output VAT,Input VAT
product.product_cold_room_109,"Panel for Sliding door Size : (W) 800 x (H) 1,800 x (T) 100 mm.",,Non-Standard,,Cold Room,TRUE,FALSE,FALSE,Service,Make to Order,Manufacture,Standard Price,set,set,Periodical (manual),0,31200,Output VAT,Input VAT
product.product_cold_room_110,"Panel for Sliding door Size : (W) 1,200 x (H) 2,000 x (T) 75 mm.",,Non-Standard,,Cold Room,TRUE,FALSE,FALSE,Service,Make to Order,Manufacture,Standard Price,set,set,Periodical (manual),0,31200,Output VAT,Input VAT
product.product_cold_room_111,"Panel for Sliding door Size : (W) 1,200 x (H) 2,000 x (T) 100 mm.",,Non-Standard,,Cold Room,TRUE,FALSE,FALSE,Service,Make to Order,Manufacture,Standard Price,set,set,Periodical (manual),0,40300,Output VAT,Input VAT
product.product_cold_room_112,"Aluminium Rail for door Size : (W) 800 x (H) 1,800 mm.",,Non-Standard,,Cold Room,TRUE,FALSE,FALSE,Service,Make to Order,Manufacture,Standard Price,set,set,Periodical (manual),0,7150,Output VAT,Input VAT
product.product_cold_room_113,"Aluminium Rail for door Size : (W) 1,200 x (H) 2,000 mm.",,Non-Standard,,Cold Room,TRUE,FALSE,FALSE,Service,Make to Order,Manufacture,Standard Price,set,set,Periodical (manual),0,8450,Output VAT,Input VAT
product.product_cold_room_114,Steel cover for door,,Non-Standard,,Cold Room,TRUE,FALSE,FALSE,Service,Make to Order,Manufacture,Standard Price,m,m,Periodical (manual),0,1040,Output VAT,Input VAT
product.product_cold_room_115,Insulation Panel for Door SUS304 / SUS304 (T) 75 mm.,,Non-Standard,,Cold Room,TRUE,FALSE,FALSE,Service,Make to Order,Manufacture,Standard Price,sqm,sqm,Periodical (manual),0,7800,Output VAT,Input VAT
product.product_cold_room_116,Insulation Panel for Door Color / Color (T) 75 mm.,,Non-Standard,,Cold Room,TRUE,FALSE,FALSE,Service,Make to Order,Manufacture,Standard Price,sqm,sqm,Periodical (manual),0,5200,Output VAT,Input VAT
product.product_cold_room_117,Insulation Panel for Door SUS304 / SUS304 (T) 100 mm.,,Non-Standard,,Cold Room,TRUE,FALSE,FALSE,Service,Make to Order,Manufacture,Standard Price,sqm,sqm,Periodical (manual),0,8450,Output VAT,Input VAT
product.product_cold_room_118,Insulation Panel for Door Color / Color (T) 100 mm.,,Non-Standard,,Cold Room,TRUE,FALSE,FALSE,Service,Make to Order,Manufacture,Standard Price,sqm,sqm,Periodical (manual),0,5850,Output VAT,Input VAT
product.product_cold_room_119,Insulation Panel for Door SUS304 / SUS304 (T) 125 mm.,,Non-Standard,,Cold Room,TRUE,FALSE,FALSE,Service,Make to Order,Manufacture,Standard Price,sqm,sqm,Periodical (manual),0,9100,Output VAT,Input VAT
product.product_cold_room_120,Insulation Panel for Door Color / Color (T) 125 mm.,,Non-Standard,,Cold Room,TRUE,FALSE,FALSE,Service,Make to Order,Manufacture,Standard Price,sqm,sqm,Periodical (manual),0,6500,Output VAT,Input VAT
product.product_cold_room_121,Insulation Panel for Door SUS304 / SUS304 (T) 150 mm.,,Non-Standard,,Cold Room,TRUE,FALSE,FALSE,Service,Make to Order,Manufacture,Standard Price,sqm,sqm,Periodical (manual),0,9750,Output VAT,Input VAT
product.product_cold_room_122,Insulation Panel for Door Color / Color (T) 150 mm.,,Non-Standard,,Cold Room,TRUE,FALSE,FALSE,Service,Make to Order,Manufacture,Standard Price,sqm,sqm,Periodical (manual),0,7150,Output VAT,Input VAT
product.product_cold_room_123,Installation Cold Room Bangkok and Surroundings 0 ~ 500 m2,,Non-Standard,,Cold Room,TRUE,FALSE,FALSE,Service,Make to Order,Manufacture,Standard Price,sqm,sqm,Periodical (manual),0,400,Output VAT,Input VAT
product.product_cold_room_124,"Installation Cold Room Bangkok and Surroundings 501~1,000 m2",,Non-Standard,,Cold Room,TRUE,FALSE,FALSE,Service,Make to Order,Manufacture,Standard Price,sqm,sqm,Periodical (manual),0,350,Output VAT,Input VAT
product.product_cold_room_125,"Installation Cold Room Bangkok and Surroundings 1,001 m2 Up",,Non-Standard,,Cold Room,TRUE,FALSE,FALSE,Service,Make to Order,Manufacture,Standard Price,sqm,sqm,Periodical (manual),0,300,Output VAT,Input VAT
product.product_cold_room_126,Installation Cold Room Upcountry 0 ~ 500 m2,,Non-Standard,,Cold Room,TRUE,FALSE,FALSE,Service,Make to Order,Manufacture,Standard Price,sqm,sqm,Periodical (manual),0,450,Output VAT,Input VAT
product.product_cold_room_127,"Installation Cold Room Upcountry 501~1,000 m2",,Non-Standard,,Cold Room,TRUE,FALSE,FALSE,Service,Make to Order,Manufacture,Standard Price,sqm,sqm,Periodical (manual),0,400,Output VAT,Input VAT
product.product_cold_room_128,"Installation Cold Room Upcountry 1,001 m2 Up",,Non-Standard,,Cold Room,TRUE,FALSE,FALSE,Service,Make to Order,Manufacture,Standard Price,sqm,sqm,Periodical (manual),0,300,Output VAT,Input VAT
product.product_cold_room_129,Transportation Cold Room Bangkok and Surroundings,,Non-Standard,,Cold Room,TRUE,FALSE,FALSE,Service,Make to Order,Manufacture,Standard Price,lot,lot,Periodical (manual),0,6500,Output VAT,Input VAT
product.product_cold_room_130,Transportation Cold Room Upcountry,,Non-Standard,,Cold Room,TRUE,FALSE,FALSE,Service,Make to Order,Manufacture,Standard Price,lot,lot,Periodical (manual),0,0,Output VAT,Input VAT
product.product_cold_room_131,Miscellaneous and Overhead Cost,,Non-Standard,,Cold Room,TRUE,FALSE,FALSE,Service,Make to Order,Manufacture,Standard Price,lot,lot,Periodical (manual),0,0,Output VAT,Input VAT
product.product_cold_room_132,Aluminium for installation,,Non-Standard,,Cold Room,TRUE,FALSE,FALSE,Service,Make to Order,Manufacture,Standard Price,sqm,sqm,Periodical (manual),,500,Output VAT,Input VAT
product.product_cold_room_133,Aluminium beam support,,Non-Standard,,Cold Room,TRUE,FALSE,FALSE,Service,Make to Order,Manufacture,Standard Price,m,m,Periodical (manual),,1200,Output VAT,Input VAT
product.product_cold_room_134,Aluminium floor base,,Non-Standard,,Cold Room,TRUE,FALSE,FALSE,Service,Make to Order,Manufacture,Standard Price,m,m,Periodical (manual),,700,Output VAT,Input VAT
product.product_cold_room_135,Aluminium angle + PVC Curve (30 x 30),,Non-Standard,,Cold Room,TRUE,FALSE,FALSE,Service,Make to Order,Manufacture,Standard Price,m,m,Periodical (manual),,800,Output VAT,Input VAT
product.product_cold_room_136,Aluminium Curve,,Non-Standard,,Cold Room,TRUE,FALSE,FALSE,Service,Make to Order,Manufacture,Standard Price,m,m,Periodical (manual),,1200,Output VAT,Input VAT
product.product_cold_room_137,Aluminium Angle 40 x 40,,Non-Standard,,Cold Room,TRUE,FALSE,FALSE,Service,Make to Order,Manufacture,Standard Price,m,m,Periodical (manual),,500,Output VAT,Input VAT
product.product_cold_room_138,Opening cutting Lighting,,Non-Standard,,Cold Room,TRUE,FALSE,FALSE,Service,Make to Order,Manufacture,Standard Price,set,set,Periodical (manual),,1200,Output VAT,Input VAT
product.product_cold_room_139,"STD. Column Cladding (400 x 400 mm. , 4 ด้าน)",,Non-Standard,,Cold Room,TRUE,FALSE,FALSE,Service,Make to Order,Manufacture,Standard Price,set,set,Periodical (manual),,8000,Output VAT,Input VAT
product.product_cold_room_140,"Hanging system (Ceiling beam, bracket, T-Bar)",,Non-Standard,,Cold Room,TRUE,FALSE,FALSE,Service,Make to Order,Manufacture,Standard Price,m,m,Periodical (manual),,1500,Output VAT,Input VAT
product.product_cold_room_141,Spray paint,,Non-Standard,,Cold Room,TRUE,FALSE,FALSE,Service,Make to Order,Manufacture,Standard Price,tube,tube,Periodical (manual),,500,Output VAT,Input VAT
product.product_cold_room_142,Pu Chemical (Iso/Polyol),,Non-Standard,,Cold Room,TRUE,FALSE,FALSE,Service,Make to Order,Manufacture,Standard Price,kg,kg,Periodical (manual),,0,Output VAT,Input VAT
product.product_cold_room_143,"Silicone ""Sika"" (0.4 Tube/m2)",,Non-Standard,,Cold Room,TRUE,FALSE,FALSE,Service,Make to Order,Manufacture,Standard Price,tube,tube,Periodical (manual),,200,Output VAT,Input VAT
product.product_cold_room_144,Lighting,,Non-Standard,,Cold Room,TRUE,FALSE,FALSE,Service,Make to Order,Manufacture,Standard Price,set,set,Periodical (manual),,0,Output VAT,Input VAT
product.product_cold_room_145,Temporary wall,,Non-Standard,,Cold Room,TRUE,FALSE,FALSE,Service,Make to Order,Manufacture,Standard Price,sqm,sqm,Periodical (manual),,4000,Output VAT,Input VAT
product.product_cold_room_146,Demolish C/R Panel with fitting parts,,Non-Standard,,Cold Room,TRUE,FALSE,FALSE,Service,Make to Order,Manufacture,Standard Price,sqm,sqm,Periodical (manual),,150,Output VAT,Input VAT
product.product_cold_room_147,Demolish window glass,,Non-Standard,,Cold Room,TRUE,FALSE,FALSE,Service,Make to Order,Manufacture,Standard Price,set,set,Periodical (manual),,150,Output VAT,Input VAT
product.product_cold_room_148,Demolish Single swing / sliding door,,Non-Standard,,Cold Room,TRUE,FALSE,FALSE,Service,Make to Order,Manufacture,Standard Price,set,set,Periodical (manual),,0,Output VAT,Input VAT
product.product_cold_room_149,Demolish Double swing / sliding door,,Non-Standard,,Cold Room,TRUE,FALSE,FALSE,Service,Make to Order,Manufacture,Standard Price,set,set,Periodical (manual),,0,Output VAT,Input VAT
product.product_cold_room_150,Installation Door Cold Room (Double swing / sliding door),,Non-Standard,,Cold Room,TRUE,FALSE,FALSE,Service,Make to Order,Manufacture,Standard Price,sqm,sqm,Periodical (manual),,0,Output VAT,Input VAT
product.product_cold_room_151,Installation Door Cold Room (Sing swing / sliding door),,Non-Standard,,Cold Room,TRUE,FALSE,FALSE,Service,Make to Order,Manufacture,Standard Price,sqm,sqm,Periodical (manual),,0,Output VAT,Input VAT
product.product_cold_room_152,Wall panel (T) 50 mm. (Color steel sheet/Galvanized),,Non-Standard,,Cold Room,TRUE,FALSE,FALSE,Service,Make to Order,Manufacture,Standard Price,sqm,sqm,Periodical (manual),,0,Output VAT,Input VAT
product.product_cold_room_153,Wall panel (T) 50 mm. (Galvanized/Galvanized),,Non-Standard,,Cold Room,TRUE,FALSE,FALSE,Service,Make to Order,Manufacture,Standard Price,sqm,sqm,Periodical (manual),,0,Output VAT,Input VAT
product.product_cold_room_154,Wall panel (T) 50 mm. (Color steel sheet/Stainless sheet),,Non-Standard,,Cold Room,TRUE,FALSE,FALSE,Service,Make to Order,Manufacture,Standard Price,sqm,sqm,Periodical (manual),,0,Output VAT,Input VAT
product.product_cold_room_155,Wall panel (T) 50 mm. (Stainless sheet/Stainless sheet),,Non-Standard,,Cold Room,TRUE,FALSE,FALSE,Service,Make to Order,Manufacture,Standard Price,sqm,sqm,Periodical (manual),,0,Output VAT,Input VAT
product.product_cold_room_156,Ceiling panel (T) 50 mm. (Color steel sheet/Galvanized),,Non-Standard,,Cold Room,TRUE,FALSE,FALSE,Service,Make to Order,Manufacture,Standard Price,sqm,sqm,Periodical (manual),,0,Output VAT,Input VAT
product.product_cold_room_157,Ceiling panel (T) 50 mm. (Galvanized/Galvanized),,Non-Standard,,Cold Room,TRUE,FALSE,FALSE,Service,Make to Order,Manufacture,Standard Price,sqm,sqm,Periodical (manual),,0,Output VAT,Input VAT
product.product_cold_room_158,Ceiling panel (T) 50 mm. (Color steel sheet/Stainless sheet),,Non-Standard,,Cold Room,TRUE,FALSE,FALSE,Service,Make to Order,Manufacture,Standard Price,sqm,sqm,Periodical (manual),,0,Output VAT,Input VAT
product.product_cold_room_159,Ceiling panel (T) 50 mm. (Stainless sheet/Stainless sheet),,Non-Standard,,Cold Room,TRUE,FALSE,FALSE,Service,Make to Order,Manufacture,Standard Price,sqm,sqm,Periodical (manual),,0,Output VAT,Input VAT
product.product_cold_room_160,"Floor panel (T) 50 mm. (Plywood(T)10mm.,Aluminium checker plate (T)2.5mm.)",,Non-Standard,,Cold Room,TRUE,FALSE,FALSE,Service,Make to Order,Manufacture,Standard Price,sqm,sqm,Periodical (manual),,5700,Output VAT,Input VAT
product.product_cold_room_161,"Floor panel (T) 50 mm. (Plywood(T)10mm.,Stainless checker plate (T)2.5mm.)",,Non-Standard,,Cold Room,TRUE,FALSE,FALSE,Service,Make to Order,Manufacture,Standard Price,sqm,sqm,Periodical (manual),,0,Output VAT,Input VAT
product.product_cold_room_162,Wall panel (T) 75 mm. (Color steel sheet/Galvanized),,Non-Standard,,Cold Room,TRUE,FALSE,FALSE,Service,Make to Order,Manufacture,Standard Price,sqm,sqm,Periodical (manual),,0,Output VAT,Input VAT
product.product_cold_room_163,Wall panel (T) 75 mm. (Galvanized/Galvanized),,Non-Standard,,Cold Room,TRUE,FALSE,FALSE,Service,Make to Order,Manufacture,Standard Price,sqm,sqm,Periodical (manual),,0,Output VAT,Input VAT
product.product_cold_room_164,Wall panel (T) 75 mm. (Color steel sheet/Stainless sheet),,Non-Standard,,Cold Room,TRUE,FALSE,FALSE,Service,Make to Order,Manufacture,Standard Price,sqm,sqm,Periodical (manual),,0,Output VAT,Input VAT
product.product_cold_room_165,Wall panel (T) 75 mm. (Stainless sheet/Stainless sheet),,Non-Standard,,Cold Room,TRUE,FALSE,FALSE,Service,Make to Order,Manufacture,Standard Price,sqm,sqm,Periodical (manual),,0,Output VAT,Input VAT
product.product_cold_room_166,Ceiling panel (T) 75 mm. (Color steel sheet/Galvanized),,Non-Standard,,Cold Room,TRUE,FALSE,FALSE,Service,Make to Order,Manufacture,Standard Price,sqm,sqm,Periodical (manual),,0,Output VAT,Input VAT
product.product_cold_room_167,Ceiling panel (T) 75 mm. (Galvanized/Galvanized),,Non-Standard,,Cold Room,TRUE,FALSE,FALSE,Service,Make to Order,Manufacture,Standard Price,sqm,sqm,Periodical (manual),,0,Output VAT,Input VAT
product.product_cold_room_168,Ceiling panel (T) 75 mm. (Color steel sheet/Stainless sheet),,Non-Standard,,Cold Room,TRUE,FALSE,FALSE,Service,Make to Order,Manufacture,Standard Price,sqm,sqm,Periodical (manual),,0,Output VAT,Input VAT
product.product_cold_room_169,Ceiling panel (T) 75 mm. (Stainless sheet/Stainless sheet),,Non-Standard,,Cold Room,TRUE,FALSE,FALSE,Service,Make to Order,Manufacture,Standard Price,sqm,sqm,Periodical (manual),,0,Output VAT,Input VAT
product.product_cold_room_170,"Floor panel (T) 75 mm. (Plywood(T)10mm.,Aluminium checker plate (T)2.5mm.)",,Non-Standard,,Cold Room,TRUE,FALSE,FALSE,Service,Make to Order,Manufacture,Standard Price,sqm,sqm,Periodical (manual),,5800,Output VAT,Input VAT
product.product_cold_room_171,"Floor panel (T) 75 mm. (Plywood(T)10mm.,Stainless checker plate (T)2.5mm.)",,Non-Standard,,Cold Room,TRUE,FALSE,FALSE,Service,Make to Order,Manufacture,Standard Price,sqm,sqm,Periodical (manual),,0,Output VAT,Input VAT
product.product_cold_room_172,Wall panel (T) 100 mm. (Color steel sheet/Galvanized),,Non-Standard,,Cold Room,TRUE,FALSE,FALSE,Service,Make to Order,Manufacture,Standard Price,sqm,sqm,Periodical (manual),,0,Output VAT,Input VAT
product.product_cold_room_173,Wall panel (T) 100 mm. (Galvanized/Galvanized),,Non-Standard,,Cold Room,TRUE,FALSE,FALSE,Service,Make to Order,Manufacture,Standard Price,sqm,sqm,Periodical (manual),,0,Output VAT,Input VAT
product.product_cold_room_174,Wall panel (T) 100 mm. (Color steel sheet/Stainless sheet),,Non-Standard,,Cold Room,TRUE,FALSE,FALSE,Service,Make to Order,Manufacture,Standard Price,sqm,sqm,Periodical (manual),,0,Output VAT,Input VAT
product.product_cold_room_175,Wall panel (T) 100 mm. (Stainless sheet/Stainless sheet),,Non-Standard,,Cold Room,TRUE,FALSE,FALSE,Service,Make to Order,Manufacture,Standard Price,sqm,sqm,Periodical (manual),,0,Output VAT,Input VAT
product.product_cold_room_176,Ceiling panel (T) 100 mm. (Color steel sheet/Galvanized),,Non-Standard,,Cold Room,TRUE,FALSE,FALSE,Service,Make to Order,Manufacture,Standard Price,sqm,sqm,Periodical (manual),,0,Output VAT,Input VAT
product.product_cold_room_177,Ceiling panel (T) 100 mm. (Galvanized/Galvanized),,Non-Standard,,Cold Room,TRUE,FALSE,FALSE,Service,Make to Order,Manufacture,Standard Price,sqm,sqm,Periodical (manual),,0,Output VAT,Input VAT
product.product_cold_room_178,Ceiling panel (T) 100 mm. (Color steel sheet/Stainless sheet),,Non-Standard,,Cold Room,TRUE,FALSE,FALSE,Service,Make to Order,Manufacture,Standard Price,sqm,sqm,Periodical (manual),,0,Output VAT,Input VAT
product.product_cold_room_179,Ceiling panel (T) 100 mm. (Stainless sheet/Stainless sheet),,Non-Standard,,Cold Room,TRUE,FALSE,FALSE,Service,Make to Order,Manufacture,Standard Price,sqm,sqm,Periodical (manual),,0,Output VAT,Input VAT
product.product_cold_room_180,"Floor panel (T) 100 mm. (Plywood(T)10mm.,Aluminium checker plate (T)2.5mm.)",,Non-Standard,,Cold Room,TRUE,FALSE,FALSE,Service,Make to Order,Manufacture,Standard Price,sqm,sqm,Periodical (manual),,6000,Output VAT,Input VAT
product.product_cold_room_181,"Floor panel (T) 100 mm. (Plywood(T)10mm.,Stainless checker plate (T)2.5mm.)",,Non-Standard,,Cold Room,TRUE,FALSE,FALSE,Service,Make to Order,Manufacture,Standard Price,sqm,sqm,Periodical (manual),,0,Output VAT,Input VAT
product.product_cold_room_182,Wall panel (T) 125 mm. (Color steel sheet/Galvanized),,Non-Standard,,Cold Room,TRUE,FALSE,FALSE,Service,Make to Order,Manufacture,Standard Price,sqm,sqm,Periodical (manual),,0,Output VAT,Input VAT
product.product_cold_room_183,Wall panel (T) 125 mm. (Galvanized/Galvanized),,Non-Standard,,Cold Room,TRUE,FALSE,FALSE,Service,Make to Order,Manufacture,Standard Price,sqm,sqm,Periodical (manual),,0,Output VAT,Input VAT
product.product_cold_room_184,Wall panel (T) 125 mm. (Color steel sheet/Stainless sheet),,Non-Standard,,Cold Room,TRUE,FALSE,FALSE,Service,Make to Order,Manufacture,Standard Price,sqm,sqm,Periodical (manual),,0,Output VAT,Input VAT
product.product_cold_room_185,Wall panel (T) 125 mm. (Stainless sheet/Stainless sheet),,Non-Standard,,Cold Room,TRUE,FALSE,FALSE,Service,Make to Order,Manufacture,Standard Price,sqm,sqm,Periodical (manual),,0,Output VAT,Input VAT
product.product_cold_room_186,Ceiling panel (T) 125 mm. (Color steel sheet/Galvanized),,Non-Standard,,Cold Room,TRUE,FALSE,FALSE,Service,Make to Order,Manufacture,Standard Price,sqm,sqm,Periodical (manual),,0,Output VAT,Input VAT
product.product_cold_room_187,Ceiling panel (T) 125 mm. (Galvanized/Galvanized),,Non-Standard,,Cold Room,TRUE,FALSE,FALSE,Service,Make to Order,Manufacture,Standard Price,sqm,sqm,Periodical (manual),,0,Output VAT,Input VAT
product.product_cold_room_188,Ceiling panel (T) 125 mm. (Color steel sheet/Stainless sheet),,Non-Standard,,Cold Room,TRUE,FALSE,FALSE,Service,Make to Order,Manufacture,Standard Price,sqm,sqm,Periodical (manual),,0,Output VAT,Input VAT
product.product_cold_room_189,Ceiling panel (T) 125 mm. (Stainless sheet/Stainless sheet),,Non-Standard,,Cold Room,TRUE,FALSE,FALSE,Service,Make to Order,Manufacture,Standard Price,sqm,sqm,Periodical (manual),,0,Output VAT,Input VAT
product.product_cold_room_190,"Floor panel (T) 125 mm. (Plywood(T)10mm.,Aluminium checker plate (T)2.5mm.)",,Non-Standard,,Cold Room,TRUE,FALSE,FALSE,Service,Make to Order,Manufacture,Standard Price,sqm,sqm,Periodical (manual),,6300,Output VAT,Input VAT
product.product_cold_room_191,"Floor panel (T) 125 mm. (Plywood(T)10mm.,Stainless checker plate (T)2.5mm.)",,Non-Standard,,Cold Room,TRUE,FALSE,FALSE,Service,Make to Order,Manufacture,Standard Price,sqm,sqm,Periodical (manual),,0,Output VAT,Input VAT
product.product_cold_room_192,Wall panel (T) 150 mm. (Color steel sheet/Galvanized),,Non-Standard,,Cold Room,TRUE,FALSE,FALSE,Service,Make to Order,Manufacture,Standard Price,sqm,sqm,Periodical (manual),,0,Output VAT,Input VAT
product.product_cold_room_193,Wall panel (T) 150 mm. (Galvanized/Galvanized),,Non-Standard,,Cold Room,TRUE,FALSE,FALSE,Service,Make to Order,Manufacture,Standard Price,sqm,sqm,Periodical (manual),,0,Output VAT,Input VAT
product.product_cold_room_194,Wall panel (T) 150 mm. (Color steel sheet/Stainless sheet),,Non-Standard,,Cold Room,TRUE,FALSE,FALSE,Service,Make to Order,Manufacture,Standard Price,sqm,sqm,Periodical (manual),,0,Output VAT,Input VAT
product.product_cold_room_195,Wall panel (T) 150 mm. (Stainless sheet/Stainless sheet),,Non-Standard,,Cold Room,TRUE,FALSE,FALSE,Service,Make to Order,Manufacture,Standard Price,sqm,sqm,Periodical (manual),,0,Output VAT,Input VAT
product.product_cold_room_196,Ceiling panel (T) 150 mm. (Color steel sheet/Galvanized),,Non-Standard,,Cold Room,TRUE,FALSE,FALSE,Service,Make to Order,Manufacture,Standard Price,sqm,sqm,Periodical (manual),,0,Output VAT,Input VAT
product.product_cold_room_197,Ceiling panel (T) 150 mm. (Galvanized/Galvanized),,Non-Standard,,Cold Room,TRUE,FALSE,FALSE,Service,Make to Order,Manufacture,Standard Price,sqm,sqm,Periodical (manual),,0,Output VAT,Input VAT
product.product_cold_room_198,Ceiling panel (T) 150 mm. (Color steel sheet/Stainless sheet),,Non-Standard,,Cold Room,TRUE,FALSE,FALSE,Service,Make to Order,Manufacture,Standard Price,sqm,sqm,Periodical (manual),,0,Output VAT,Input VAT
product.product_cold_room_199,Ceiling panel (T) 150 mm. (Stainless sheet/Stainless sheet),,Non-Standard,,Cold Room,TRUE,FALSE,FALSE,Service,Make to Order,Manufacture,Standard Price,sqm,sqm,Periodical (manual),,0,Output VAT,Input VAT
product.product_cold_room_200,"Floor panel (T) 150 mm. (Plywood(T)10mm.,Aluminium checker plate (T)2.5mm.)",,Non-Standard,,Cold Room,TRUE,FALSE,FALSE,Service,Make to Order,Manufacture,Standard Price,sqm,sqm,Periodical (manual),,7000,Output VAT,Input VAT
product.product_cold_room_201,"Floor panel (T) 150 mm. (Plywood(T)10mm.,Stainless checker plate (T)2.5mm.)",,Non-Standard,,Cold Room,TRUE,FALSE,FALSE,Service,Make to Order,Manufacture,Standard Price,sqm,sqm,Periodical (manual),,0,Output VAT,Input VAT
product.product_cold_room_202,Handle for swing door ,,Non-Standard,,Cold Room,TRUE,FALSE,FALSE,Service,Make to Order,Manufacture,Standard Price,set,set,Periodical (manual),,0,Output VAT,Input VAT
product.product_cold_room_203,"Mobile Cold Room 1Door (T)100mm. Size:(W) 1,100 x (L) 1,015 x (H) 1,600 mm.",,Non-Standard,,Cold Room,TRUE,FALSE,FALSE,Service,Make to Order,Manufacture,Standard Price,set,set,Periodical (manual),,0,Output VAT,Input VAT
product.product_cold_room_204,"Mobile Cold Room 1Door (T)100mm. Size:(W) 1,100 x (L) 1,015 x (H) 2,000 mm.",,Non-Standard,,Cold Room,TRUE,FALSE,FALSE,Service,Make to Order,Manufacture,Standard Price,set,set,Periodical (manual),,0,Output VAT,Input VAT
product.product_cold_room_205,"Mobile Cold Room 2Door (T)100mm. Size:(W) 1,100 x (L) 1,830 x (H) 1,600 mm.",,Non-Standard,,Cold Room,TRUE,FALSE,FALSE,Service,Make to Order,Manufacture,Standard Price,set,set,Periodical (manual),,0,Output VAT,Input VAT
product.product_cold_room_206,"Mobile Cold Room 2Door (T)100mm. Size:(W) 1,100 x (L) 1,830 x (H) 2,000 mm.",,Non-Standard,,Cold Room,TRUE,FALSE,FALSE,Service,Make to Order,Manufacture,Standard Price,set,set,Periodical (manual),,0,Output VAT,Input VAT
product.product_cold_room_207,"Mobile Cold Room 3Door (T)100mm. Size:(W) 1,100 x (L) 2,650 x (H) 1,600 mm.",,Non-Standard,,Cold Room,TRUE,FALSE,FALSE,Service,Make to Order,Manufacture,Standard Price,set,set,Periodical (manual),,0,Output VAT,Input VAT
product.product_cold_room_208,"Mobile Cold Room 3Door (T)100mm. Size:(W) 1,100 x (L) 2,650 x (H) 2,000 mm.",,Non-Standard,,Cold Room,TRUE,FALSE,FALSE,Service,Make to Order,Manufacture,Standard Price,set,set,Periodical (manual),,0,Output VAT,Input VAT
product.product_cold_room_209,Fix Window Glass with Heater,,Non-Standard,,Cold Room,TRUE,FALSE,FALSE,Service,Make to Order,Manufacture,Standard Price,set,set,Periodical (manual),,0,Output VAT,Input VAT
product.product_cold_room_210,Color steel sheet (T) 0.50mm.,,Non-Standard,,Cold Room,TRUE,FALSE,FALSE,Service,Make to Order,Manufacture,Standard Price,sqm,sqm,Periodical (manual),,0,Output VAT,Input VAT
