id,name_notused,name,ref,property_payment_term,credit_limit,is_company,customer,supplier,parent_id,type,use_parent_address,street,street2,zip,city,country_id,phone,mobile,fax,email,category_id/id,website,comment,user_id
res_partner_cust_1,ห้างหุ้นส่วนจำกัด สามที เซ็นเตอร์เซอร์วิส,3T Centerservice Limited Part,,30 Days,100000,TRUE,TRUE,FALSE,,Default,FALSE,61/70 หมู่ 6,แขวง ลำลูกกา เขต ลำลูกกา,12150,ปทุมธานี,Thailand,0-2987-1753,,0-2987-1164,,,,,Chatchai T.
res_partner_cust_2,บริษัท แอดวานซ์ ซีวิล กรุ๊ป จำกัด,"Advance Civil Group Co.,Ltd.",,30 Days,500000,TRUE,TRUE,FALSE,,Default,FALSE,295 ถ.สามเสน,แขวง วัดสามพระยา เขต พระนคร,10200,กรุงเทพมหานคร,Thailand,"0-2280-5274, 0-2280-2164",,0-2628-5568,,,,,Chatchai T.
res_partner_cust_3,บริษัท แอดวานซ์ ซีวิล กรุ๊ป จำกัด (โรงงาน),"Advance Civil Group Co.,Ltd. (Factory)",,,,FALSE,TRUE,FALSE,บริษัท แอดวานซ์ ซีวิล กรุ๊ป จำกัด,Shipping,FALSE,35/172 หมู่ 1,แขวง ตลาดขวัญ เขต เมือง,11000,นนทบุรี,Thailand,"0-2282-4280, 0-2282-6789",,,,,,,Chatchai T.
res_partner_cust_4,บริษัท แอร์โค จำกัด,"Airco Co.,Ltd.",,30 Days,1000000,TRUE,TRUE,FALSE,,Default,FALSE,1126/2 อาคาร วานิช 2 ชั้น 30-31 ถ.เพชรบุรีตัดใหม่,แขวง มักกะสัน เขต ราชเทวี,10400,กรุงเทพมหานคร,Thailand,0-2704-9999,,0-2704-9631,,,,,Chairat S.
res_partner_cust_5,บริษัท แอดวานซ์ ฟาร์มาซูติคอล แมนูแฟคเจอริ่ง จำกัด,"Advance Pharma Ceutical manufacturing Co.,Ltd.",,30 Days,20000000,TRUE,TRUE,FALSE,,Default,FALSE,601/5-8 ซอย สุทธิพร ถ.ประชาสงเคราะห์,แขวง ดินแดง เขต ดินแดง,10400,กรุงเทพมหานคร,Thailand,0-2663-2323,,0-2248-5370,,,,,Chairat S.
res_partner_cust_6,บริษัท เอ - โอเค จำกัด,"A - OK Co.,Ltd.",,Cash,,TRUE,TRUE,FALSE,,Default,FALSE,19/72 หมู่ 1 หมู่บ้านรอยัลนครินทร์วิลล่า ถ.ศรีนครินทร์,แขวง หนองบอน เขต ประเวศ,10250,กรุงเทพมหานคร,Thailand,0-2743-3744-5,,0-2743-3746,,,,,Weeranuwat S.
res_partner_cust_7,บริษัท เอ.ดี.ดี เอ็นจิเนียริ่ง จำกัด,"A.D.D Engineering Co.,Ltd.",,30 Days,,TRUE,TRUE,FALSE,,Default,FALSE,205 ซอย สมเด็จพระเจ้าตากสิน 18,แขวง บุคคโล เขต ธนบุรี,10600,กรุงเทพมหานคร,Thailand,0-2890-4600,,0-2890-4600,,,,,Chairat S.
res_partner_cust_8,บริษัท อารีย์ เอ็นจิเนียร์ ซัพพลายส์ จำกัด,"Aree Engineer Supplise Co.,Ltd.",,Cash,,TRUE,TRUE,FALSE,,Default,FALSE,22/323 หมู่ 10 อาคาร เอเวอร์กรีน ทาวเวอร์ ชั้น 1 ซอย บางนา 56 ถ.บางนา-ตราด,แขวง บางนา เขต บางนา,10260,กรุงเทพมหานคร,Thailand,0-2751-5125,,0-2751-5124,,,,,Chatchai T.
res_partner_cust_9,ห้างหุ้นส่วนจำกัด เอ.อาร์.แอล.เอ็นจิเนียริ่ง,ARL Engineering,,Cash,,TRUE,TRUE,FALSE,,Default,FALSE,2535-2536 หมู่ 2,แขวง คลองจิก เขต บางปะอิน,13160,พระนครศรีอยุธยา,Thailand,0-3522-0766,,0-3522-0748,,,,,
res_partner_cust_10,บริษัท แอม.เจ คอนสตรัคชั่น แอนด์ แมนเนจเม้นท์ จำกัด,"AMJ Construction & Management Co.,Ltd.",,30 Days,,TRUE,TRUE,FALSE,,Default,FALSE,52/478 หมู่ 7 ซอย เอกทักษิณ ถ.พหลโยธิน,แขวง หลักหก เขต เมือง,12000,ปทุมธานี,Thailand,0-2533-9977,,0-2997-7364,,,,,Dusit T.
res_partner_cust_11,บริษัท ออริก้า เอ็นจิเนียริ่ง จำกัด,"Auriga Engineering Co.,Ltd.",,Cash,,TRUE,TRUE,FALSE,,Default,FALSE,4/31 หมู่ 1 ถ.พระราม 2 ซอย 18,แขวง บางมด เขต จอมทอง,10150,กรุงเทพมหานคร,Thailand,0-2877-1193-4,,0-2877-1140,,,,,Dusit T.
res_partner_cust_12,บริษัท แอร์บอร์น เอ็นจิเนียริ่ง จำกัด,"Airbron Engineering Co.,Ltd.",,Cash,,TRUE,TRUE,FALSE,,Default,FALSE,51/14 ซอย ศิริถาวร ถ.พระราม 9,แขวง สวนหลวง เขต สวนหลวง,10250,กรุงเทพมหานคร,Thailand,0-2719-1114,,0-2719-1114,,,,,Chatchai T.
res_partner_cust_13,บริษัท เอ อี เอส วิศวกรรม จำกัด,"AES Engineering Co.,Ltd.",,30 Days,,TRUE,TRUE,FALSE,,Default,FALSE,1451 ซอย ลาดพร้าว 94 ถ.ลาดพร้าว,แขวง วังทองหลาง เขต วังทองหลาง,10310,กรุงเทพมหานคร,Thailand,0-2530-3974-8,,0-2530-3976,,,,,Chatchai T.
res_partner_cust_14,บริษัท แอกเซส อินดัสเตรียล เทคโนโลยี จำกัด,"Access Industrial Technology Co.,Ltd.",,30 Days,,TRUE,TRUE,FALSE,,Default,FALSE,274 อาคาร เอ2 ชั้น 1 ซอย ศูนย์วิจัย 4 (โรงเรียนญี่ปุ่น) ถ.พระราม 9,แขวง บางกะปิ เขต ห้วยขวาง,10320,กรุงเทพมหานคร,Thailand,"0-2319-9961-4, 0-2319-9372-3",,0-2319-9960,,,,,Surasak S.
res_partner_cust_15,บริษัท เอ แอล เค เอ็นจิเนียริ่ง จำกัด,"ALK Engineering Co.,Ltd.",,Cash,,TRUE,TRUE,FALSE,,Default,FALSE,39 หมู่ 12,แขวง ทรายมูล เขต สันกำแพง,50130,เชียงใหม่,Thailand,0-5330-8362,,0-5330-8319,,,,,Surasak S.
res_partner_cust_16,บริษัท ออลเทอร์ แอร์คอนดิชั่นนิ่ง จำกัด,"Alter Airconditioning Co.,Ltd.",,60 Days,,TRUE,TRUE,FALSE,,Default,FALSE,410 ซอย พระยาสุเรนทร์ 30 ถ.รามอินทรา 109,แขวง บางชัน เขต คลองสามวา,10510,กรุงเทพมหานคร,Thailand,0-2540-6871,,0-2918-6954,,,,,Dusit T.
res_partner_cust_17,บริษัท เอเชีย วี.เอส.ซี. คอร์ปอเรชั่น จำกัด,"Asia V.S.C. Corporation Co.,Ltd.",,60 Days,,TRUE,TRUE,FALSE,,Default,FALSE,8/2 ซอย สามแยกบายพาส ถ.สุขุมวิท,แขวง เนินพระ เขต เมือง,21150,ระยอง,Thailand,0-3868-8589-92,,0-3868-8591,,,,,
res_partner_cust_18,บริษัท ออโตเมชั่นเซอร์วิส จำกัด,"Automation Service Co.,Ltd.",,Cash,,TRUE,TRUE,FALSE,,Default,FALSE,4 ถ.อโศก-ดินแดง,แขวง ดินแดง เขต ดินแดง,10400,กรุงเทพมหานคร,Thailand,"0-2246-0330, 0-2246-0324",,0-3862-4663,,,,,Visak T.
res_partner_cust_19,บริษัท เอ.แอล.ที. อินเตอร์ คอร์ปอเรชั่น จำกัด,"A.L.T. Inter Corporation Co.,Ltd.",,30 Days,,TRUE,TRUE,FALSE,,Default,FALSE,51 หมู่ 5 ถ.บางกรวย-ไทรน้อย,แขวง บางสีทอง เขต บางกรวย,11130,นนทบุรี,Thailand,0-2886-3356,,0-2886-3084,,,,,
res_partner_cust_20,บริษัท แอมแอร์ จำกัด,"Amair Co.,Ltd.",,60 Days,,TRUE,TRUE,FALSE,,Default,FALSE,999/1 หมู่ 9 ถ.บางนา-ตราด กม.19,แขวง บางโฉลง เขต บางพลี,10540,สมุทรปราการ,Thailand,0-2769-2222,,0-2769-2254,,,,,Visak T.
res_partner_cust_21,ห้างหุ้นส่วนจำกัด เอซีซีโอ กรุ๊ป,"Acco Group Ltd., Part.",,Cash,,TRUE,TRUE,FALSE,,Default,FALSE,7/984 หมู่ 6,แขวง สามวาตะวันตก เขต คลองสามวา,10510,กรุงเทพมหานคร,Thailand,0-2914-1358-9,,0-2914-4899,,,,,
res_partner_cust_22,บริษัท อนุสรณ์มหาชัยห้องเย็น จำกัด,"Anusorn Mahachai Coldstorage Co.,Ltd. (AMC) ",,30 Days,,TRUE,TRUE,FALSE,,Default,FALSE,59/6 หมู่ 8,แขวง ท่าทราย เขต เมือง,74000,สมุทรสาคร,Thailand,0-3442-9005-10,,0-3442-9009-10,,,,,Somboon T.
res_partner_cust_23,บริษัท แอ๊พพลายคูล เซอร์วิส จำกัด,"Apply Cool Service Co.,Ltd.",,30 Days,,TRUE,TRUE,FALSE,,Default,FALSE,4 ซอย ชุ่มชื่น ถ.อโศก-ดินแดง,แขวง ดินแดง เขต ดินแดง,10400,กรุงเทพมหานคร,Thailand,0-2246-0218,,0-2246-0330,,,,,
res_partner_cust_24,บริษัท แอร์พลัส แอ๊พพลาย จำกัด,"Airplus Apply Co.,Ltd.",,30 Days,,TRUE,TRUE,FALSE,,Default,FALSE,48/259 หมู่ 1 ถ.รามคำแหง,แขวง สะพานสูง เขต สะพานสูง,10240,กรุงเทพมหานคร,Thailand,"0-2729-6796-9, 0-2729-4523",,0-2729-4532,,,,,Chatchai T.
res_partner_cust_25,บริษัท เอ.อาร์.ซี เอ็นจิเนียริ่ง จำกัด,"ARC Engineering Co.,Ltd.",,30 Days,,TRUE,TRUE,FALSE,,Default,FALSE,389/114 หมู่ 6 ถ.สุขุมวิท,แขวง นาเกลือ เขต บางละมุง,20150,ชลบุรี,Thailand,0-3871-6867-8,,0-3871-6896,,,,,Chairat S.
res_partner_cust_26,บริษัท ไบเออร์ไทย จำกัด,"Bayer Thai Co.,Ltd.",,Cash,100000,TRUE,TRUE,FALSE,,Default,FALSE,130/1 ถ.สาทรเหนือ,แขวง สีลม เขต บางรัก,10500,กรุงเทพมหานคร,Thailand,0-2324-620,,0-2709-4325,,,,,Surasak S.
res_partner_cust_27,ห้างหุ้นส่วนจำกัด บีบีเอส บ่อวิน เอ็นจิเนียริ่ง,ห้างหุ้นส่วนจำกัด บีบีเอส บ่อวิน เอ็นจิเนียริ่ง,,30 Days,,TRUE,TRUE,FALSE,,Default,FALSE,75/37 หมู่ 7,แขวง บ่อวิน เขต ศรีราชา,20230,ชลบุรี,Thailand,0-3805-7726,,0-3805-7727,,,,,Weeranuwat S.
res_partner_cust_28,บริษัท บี.กริม แอร์คอนดิชั่นนิ่ง จำกัด,"B.Grimm Airconditioning Co.,Ltd.",,60 Days,,TRUE,TRUE,FALSE,,Default,FALSE,54 หมู่ 14 ถ.สุวินทวงศ์,แขวง กระทุ่มราย เขต หนองจอก,10530,กรุงเทพมหานคร,Thailand,0-2988-2391-7,,0-2988-2144,,,,,Visak T.
res_partner_cust_29,บริษัท เบลล์เลอร์ จำกัด,"Beller Co.,Ltd.",,Cash,,TRUE,TRUE,FALSE,,Default,FALSE,105/105 หมู่ 10 หมู่บ้านพฤกษาทาวน์ 1 (ราชพฤกษ์) ถ.,แขวง บางกร่าง เขต เมือง,11000,นนทบุรี,Thailand,0-2444-5076,,0-2444-5079,,,,,Weeranuwat S.
res_partner_cust_30,บริษัท บางกอกอินเตอร์คอน จำกัด,"Bangkok Intercon Co.,Ltd.",,30 Days,,TRUE,TRUE,FALSE,,Default,FALSE,35/14 หมู่ 6 ถ.สุขุมวิท 77,แขวง ประเวศ เขต ประเวศ,10250,กรุงเทพมหานคร,Thailand,"0-2321-2602, 0-2321-9049",,0-2721-2791,,,,,
res_partner_cust_31,บริษัท บิลเดอร์ มาสเตอร์ จำกัด,"Builder Master Co.,Ltd.",,60 Days,,TRUE,TRUE,FALSE,,Default,FALSE,99/79 หมู่ ถ.พุทธมณฑลสาย 5,แขวง บางกระทึก เขต สามพราน,13210,นครปฐม,Thailand,0-2482-1491-2,,0-2800-1634,,,,,Surasak S.
res_partner_cust_32,บริษัท ไบโอมูฟ จำกัด,"BIOMOVE Co.,Ltd.",,Cash,,TRUE,TRUE,FALSE,,Default,FALSE,222/24 หมู่ 12 ซอย มัยลาภ ถ.รามอินทรา 14,แขวง ลาดพร้าว เขต ลาดพร้าว,10230,กรุงเทพมหานคร,Thailand,0-2274-8614,,0-2274-8615,,,,,Weeranuwat S.
res_partner_cust_33,บริษัท บี ไอ เอส เอส จำกัด,"BISS Co.,Ltd.",,Cash,,TRUE,TRUE,FALSE,,Default,FALSE,4/250 ซอย หมู่บ้านมิตรภาพ ถ.ศรีนครินทร์,แขวง หนองบอน เขต ประเวศ,10250,กรุงเทพมหานคร,Thailand,0-2322-4833,,0-2322-4833,,,,,Weeranuwat S.
res_partner_cust_34,บริษัท บี.กริม เฮ็ลธ แคร์ จำกัด,"B.Grimm Healthcare Co.,Ltd.",,Cash,,TRUE,TRUE,FALSE,,Default,FALSE,88 ถ.กรุงเทพกรีฑา,แขวง หัวหมาก เขต บางกะปิ,10240,กรุงเทพมหานคร,Thailand,0-2710-3000,,"0-2379-4252, 0-2374-4469",,,,,Surasak S.
res_partner_cust_35,ร้านบุญญลิต,ร้านบุญญลิต,,Cash,,TRUE,TRUE,FALSE,,Default,FALSE,1806-07 หมู่ 4 ถ.สุขุมวิท,แขวง เทพารักษ์ เขต เมือง,10270,สมุทรปราการ,Thailand,0-2384-1574,,0-2757-7387,,,,,Chairat S.
res_partner_cust_36,บริษัท เบสเทรด พรีซิชั่น จำกัด,"Bestrade Precision Co.,Ltd.",,Cash,,TRUE,TRUE,FALSE,,Default,FALSE,701/20 ซอย วัดจันทร์ใน,แขวง บางโคล่ เขต บางคอแหลม,10120,กรุงเทพมหานคร,Thailand,0-2264-1600,,0-2284-1591-2,,,,,Dusit T.
res_partner_cust_37,ห้างหุ้นส่วนจำกัด บางพลี แฟคตอรี่ คอนซัลท์,ห้างหุ้นส่วนจำกัด บางพลี แฟคตอรี่ คอนซัลท์,,30 Days,,TRUE,TRUE,FALSE,,Default,FALSE,300/27 หมู่ 11,แขวง บางพลีใหญ่ เขต บางพลี,10540,สมุทรปราการ,Thailand,0-2337-3614,,0-2752-1184,,,,,
res_partner_cust_38,บริษัท บัลมอรัล จำกัด,"Balmoral Co., Ltd",,30 Days,,TRUE,TRUE,FALSE,,Default,FALSE,177/25 หมู่ 8 ซอย ชนบท ถ.รามคำแหง,แขวง มีนบุรี เขต มีนบุรี,10510,กรุงเทพมหานคร,Thailand,0-2919-4077,,,,,,,Chatchai T.
res_partner_cust_39,บริษัท บ้านสีเขียว จำกัด,"Ban See Keaw Co.,Ltd.",,30 Days,,TRUE,TRUE,FALSE,,Default,FALSE,494 หมู่ 6,แขวง พนานิคม เขต กิ่งอำเภอนิคม,21180,ระยอง,Thailand,0-3889-7434-5,,0-3889-7435,,,,,Visak T.
res_partner_cust_40,ห้างหุ้นส่วนจำกัด บูญรวม เอ็นจิเนียริ่ง,"Boonruam Engineering Ltd.,Part.",,30 Days,,TRUE,TRUE,FALSE,,Default,FALSE,88/1034 หมู่ 6 ถ.พระราม 2,แขวง แสมดำ เขต บางขุนเทียน,10150,กรุงเทพมหานคร,Thailand,0-2416-6534,,0-2416-6550,,,,,Visak T.
res_partner_cust_41,บริษัท บีที ฮีท-ชีล โซลูชั่น (ประเทศไทย) จำกัด,"BT Heat-Chill Solution (Thailand) Co.,Ltd.",,Cash,,TRUE,TRUE,FALSE,,Default,FALSE,531/64 ซอย ศูนย์วิจัย 4 ถ.พระราม 9,แขวง บางกะปิ เขต ห้วยขวาง,10310,กรุงเทพมหานคร,Thailand,0-2719-7396,,0-2719-7397,,,,,Chatchai T.
res_partner_cust_42,บริษัท บิทไว้ส์ (ประเทศไทย) จำกัด,"Bitwise (Thailand) Co.,Ltd.",,30 Days,200000,TRUE,TRUE,FALSE,,Default,FALSE,25/12 หมู่ 20 ซอย ศรีทองสุข 2 ถ.เทพารักษ์ กม. 12,แขวง บางพลีใหญ่ เขต บางพลี,10540,สมุทรปราการ,Thailand,0-2312-3995-8,,0-2312-3104,,,,,Dusit T.
res_partner_cust_43,บริษัท เบิร์ค ก่อสร้าง จำกัด,"Burke Construction Co.,Ltd.",,30 Days,1000000,TRUE,TRUE,FALSE,,Default,FALSE,19/12 อาคาร เคพีเอ็นทาวเวอร์ ชั้น 11 โซน D1 ถ.พระราม 9,แขวง บางกะปิ เขต ห้วยขวาง,10320,กรุงเทพมหานคร,Thailand,0-2717-1300,,0-2717-1310,,,,,Chatchai T.
res_partner_cust_44,บริษัท เบอร์ลี่ยุคเกอร์ จำกัด (มหาชน),"Berli Jucker Public Co.,Ltd.",,Cash,1000000,TRUE,TRUE,FALSE,,Default,FALSE,99 ซอย รูเบีย ถ.สุขุมวิท 42,แขวง พระโขนง เขต คลองเตย,10110,กรุงเทพมหานคร,Thailand,"0-2367-1199, 0-2367-1177",,0-2381-4541,,,,,Weeranuwat S.
res_partner_cust_45,บริษัท ไบโอเนท-เอเชีย จำกัด,"BioNet-Asia Co.,Ltd.",,Cash,10000000,TRUE,TRUE,FALSE,,Default,FALSE,19/1 ซอย อุดมสุข 37 ถ.สุขุมวิท 103,แขวง บางจาก เขต พระโขนง,10260,กรุงเทพมหานคร,Thailand,0-2361-8110,,0-2361-8105,,,,,Visak T.
res_partner_cust_46,บริษัท บิ๊ค เคมิคอล จำกัด,"BIC Chemical Co.,Ltd.",,30 Days,10000000,TRUE,TRUE,FALSE,,Default,FALSE,333/12-13 หมู่ 9 ถ.บางบัวทอง-สุพรรณบุรี,แขวง ละหาร เขต บางบัวทอง,11110,นนทบุรี,Thailand,"0-2964-4912-4, 0-2964-4973-6",,0-2964-4915,,,,,Chatchai T.
res_partner_cust_47,บริษัท บิวเดอสมาร์ท จำกัด (มหาชน),"Builder Smart Public Co.,Ltd.",,Cash,,TRUE,TRUE,FALSE,,Default,FALSE,905/7 ซอย พระราม 3 ที่ 51 ถ.พระราม 3,แขวง บางโพงพาง เขต ยานนาวา,10120,กรุงเทพมหานคร,Thailand,0-2683-4900,,0-2683-4949,,,,,Weeranuwat S.
res_partner_cust_48,บริษัท เบตเตอร์ เบสท์ อิมเมจ จำกัด,"Better Best Image Co.,Ltd.",,30 Days,,TRUE,TRUE,FALSE,,Default,FALSE,452 ซอย 28 ถ.รัชดาภิเษก,แขวง สามเสนนอก เขต ห้วยขวาง,10320,กรุงเทพมหานคร,Thailand,0-2938-2568-9,,0-2938-1405,,,,,
res_partner_cust_49,บริษัท เบตเตอร์ เบสท์ อิมเมจ จำกัด (Shipping),"Better Best Image Co.,Ltd.",,,,FALSE,TRUE,FALSE,บริษัท เบตเตอร์ เบสท์ อิมเมจ จำกัด,Shipping,FALSE,253 หมู่ 2,แขวง ขามทะเลสอ เขต ขามทะเลสอ,30280,นครราชสีมา,Thailand,0-4433-3001-4,,0-4433-3338,,,,,
res_partner_cust_50,บริษัท เบสท์ไดเรคชั่น ซิสเต็ม จำกัด,"Best Direction System Co.,Ltd.",,30 Days,,TRUE,TRUE,FALSE,,Default,FALSE,52/1 หมู่ 13,แขวง สะพานสูง เขต สะพานสูง,10250,กรุงเทพมหานคร,Thailand,"0-2736-1700-3, 0-2736-1705-8",,"0-2736-1704, 0-2736-1709",,,,,Chatchai T.
res_partner_cust_51,บริษัท บางกอกมีท โปรเซสซิ่ง จำกัด,"Bangkok Meat Processing Co.,Ltd.",,Cash,,TRUE,TRUE,FALSE,,Default,FALSE,3/2 ซอย สุขุมวิท 27 ถ.สุขุมวิท,แขวง คลองเตยเหนือ เขต วัฒนา,10110,กรุงเทพมหานคร,Thailand,0-2661-7560-9,,0-2261-0888-9,,,,,
res_partner_cust_52,บริษัท บางกอก เดค-คอน จำกัด,"Bangkok Dec-Con Co.,Ltd.",,Cash,,TRUE,TRUE,FALSE,,Default,FALSE,52/3 หมู่ 8 ถ.บางบัวทอง-สุพรรณบุรี,แขวง ละหาร เขต บางบัวทอง,11110,นนทบุรี,Thailand,0-2925-5777,,0-2925-5778,,,,,
res_partner_cust_53,บริษัท เบลตัน อินดัสเตรียล (ประเทศไทย) จำกัด,"Belton Industrial (Thailand) Co.,Ltd.",,30 Days,,TRUE,TRUE,FALSE,,Default,FALSE,101/110 หมู่ 20 ถ.พหลโยธิน,แขวง คลองหนึ่ง เขต คลองหลวง,12120,ปทุมธานี,Thailand,0-2529-7400,,0-2529-5076,,,,,Chairat S.
res_partner_cust_54,บริษัท บี.พี.เอส. รีฟริกเจอเรชั่น จำกัด,"B.P.S. Refrigeration Co.,Ltd.",,Cash,,TRUE,TRUE,FALSE,,Default,FALSE,161/173 หมู่ 9 หมู่บ้านเก้าแสน ถ.เทพารักษ์,แขวง บางปลา เขต บางพลี,10540,สมุทรปราการ,Thailand,0-2706-6484,,0-2706-4673,,,,,
res_partner_cust_55,บริษัท ซี อี แอนด์ ที อินเตอร์เนชั่นแนล จำกัด,"CE & T International Co.,Ltd.",,30 Days,,TRUE,TRUE,FALSE,,Default,FALSE,209/1 ถ.พระราม 3,แขวง บางคอแหลม เขต บางคอแหลม,10120,กรุงเทพมหานคร,Thailand,0-2289-4029-30,,0-2289-3979,,,,,Chatchai T.
res_partner_cust_56,บริษัท คลีนแอร์ เทคโนโลยี จำกัด,"Clean Air Technology Co.,Ltd.",,Cash,,TRUE,TRUE,FALSE,,Default,FALSE,68/127 หมู่ 7 ถ.รามคำแหง,แขวง มีนบุรี เขต มีนบุรี,10510,กรุงเทพมหานคร,Thailand,0-2722-7307-8,,0-2722-9068,,,,,Chatchai T.
res_partner_cust_57,บริษัท คอนเวอร์แซนต์ เทคโนโลยี จำกัด,"Convernant Technology Co.,Ltd.",,30 Days,200000,TRUE,TRUE,FALSE,,Default,FALSE,9/10 ซอย อ่อนนุช 27 ถ.,แขวง สวนหลวง เขต สวนหลวง,10250,กรุงเทพมหานคร,Thailand,0-2742-2872-3,,0-2742-2677,,,,,Weeranuwat S.
res_partner_cust_58,บริษัท ซายน์เทค จำกัด,"Science Tech Co.,Ltd.",,PDC. 15 Days,,TRUE,TRUE,FALSE,,Default,FALSE,321/43 ถ.นางลิ้นจี่,แขวง ช่องนนทรี เขต ยานนาวา,10120,กรุงเทพมหานคร,Thailand,0-2285-4101,,0-2854-4178,,,,,Dusit T.
res_partner_cust_59,ห้างหุ้นส่วนจำกัด เชียงใหม่วีระวิศวการ,ห้างหุ้นส่วนจำกัด เชียงใหม่วีระวิศวการ,,PDC. 30 Days,500000,TRUE,TRUE,FALSE,,Default,FALSE,44-44/1-2 หมู่ 5,แขวง ฟ้าฮ่าม เขต เมือง,50000,เชียงใหม่,Thailand,0-5385-3100,,0-5385-2344,,,,,Chatchai T.
res_partner_cust_60,บริษัท ซีที โฟลว์ จำกัด,"C.T. Flow Co.,Ltd.",,Cash,100000,TRUE,TRUE,FALSE,,Default,FALSE,801/212 หมู่ 8,แขวง คูคต เขต ลำลูกกา,12130,ปทุมธานี,Thailand,0-2531-6801-2,,0-2351-7951,,,,,Chatchai T.
res_partner_cust_61,บริษัท ซีพีเอฟ ผลิตภัณฑ์อาหาร จำกัด,บริษัท ซีพีเอฟ ผลิตภัณฑ์อาหาร จำกัด,,30 Days,,TRUE,TRUE,FALSE,,Default,FALSE,111 ซอย บางนา-ตราด 20 ถ.,แขวง บางนา เขต บางนา,10260,กรุงเทพมหานคร,Thailand,0-2746-9731-8,,0-2746-9708,,,,,Weeranuwat S.
res_partner_cust_62,บริษัท คลีนสแตท (ประเทศไทย) จำกัด,"Cleanstat (Thailand) Co.,Ltd.",,30 Days,200000,TRUE,TRUE,FALSE,,Default,FALSE,207 หมู่ 1,แขวง บ้านเลน เขต บางปะอิน,13160,พระนครศรีอยุธยา,Thailand,0-3595-0511,,0-3595-0509,,,,,Weeranuwat S.
res_partner_cust_63,บริษัท คลีนแอร์อินโนเวชั่น จำกัด,"Clean Airinnovation Co.,Ltd.",,30 Days,5000000,TRUE,TRUE,FALSE,,Default,FALSE,551/80 ซอย สรรค์สุข ถ.สาธุประดิษฐ์,แขวง ช่องนนทรี เขต ยานนาวา,10120,กรุงเทพมหานคร,Thailand,0-2682-0438,,0-2294-6068,,,,,Chairat S.
res_partner_cust_64,บริษัท แคนนอน ฟาร์อีสต์ (ไทยแลนด์) จำกัด,"Cannon Far East Thailand Co.,Ltd.",,Cash,50000,TRUE,TRUE,FALSE,,Default,FALSE,48 ซอย รามคำแหง 14 ถ.รามคำแหง,แขวง หัวหมาก เขต บางกะปิ,10240,กรุงเทพมหานคร,Thailand,0-2319-2591-7,,0-2319-2598,,,,,Visak T.
res_partner_cust_65,บริษัท จิรสิน แมชชีนเนอรี่ เซอร์วิส จำกัด,"Chirasin Machinery Service Co.,Ltd.",,Cash,,TRUE,TRUE,FALSE,,Default,FALSE,3/253-255 หมู่ 9 ถ.สุวินทวงศ์,แขวง ลำผักชี เขต หนองจอก,10530,กรุงเทพมหานคร,Thailand,0-2543-5151,,0-2543-5663,,,,,Weeranuwat S.
res_partner_cust_66,บริษัท คลีน แอร์ โปรดักท์ จำกัด,"Clean Air Product Co.,Ltd.",,30 Days,,TRUE,TRUE,FALSE,,Default,FALSE,14/2 ซอย รามคำแหง 21 ถ.รามคำแหง,แขวง วังทองหลาง เขต วังทองหลาง,10310,กรุงเทพมหานคร,Thailand,"0-2319-7035-6, 0-2319-3780, 0-2718-6140, 0-2718-6421",,0-2718-5859,,,,,Chatchai T.
res_partner_cust_67,ห้างหุ้นส่วนจำกัด เชียงใหม่กฤษฎาการช่าง,ห้างหุ้นส่วนจำกัด เชียงใหม่กฤษฎาการช่าง,,Cash,200000,TRUE,TRUE,FALSE,,Default,FALSE,22 หมู่ 10,แขวง ป่าไผ่ เขต สันทราย,50210,เชียงใหม่,Thailand,0-5349-8896,,0-5349-8896,,,,,Chairat S.
res_partner_cust_68,บริษัท คลูเทค เอ็นจิเนียริ่ง จำกัด,"Cool Tech Engineering Co.,Ltd.",,7 Days,,TRUE,TRUE,FALSE,,Default,FALSE,108/26 หมู่ 4 ถ.พุทธมณฑลสาย 2,แขวง บางแคเหนือ เขต บางแค,10160,กรุงเทพมหานคร,Thailand,0-2805-4008-9,,0-2805-4008,,,,,Dusit T.
res_partner_cust_69,บริษัท ซีทีแลบอราตอรี่ จำกัด,"CT Laboraory Co.,Ltd.",,Cash,,TRUE,TRUE,FALSE,,Default,FALSE,99/99 ซอย ติวานนท์ 38 ถ.ติวานนท์,แขวง ท่าทราย เขต เมือง,11000,นนทบุรี,Thailand,0-2950-7738-42,,0-2589-4098,,,,,Weeranuwat S.
res_partner_cust_70,ห้างหุ้นส่วนจำกัด ซี.เค.เอส. เทคโนโลยี,"C.K.S. Technology Ltd.,Part.",,Cash,,TRUE,TRUE,FALSE,,Default,FALSE,525/58 หมู่ 2,แขวง ประชาธิปัตย์ เขต ธัญบุรี,,ปทุมธานี,Thailand,0-2979-0739,,0-2979-0739,,,,,
res_partner_cust_71,บริษัท เชียร์ ซิสเต็ม อินเตอร์เนชั่นแนล (ไทยแลนด์) จำกัด,"Cheer System International (Thailand) Co.,Ltd.",,PDC. 30 Days,,TRUE,TRUE,FALSE,,Default,FALSE,103/1-2 หมู่ 12,แขวง บางปลา เขต บางพลี,10540,สมุทรปราการ,Thailand,0-2174-6182-6,,0-2174-6187,,,,,Chatchai T.
res_partner_cust_72,บริษัท ชัยภัฎ เทรดดิ้ง แอนด์ คอนสตรัคชั่น จำกัด,"Chaiphat Trading And Construction Co.,Ltd.",,7 Days,,TRUE,TRUE,FALSE,,Default,FALSE,69/114 ถ.จรัญสนิทวงศ์,แขวง บางขุนศรี เขต บางกอกน้อย,10700,กรุงเทพมหานคร,Thailand,0-2865-8736-7,,0-2865-8738,,,,,Chatchai T.
res_partner_cust_73,บริษัท เจริญไชย โฮม ซิสเต็ม จำกัด,"Charoenchai Home System Co.,Ltd.",,Cash,,TRUE,TRUE,FALSE,,Default,FALSE,84/9 หมู่ 3 ถ.ติวานนท์,แขวง บางพูด เขต ปากเกร็ด,11120,นนทบุรี,Thailand,0-2582-2679,,0-2582-2680,,,,,Dusit T.
res_partner_cust_74,บริษัท คอนเนลส์ เอ็นจิเนียริ่ง (ประเทศไทย) จำกัด,"Connols Engineering (Thailand) Co.,Ltd.",,30 Days,,TRUE,TRUE,FALSE,,Default,FALSE,48/53 หมู่ 7 ถ.บุญคุ้ม,แขวง คูคต เขต ลำลูกกา,12130,ปทุมธานี,Thailand,0-2900-6900-4,,0-2900-6905,,,,,Chairat S.
res_partner_cust_75,บริษัท แคเรียร์ ริฟริจเจอเรชั่น (ประเทศไทย) จำกัด,"Carrier Refrigeration (Thailand) Co.,Ltd.",,30 Days,,TRUE,TRUE,FALSE,,Default,FALSE,46/63-74 ชั้น 14 อาคาร เนชั่นทาวเวอร์ ถ.บางนา-ตราด กม.4.5,แขวง บางนา เขต บางนา,10260,กรุงเทพมหานคร,Thailand,0-2751-4777,,"0-2751-4778, 0-2751-4780",,,,,Chatchai T.
res_partner_cust_76,บริษัท ซีอาร์ที ดิสเพลย์ เทคโนโลยี จำกัด,"CRT Display Technology Co.,Ltd.",,30 Days,,TRUE,TRUE,FALSE,,Default,FALSE,1 อาคาร เนชั่นทาวเวอร์ ถ.ปูนซิเมนต์ไทย,แขวง บางซื่อ เขต บางซื่อ,10800,กรุงเทพมหานคร,Thailand,0-2586-5581,,0-2587-2135,,,,,
res_partner_cust_77,บริษัท ซีอาร์ที ดิสเพลย์ เทคโนโลยี จำกัด (โรงงาน),"CRT Display Technology Co.,Ltd. (Factory)",,,,FALSE,TRUE,FALSE,บริษัท ซีอาร์ที ดิสเพลย์ เทคโนโลยี จำกัด,Shipping,FALSE,133 หมู่ 3,แขวง หนองละลอก เขต บ้านค่าย,21120,ระยอง,Thailand,0-3889-2245-7,,"0-3889-2244, 0-3889-2366",,,,,
res_partner_cust_78,บริษัท คลูแมน คอร์ปอเรชั่น จำกัด,"Coolman Corporation Co.,Ltd.",,Cash,,TRUE,TRUE,FALSE,,Default,FALSE,99 หมู่ 3 ซอย โรงหมี่ ถ.บางบัวทองไทรน้อย,แขวง บางบัวทอง เขต บางบัวทอง,,นนทบุรี,Thailand,0-2922-6250,,0-2922-6240,,,,,
res_partner_cust_79,บริษัท ซี.เอ็น.คูลส์ แอนด์ คอนโทรลเลอร์ จำกัด,"CN Cool & Controller Co.,Ltd.",,Cash,,TRUE,TRUE,FALSE,,Default,FALSE,112/1503 หมู่ 11 ถ.บางนา-ตราด,แขวง บางนา เขต บางนา,10260,กรุงเทพมหานคร,Thailand,0-2746-8822,,0-2393-5399,,,,,Chatchai T.
res_partner_cust_80,บริษัท โชคประพันธ์ก่อสร้าง จำกัด,"Choke Pra Phan Construetion Co.,Ltd.",,Cash,,TRUE,TRUE,FALSE,,Default,FALSE,47/2 ถ.วิภาวดีรังสิต,แขวง ลาดยาว เขต จตุจักร,10900,กรุงเทพมหานคร,Thailand,0-2941-0970-3,,0-2941-3134,,,,,
res_partner_cust_81,ห้างหุ้นส่วนจำกัด ชลบุรีเฮงกลการ,ห้างหุ้นส่วนจำกัด ชลบุรีเฮงกลการ,,Cash,,TRUE,TRUE,FALSE,,Default,FALSE,18/24 หมู่ 6 ซอย พงษ์ทิพย์ ถ.เศรษกิจ,แขวง บ้านสวน เขต เมือง,20000,ชลบุรี,Thailand,"0-3879-9887, 0-3879-8171",,0-3879-8171,,,,,
res_partner_cust_82,บริษัท ไซเบอร์ แม็คคานิค จำกัด,"Cyber Mechanic Co.,Ltd.",,60 Days,,TRUE,TRUE,FALSE,,Default,FALSE,32/185 หมู่ 8 ซอย นวลจันทร์ 12 ถ.นวลจันทร์,แขวง คลองกุ่ม เขต บึงกุ่ม,10230,กรุงเทพมหานคร,Thailand,"0-2946-0323-4, 0-2946-0350",,0-2946-0606,,,,,
res_partner_cust_83,บริษัท ซี.พี.กรุ๊ป (1994) จำกัด,"CP Group (1994) Co.,Ltd.",,PDC. 60 Days,,TRUE,TRUE,FALSE,,Default,FALSE,5 หมู่ 10,แขวง บางปลา เขต บางพลี,10540,สมุทรปราการ,Thailand,0-2750-7187-89,,0-2750-7190,,,,,Visak T.
res_partner_cust_84,บริษัท คอมพลีท ไลน์ จำกัด,"Complete Line Co.,Ltd.",,30 Days,,TRUE,TRUE,FALSE,,Default,FALSE,220 ซอย อ่อนนุช 35 ถ.สุขุมวิท 77,แขวง สวนหลวง เขต สวนหลวง,10250,กรุงเทพมหานคร,Thailand,0-2320-1427-8,,0-2721-5290,,,,,Surasak S.
res_partner_cust_85,บริษัท โคลด์ ไบรท์ จำกัด,"Cold Bright Co.,Ltd.",,Cash,,TRUE,TRUE,FALSE,,Default,FALSE,47 ถ.หลานหลวง,แขวง วัดโสมนัส เขต ป้อมปราบศรัตรูพ่าย,10100,กรุงเทพมหานคร,Thailand,0-2628-0901,,0-2628-1568,,,,,
res_partner_cust_86,บริษัท คูลเทค จำกัด,"Cooltech Co.,Ltd.",,PDC. 30 Days,100000,TRUE,TRUE,FALSE,,Default,FALSE,38/34 หมู่ 4,แขวง ลำลูกกา เขต ลำลูกกา,12150,ปทุมธานี,Thailand,"0-2569-1849, 0-2987-0103",,0-2987-0075,,,,,Weeranuwat S.
res_partner_cust_87,บริษัท ซี.ไอ. กรุ๊ป จำกัด (มหาชน),"C.I. Group Public Co.,Ltd.",,60 Days,1000000,TRUE,TRUE,FALSE,,Default,FALSE,1/1 หมู่ 7 ถ.บางคูวัด,แขวง บางคูวัด เขต เมือง,12000,ปทุมธานี,Thailand,"0-2976-5290-9, 0-2598-2331-2",,0-2976-5023,,,,,Dusit T.
res_partner_cust_88,บริษัท ซีเอ็มวีซี เอ็นจิเนียริ่ง จำกัด,"CMVC Engineering Co.,Ltd.",,30 Days,,TRUE,TRUE,FALSE,,Default,FALSE,1/369 หมู่ 11 ซอย หมู่บ้านเพชรมณฑลกรีน ถ.บางบอน 5,แขวง หนองแขม เขต หนองแขม,10160,กรุงเทพมหานคร,Thailand,0-2811-3931,,0-2814-9616,,,,,Chatchai T.
res_partner_cust_89,บริษัท แคพซูลเจล (ประเทศไทย) จำกัด,"Capsugel (Thailand) Co.,Ltd.",,30 Days,,TRUE,TRUE,FALSE,,Default,FALSE,1/82 หมู่ 5 ซอย สวนอุตสาหกรรมโรจนะ ถ.โรจนะ,แขวง คานหาม เขต อุทัย,13210,พระนครศรีอยุธยา,Thailand,0-3533-4000,,0-3533-4072,,,,,Chairat S.
res_partner_cust_90,บริษัท ครีเอทีฟเวย์ เอ็นจิเนียริ่ง จำกัด,"Creative Way Engineering Co.,Ltd.",,Cash,,TRUE,TRUE,FALSE,,Default,FALSE,129/48 หมู่ 2,แขวง สุรศักดิ์ เขต ศรีราชา,20110,ชลบุรี,Thailand,0-3810-4064,,0-3810-4065,,,,,Chairat S.
res_partner_cust_91,บริษัท ชัยรัตน์ อลูมิเนียม จำกัด,"Chairat Aluminium Co.,Ltd.",,Cash,,TRUE,TRUE,FALSE,,Default,FALSE,130/1 ถ.สุขุมวิท,แขวง ศรีราชา เขต ศรีราชา,20110,ชลบุรี,Thailand,0-3831-3231,08-1340-2462,0-3831-3231,,,,,Chairat S.
res_partner_cust_92,บริษัท แคร์เรียร์ ลินเด้ รีฟริเจอเรชั่น (ประเทศไทย) จำกัด,"Carrier Linde Refrigeration (Thailand) Co.,Ltd.",,60 Days,,TRUE,TRUE,FALSE,,Default,FALSE,72 ถ.รามอินทรา,แขวง มีนบุรี เขต มีนบุรี,10510,กรุงเทพมหานคร,Thailand,"0-2517-2000, 0-2517-2021, 0-217-2404, 0-2517-2407",,"0-2517-2625, 0-2517-2652",,,,,Chatchai T.
res_partner_cust_93,บริษัท ดีไซน์ ออลเทอร์เนทีฟ จำกัด,"Design Alternative Co.,Ltd.",,30 Days,1000000,TRUE,TRUE,FALSE,,Default,FALSE,480 หมู่ 3 ซอย ประชาอุทิศ 90 ถ.ประชาอุทิศ,แขวง บ้านคลองสวน เขต พระสมุทรเจดีย์,10290,สมุทรปราการ,Thailand,0-2848-4889,,0-2848-4881-2,,,,,Dusit T.
res_partner_cust_94,บริษัท ไดนามิกส์ ซิสเต็ม แอนด์ โซลูชั่น (เอเชีย) จำกัด,"Dynamics System and Solution (Asia) Co.,Ltd.",,Cash,,TRUE,TRUE,FALSE,,Default,FALSE,53/8 หมู่ 12 ถ.รามอินทรา,แขวง คลองกุ่ม เขต บึงกุ่ม,10230,กรุงเทพมหานคร,Thailand,0-2187-1184,,0-2187-1185,,,,,Weeranuwat S.
res_partner_cust_95,บริษัท ดีเน็ต โซลูชั่น จำกัด,"D-Net Solution Co.,Ltd.",,7 Days,300000,TRUE,TRUE,FALSE,,Default,FALSE,177/1 อาคาร บางกอกสหประกันภัย ชั้น 14 ยูนิต 4 ถ.สุรวงศ์,แขวง สุริยวงศ์ เขต บางรัก,10500,กรุงเทพมหานคร,Thailand,0-2634-7667-8,,0-2634-7669,,,,,Weeranuwat S.
res_partner_cust_96,บริษัท ดีแซด การ์ด (ไทยแลนด์) จำกัด,"DZ Card (Thailand) Co.,Ltd.",,7 Days,,TRUE,TRUE,FALSE,,Default,FALSE,139 หมู่ 17 นิคมอุตสาหกรรมบางพลี ถ.บางนา-ตราด,แขวง บางเสาธง เขต บางเสาธง,10540,สมุทรปราการ,Thailand,0-2705-1939,,0-2705-1938,,,,,Weeranuwat S.
res_partner_cust_97,บริษัท ดีคูล (ประเทศไทย) จำกัด,บริษัท ดีคูล (ประเทศไทย) จำกัด,,Cash,,TRUE,TRUE,FALSE,,Default,FALSE,168/8 หมู่ 1 ถ.ประชาอุทิศ,แขวง ทุ่งครุ เขต ทุ่งครุ,10140,กรุงเทพมหานคร,Thailand,0-2873-1585,,0-2427-6047,,,,,Weeranuwat S.
res_partner_cust_98,บริษัท ไดกิ้นแอร์คอนดิชั่นนิ่ง (ประเทศไทย) จำกัด,"Daikin Airconditioning (Thailand) Co.,Ltd.",,60 Days,,TRUE,TRUE,FALSE,,Default,FALSE,700/444 หมู่ 7 ถ.บางนา-ตราด กม. 57,แขวง ดอนหัวฬ่อ เขต เมือง,20000,ชลบุรี,Thailand,0-3871-7066-70,,0-3845-4184,,,,,Surasak S.
res_partner_cust_99,บริษัท ดี เอ ดี ซัพพลาย จำกัด,"D A D Supply Co.,Ltd.",,60 Days,,TRUE,TRUE,FALSE,,Default,FALSE,410 ซอย พระยาสุเรนทร์ 30 ถ.รามอินทรา 109,แขวง บางชัน เขต คลองสามวา,10510,กรุงเทพมหานคร,Thailand,0-2540-6871,,0-2918-6954,,,,,Dusit T.
res_partner_cust_100,บริษัท ผักด๊อกเตอร์ จำกัด,"Doctor Vegatables Co.,Ltd.",,30 Days,,TRUE,TRUE,FALSE,,Default,FALSE,3 หมู่ 6,แขวง บึงกาสาม เขต หนองเสือ,12170,ปทุมธานี,Thailand,0-2150-6098,,0-2150-6099,,,,,Surasak S.
res_partner_cust_101,บริษัท ดี-คุลเลอร์ (ประเทศไทย) จำกัด,"D-Kuhle (Thailand) Co.,Ltd.",,Cash,,TRUE,TRUE,FALSE,,Default,FALSE,69/73 หมู่ 8 ซอย รามอินทรา 30 ถ.รามอินทรา,แขวง ท่าแร้ง เขต บางเขน,10290,กรุงเทพมหานคร,Thailand,0-2509-3449-50,,0-2509-3396,,,,,Dusit T.
res_partner_cust_102,บริษัท เอกธนัช จำกัด,"Eakthanat Co.,Ltd.",,30 Days,,TRUE,TRUE,FALSE,,Default,FALSE,42/51 ซอย นิมิตรใหม่ 6/1,แขวง มีนบุรี เขต มีนบุรี,10510,กรุงเทพมหานคร,Thailand,0-2942-1697,,0-2942-1697,,,,,Chairat S.
res_partner_cust_103,บริษัท อี๋เผิง จำกัด,"IE Perng Co.,Ltd.",,Cash,,TRUE,TRUE,FALSE,,Default,FALSE,369/11 หมู่ 3 ถ.สุขุมวิท,แขวง บางปูใหม่ เขต เมือง,10280,สมุทรปราการ,Thailand,0-2709-7130-2,,0-2709-7133,,,,,
res_partner_cust_104,บริษัท เอ็นจ์อีคอน จำกัด,"Engecon Co.,Ltd.",,45 Days,,TRUE,TRUE,FALSE,,Default,FALSE,125/7 หมู่ 5 ถ.แจ้งวัฒนะ,แขวง ปากเก็ด เขต ปากเกร็ด,11120,นนทบุรี,Thailand,"0-2962-1174, 0-2962-2581-4",,0-2962-1175,,,,,Weeranuwat S.
res_partner_cust_105,บริษัท อี เอส ดี เทคโนโลยี จำกัด,"ESD Technology Co.,Ltd.",,30 Days,,TRUE,TRUE,FALSE,,Default,FALSE,30/146 หมู่ 17 ถ.บางนา-ตราด,แขวง บางพลีใหญ่ เขต บางพลี,10540,สมุทรปราการ,Thailand,"0-2750-000, 0-2316-3417",,0-2316-3417,,,,,
res_partner_cust_106,บริษัท เอ็นโปร โปรดักส์ (ไทยแลนด์) จำกัด,"Enpro Product (Thailand) Co.,Ltd.",,Cash,,TRUE,TRUE,FALSE,,Default,FALSE,101/47/18 หมู่ 20 นิคมอุตสาหกรรมนวนคร ถ.พหลโยธิน กม. 46,แขวง คลองหนึ่ง เขต คลองหลวง,12120,ปทุมธานี,Thailand,"0-2529-1069-71, 0-2529-1380-82",,"0-2529-1067, 0-2529-2177",,,,,Surasak S.
res_partner_cust_107,บริษัท เอ็นโค่ เอ็ม แอนด์ อี จำกัด,"Enco M & E Co.,Ltd.",,Cash,,TRUE,TRUE,FALSE,,Default,FALSE,28/3 หมู่ 5,แขวง ลำลูกกา เขต ลำลูกกา,12150,ปทุมธานี,Thailand,0-2720-4360,,0-2720-4360,,,,,Chairat S.
res_partner_cust_108,บริษัท อีโค่ ลิฟวิ่ง จำกัด,"ECO Living Co.,Ltd.",,60 Days,1000000,TRUE,TRUE,FALSE,,Default,FALSE,26 หมู่บ้านรุ่งกิจวิลล่า 4 ซอย ร่มเกล้า 54,แขวง คลองสามประเวศ เขต ลาดกระบัง,10520,กรุงเทพมหานคร,Thailand,0-2737-5525,,0-2737-5526,,,,,Visak T.
res_partner_cust_109,บริษัท เอลีท เทคโนโลยี จำกัด,"Elite Technology Co.,Ltd.",,PDC. 30 Days,,TRUE,TRUE,FALSE,,Default,FALSE,945/54 หมู่ 12 ซอย อุดมสุข 27 ถ.สุขุมวิท 103,แขวง บางนา เขต บางนา,10260,กรุงเทพมหานคร,Thailand,0-2743-2334-8,,0-2399-3223,,,,,
res_partner_cust_110,บริษัท เอ็นจิเน็ท จำกัด,บริษัท เอ็นจิเน็ท จำกัด,,Cash,,TRUE,TRUE,FALSE,,Default,FALSE,10/773 หมู่ 6 ถ.นวมินทร์,แขวง คลองกุ่ม เขต บึงกุ่ม,10240,กรุงเทพมหานคร,Thailand,,,,,,,,
res_partner_cust_111,บริษัท ฟลูโทรล (ประเทศไทย) จำกัด,"FLUTROL (Thailand) Co.,Ltd.",,Cash,,TRUE,TRUE,FALSE,,Default,FALSE,49/44/45 หมู่ 5 ถ.กาญจนาภิเษก,แขวง บางแค เขต บางแค,10160,กรุงเทพมหานคร,Thailand,0-2454-3553,,"0-2801-1680, 0-2801-2621-2",,,,,
res_partner_cust_112,บริษัท เฟรชมีท ฟู้ด โปรดักส์ จำกัด,"Freshmeat Food Product Co.,Ltd.",,30 Days,,TRUE,TRUE,FALSE,,Default,FALSE,12/2 หมู่ 2,แขวง ขุนแก้ว เขต นครชัยศรี,73120,นครปฐม,Thailand,0-3423-2462-4,,0-3423-4457,,,,,Surasak S.
res_partner_cust_113,ห้างหุ้นส่วนจำกัด แฟค 99 เอ็นจิเนียริ่ง,"FAC 99 Engineering Ltd.,Part.",,Cash,200000,TRUE,TRUE,FALSE,,Default,FALSE,101/16 หมู่ 15,แขวง คลองหนึ่ง เขต คลองหลวง,12120,ปทุมธานี,Thailand,0-2908-010,,0-2908-0728,,,,,Chatchai T.
res_partner_cust_114,บริษัท ฟูจิกซ์ (ไทยแลนด์) จำกัด,"Fujix (Thailand) Co.,Ltd.",,30 Days,,TRUE,TRUE,FALSE,,Default,FALSE,296/2 หมู่ 1,แขวง บางบ่อ เขต บางบ่อ,10560,สมุทรปราการ,Thailand,"0-2708-1812-3, 0-2708-3484",,0-2708-5290,,,,,Chairat S.
res_partner_cust_115,บริษัท เฟิร์มกรุ๊ป จำกัด,"Firm Group Co.,Ltd.",,30 Days,,TRUE,TRUE,FALSE,,Default,FALSE,"213, 215 หมู่ 9 ถ.หลวงแพ่ง",แขวง ทับยาว เขต ลาดกระบัง,10520,กรุงเทพมหานคร,Thailand,"0-2360-7601-4, 0-2738-1530-7",,0-2360-7612,,,,,
res_partner_cust_116,บริษัท แกรนด์ครอส เซอร์วิส แอนด์ ซัพพลาย จำกัด,"Grand Cross Service and Supply Co.,Ltd.",,Cash,,TRUE,TRUE,FALSE,,Default,FALSE,148 หมู่ 9 ถ.พุทธมณฑลสาย 4,แขวง กระทุ่มล้ม เขต สามพราน,73220,นครปฐม,Thailand,0-2889-9192,,0-2889-9940,,,,,
res_partner_cust_117,บริษัท เกรท อะโกร จำกัด,"Great Agro Co.,Ltd.",,15 Days,,TRUE,TRUE,FALSE,,Default,FALSE,98/17 ซอย แฟคตอรี่แลนด์ 2 ถ.พุทธมณฑลสาย 5,แขวง ไร่ขิง เขต สามพราน,73210,นครปฐม,Thailand,0-2811-8051-4,,0-2811-9847,,,,,
res_partner_cust_118,บริษัท จี.อี. เอ็นจิเนียริ่ง จำกัด,"G.E. Engineering Co.,Ltd.",,Cash,,TRUE,TRUE,FALSE,,Default,FALSE,5 หมู่ 8 ซอย บางคูลัด ถ.ตลิ่งชัน-สุพรรณบุรี,แขวง บางม่วง เขต บางใหญ่,11140,นนทบุรี,Thailand,0-2921-4390-3,,0-2921-4394,,,,,
res_partner_cust_119,บริษัท เยเนอรัล ฮอสปิตัล โปรดัคส์ จำกัด (มหาชน),"Gerneral Hospital Products Public Co.,Ltd.",,60 Days,,TRUE,TRUE,FALSE,,Default,FALSE,8 อาคาร โกลด์มาร์เก็ต ชั้น 5 ถ.เทศบาลสงเคราะห์,แขวง ลาดยาว เขต จตุจักร,10900,กรุงเทพมหานคร,Thailand,0-2158-0100,,0-2158-0110-1,,,,,Chatchai T.
res_partner_cust_120,บริษัท เยเนอรัล ฮอสปิตัล โปรดัคส์ จำกัด (มหาชน) (โรงงาน),"Gerneral Hospital Products Public Co.,Ltd. (Factory)",,,,FALSE,TRUE,FALSE,บริษัท เยเนอรัล ฮอสปิตัล โปรดัคส์ จำกัด (มหาชน),Shipping,FALSE,101/99 ซอย นวนครโครงการ 1 ซ. 7,แขวง คลองหนึ่ง เขต คลองหลวง,12120,ปทุมธานี,Thailand,0-2529-2560-5,,0-2529-2566,,,,,Chatchai T.
res_partner_cust_121,ห้างหุ้นส่วนจำกัด จี.บี.พี. คูลลิ่ง แอนด์ เซอร์วิส 2005,ห้างหุ้นส่วนจำกัด จี.บี.พี. คูลลิ่ง แอนด์ เซอร์วิส 2005,,Cash,,TRUE,TRUE,FALSE,,Default,FALSE,419/405 หมู่ 10,แขวง ในคลองบางปลากด เขต พระสมุทรเจดีย์,10290,สมุทรปราการ,Thailand,0-2817-8735,,0-2464-1630,,,,,Chairat S.
res_partner_cust_122,บริษัท จีซีเอส กรุ๊ป คอร์ปอเรชั่น จำกัด,"GCS Group Corporation Co.,Ltd.",,60 Days,,TRUE,TRUE,FALSE,,Default,FALSE,88/8 หมู่ 1,แขวง คลองด่าน เขต บางบ่อ,10550,สมุทรปราการ,Thailand,"0-2317-9134-5, 0-2317-9208",,0-2317-9209,,,,,Chatchai T.
res_partner_cust_123,บริษัท จีอี เฮลธแคร์ ไบโอไซส์ (ประเทศไทย) จำกัด,"GE Healthcare Biosciences (Thailand) Co.,ltd.",,30 Days,,TRUE,TRUE,FALSE,,Default,FALSE,1550 อาคาร ธนภูมิ ชั้น 12 ห้อง จี ถ.เพชรบุรีตัดใหม่,แขวง มักกะสัน เขต ราชเทวี,10400,กรุงเทพมหานคร,Thailand,0-2624-8484,,0-2624-8490,,,,,Dusit T.
res_partner_cust_124,บริษัท โกลบอลเทค จำกัด,"Global Tech Co.,Ltd.",,60 Days,,TRUE,TRUE,FALSE,,Default,FALSE,35/51 ซอย ลาดพร้าว 124 ถ.ลาดพร้าว,แขวง วังทองหลาง เขต วังทองหลาง,10310,กรุงเทพมหานคร,Thailand,"0-2934-0433-5, 0-2538-6217, 0-2539-7018",,0-2539-0695,,,,,Chairat S.
res_partner_cust_125,บริษัท กรีนส์ดี จำกัด,"Greendii Co.,Ltd.",,Cash,200000,TRUE,TRUE,FALSE,,Default,FALSE,55/157 หมู่บ้านพฤกษาวิลเลจ คลอง 7 ถ.รังสิต-นครนายก,แขวง ลำผักกูด เขต ธัญบุรี,12110,ปทุมธานี,Thailand,0-2577-0907,,0-2577-3015,,,,,Weeranuwat S.
res_partner_cust_126,บริษัท องค์การเภสัชกรรม-เมอร์ริเออร์ชีววัตถุ จำกัด,"GOVERNMENT PHARMACEUTICAL ORGANIZATION-MERIEUX BIOLOGICAL PRODUCTS CO.,LTD.",,30 Days,,TRUE,TRUE,FALSE,,Default,FALSE,241 หมู่ 7,แขวง หัวสำโรง เขต แปลงยาว,24190,ฉะเชิงเทรา,Thailand,0-3857-9200,,0-3857-5428,,,,,Weeranuwat S.
res_partner_cust_127,บริษัท เกรท คูล เอ็นจิเนียริ่ง จำกัด,"Great Cool Engineering Co.,Ltd.",,Cash,,TRUE,TRUE,FALSE,,Default,FALSE,41/13 หมู่ 10 ถ.,แขวง บางด้วน เขต ภาษีเจริญ,10160,กรุงเทพมหานคร,Thailand,0-2454-1708,,0-2454-1708,,,,,Dusit T.
res_partner_cust_128,บริษัท โกลด์แมน เทรด จำกัด,"Goldman Trade Co., Ltd.",,Cash,,TRUE,TRUE,FALSE,,Default,FALSE,22 ถ.จรัญสนิทวงศ์,แขวง อรุณอมรินทร์ เขต บางกอกน้อย,10700,กรุงเทพมหานคร,Thailand,,,,,,,,Chairat S.
res_partner_cust_129,บริษัท โกลด์แมน เทรด จำกัด (Invoice),"Goldman Trade Co., Ltd.",,,,FALSE,TRUE,FALSE,บริษัท โกลด์แมน เทรด จำกัด,Invoice,FALSE,689/26 ถ.จรัญสนิทวงศ์,แขวง อรุณอมรินทร์ เขต บางกอกน้อย,10700,กรุงเทพมหานคร,Thailand,0-2882-4063,,,,,,,Chairat S.
res_partner_cust_130,บริษัท ไฮคีย์ แอร์คอนด์ เทคโนโลยี จำกัด,"Hikey Aircond Technology Co.,Ltd.",,30 Days,500000,TRUE,TRUE,FALSE,,Default,FALSE,39/66 หมู่ 1,แขวง รังสิต เขต ธัญบุรี,12110,ปทุมธานี,Thailand,0-2577-5642,08-7682-3500,0-2577-5642,,,,,Chatchai T.
res_partner_cust_131,บริษัท ฮิตาชิ จำกัด,"Hitachi Co.,Ltd.",,30 Days,1000000,TRUE,TRUE,FALSE,,Default,FALSE,952 อาคาร รามาแลนด์ ชั้น 19 ถ.พระราม 4,แขวง สุริยวงศ์ เขต บางรัก,10500,กรุงเทพมหานคร,Thailand,0-2879-5770,,0-2879-5771,,,,,Surasak S.
res_partner_cust_132,บริษัท แฮส 155 จำกัด,"Hass 155 Co.,Ltd.",,30 Days,10000000,TRUE,TRUE,FALSE,,Default,FALSE,99/134 ถ.ปทุมสามโคก,แขวง บางปรอก เขต เมือง,12000,ปทุมธานี,Thailand,0-2581-7099,,0-2581-1134,,,,,Chairat S.
res_partner_cust_133,บริษัท เฮลท์แคร์เทคโนโลยี จำกัด,"Health Care Tecnology Co.,Ltd.",,Cash,,TRUE,TRUE,FALSE,,Default,FALSE,13 ซอย 13 เสรี 4 ถ.ราม 9 ตัดใหม่,แขวง สวนหลวง เขต สวนหลวง,10250,กรุงเทพมหานคร,Thailand,0-2261-6539,,0-2258-3862,,,,,Weeranuwat S.
res_partner_cust_134,บริษัท ห้องเย็นท่าข้าม จำกัด,บริษัท ห้องเย็นท่าข้าม จำกัด,,Cash,,TRUE,TRUE,FALSE,,Default,FALSE,100/3 หมู่ 7 ถ.พระราม 2,แขวง แสมดำ เขต บางขุนเทียน,10150,กรุงเทพมหานคร,Thailand,0-2908-8200,,0-2908-1832,,,,,Dusit T.
res_partner_cust_135,บริษัท อินไซท์ เอ็นจิเนียริ่ง จำกัด,บริษัท อินไซท์ เอ็นจิเนียริ่ง จำกัด,,45 Days,,TRUE,TRUE,FALSE,,Default,FALSE,77/16 หมู่ 10,แขวง บางม่วง เขต บางใหญ่,11140,นนทบุรี,Thailand,"0-2443-6667-9, 0-2921-4137-9",,0-2921-4145,,,,,Chairat S.
res_partner_cust_136,บริษัท ไอเอคิวเอ็นจิเนียริ่ง จำกัด,"IAQ Engineering Co.,Ltd.",,30 Days,,TRUE,TRUE,FALSE,,Default,FALSE,700/63 อาคาร รีเจ้นท์ศรีนครินทร์ ทาวเวอร์ ถ.ศรีนครินทร์,แขวง สวนหลวง เขต สวนหลวง,10250,กรุงเทพมหานคร,Thailand,0-2722-7307,,0-2722-9068,,,,,Chatchai T.
res_partner_cust_137,บริษัท อินเตอร์ เอเชีย ซิสเต็มส์ เอ็นจิเนียริ่ง จำกัด,"Inter Asia Systems Engineering Co.,Ltd.",,30 Days,1000000,TRUE,TRUE,FALSE,,Default,FALSE,19/146 หมู่ 7 ถ.บางนา-ตราด กม. 17.5,แขวง บางโฉลง เขต บางพลี,10540,สมุทรปราการ,Thailand,0-2312-7836-7,,0-2312-7929,,,,,Chatchai T.
res_partner_cust_138,บริษัท ไอโซ พาแนล จำกัด,"ISO Panel Co.,Ltd.",,Cash,,TRUE,TRUE,FALSE,,Default,FALSE,82 หมู่ 6 ถ.เศรษกิจ 1,แขวง นาดี เขต เมือง,74000,สมุทรสาคร,Thailand,0-3446-8542-3,,0-3446-8541,,,,,Chairat S.
res_partner_cust_139,บริษัท ไอ คอน ดักส์ จำกัด,"Iconduct Co.,Ltd.",,30 Days,200000,TRUE,TRUE,FALSE,,Default,FALSE,23/28 หมู่ 7,แขวง ลาดสวาย เขต ลำลูกกา,12150,ปทุมธานี,Thailand,0-2994-4809,,0-2994-4809,,,,,Chatchai T.
res_partner_cust_140,บริษัท ไอซีเอ็มเอส เอเชีย (ประเทศไทย) จำกัด,"ICMS Asia (Thailand) Co.,Ltd.",,30 Days,500000,TRUE,TRUE,FALSE,,Default,FALSE,39/13-16 ชั้น 4 ห้อง 4 เอ-ซี ซอย สวนพลู ถ.สาทร,แขวง ทุ่งมหาเมฆ เขต สาทร,10120,กรุงเทพมหานคร,Thailand,0-2675-4101,,0-2675-4108,,,,,Dusit T.
res_partner_cust_141,บริษัท อิตาเลี่ยนไทย เซรามิค เอ็นจิเนียริ่ง จำกัด,"Italian-Thai Ceramic Engineering Co.,Ltd ",,Cash,,TRUE,TRUE,FALSE,,Default,FALSE,17/12 หมู่ 1 ถ.เสรีไทย,แขวง คลองกุ่ม เขต บึงกุ่ม,10240,กรุงเทพมหานคร,Thailand,0-2138-0437,,0-2138-0435,,,,,Weeranuwat S.
res_partner_cust_142,บริษัท อินโนเวท คูล จำกัด,"Innovate Cool Co.,Ltd.",,PDC. 30 Days,,TRUE,TRUE,FALSE,,Default,FALSE,204 ซอ่ย หมู่บ้านเลคการ์เด้น ซอย 2 ถ.ขุมทอง-ลำต้อยติ่ง,แขวง ขุมทอง เขต ลาดกระบัง,10520,กรุงเทพมหานคร,Thailand,0-2704-1218,,0-2704-1218,,,,,Chairat S.
res_partner_cust_143,บริษัท อินวินซิเบิ้ล จำกัด,"Invincible Co.,Ltd.",,Cash,,TRUE,TRUE,FALSE,,Default,FALSE,347/10 หมู่ 6 ถ.พหลโยธิน,แขวง สายไหม เขต สายไหม,10220,กรุงเทพมหานคร,Thailand,0-2533-8501-3,,0-2531-9855,,,,,Chairat S.
res_partner_cust_144,บริษัท อินเพ็ท จำกัด,"Inpet Co.,Ltd.",,Cash,,TRUE,TRUE,FALSE,,Default,FALSE,700/635 หมู่ 3,แขวง บ้านเก่า เขต พานทอง,20160,ชลบุรี,Thailand,0-3844-7006-8,,0-3844-7009,,,,,Chatchai T.
res_partner_cust_145,บริษัท อินซูล คูลลิ่ง เซ็นเตอร์ จำกัด,"Insul Cooling Center Co.,Ltd.",,30 Days,,TRUE,TRUE,FALSE,,Default,FALSE,130/6 หมู่ 3,แขวง รังสิต เขต ธัญบุรี,12150,ปทุมธานี,Thailand,0-2904-4395-6,"08-1701-2110, 08-9815-9494, 08-1859-5840",0-2904-4397,,,,,Chatchai T.
res_partner_cust_146,บริษัท เจ.อี.พี. เอ็นเตอร์ไพรส์ จำกัด,"J.E.P. Enterprise Co.,Ltd.",,Cash,,TRUE,TRUE,FALSE,,Default,FALSE,235/8 ซอย สุขุมวิท 21 (อโศก) ถ.สุขุมวิท,แขวง คลองเตยเหนือ เขต วัฒนา,10110,กรุงเทพมหานคร,Thailand,"0-2580-4479, 0-2261-6531",,"0-2258-3862, 0-2261-6530",,,,,Weeranuwat S.
res_partner_cust_147,บริษัท เจดับบิว พาร์ท แอนด์ อีควิปเม้นท์ จำกัด,"JW Parts and Equipment Co.,Ltd.",,PDC. 30 Days,,TRUE,TRUE,FALSE,,Default,FALSE,733/405 หมู่ 8,แขวง คูคต เขต ลำลูกกา,12130,ปทุมธานี,Thailand,0-2998-9389,,0-2998-9388,,,,,Weeranuwat S.
res_partner_cust_148,ห้างหุ้นส่วนจำกัด ห้างขายยา กรุงเทพฯ ฟามาซี,"Krungdheb Pharmacy Ltd., Part.",,Cash,1000000,TRUE,TRUE,FALSE,,Default,FALSE,783 ถ.เจริญนคร,แขวง บางปะกอก เขต ราษฎ์บูรณะ,10140,กรุงเทพมหานคร,Thailand,"0-2468-1412, 0-2468-1194",,0-2476-1366,,,,,Visak T.
res_partner_cust_149,บริษัท เค.ท็อท (1993) จำกัด,บริษัท เค.ท็อท (1993) จำกัด,,30 Days,,TRUE,TRUE,FALSE,,Default,FALSE,458/2 หมู่ 2,แขวง ช้างเผือก เขต เมือง,50300,เชียงใหม่,Thailand,0-5321-3925,,0-5321-3925,,,,,
res_partner_cust_150,บริษัท คิง เพาเวอร์ สุวรรณภูมิ จำกัด,"King Power Suvarnabhumi Airport Co.,Ltd.",,Cash,,TRUE,TRUE,FALSE,,Default,FALSE,999 หมู่ 1 สนามบินสุวรรณภูมิ อาคารคอนคอร์ส เอ ชั้น 2,แขวง หนองปรือ เขต บางพลี,10540,สมุทรปราการ,Thailand,,,,,,,,Chairat S.
res_partner_cust_151,บริษัท คีพ คูล พาแนล จำกัด,"Keep Cool Panel Co.,Ltd.",,30 Days,,TRUE,TRUE,FALSE,,Default,FALSE,72 ซอย ลาดพร้าว 126 ถ.ลาดพร้าว,แขวง ลาดพร้าว เขต วังทองหลาง,10310,กรุงเทพมหานคร,Thailand,0-2934-1188,,0-2934-1188,,,,,Surasak S.
res_partner_cust_152,บริษัท เคทูวิน จำกัด,"K2Win Co.,Ltd.",,30 Days,100000,TRUE,TRUE,FALSE,,Default,FALSE,102/3 หมู่ 3 ถ.ปทุมธานี-สามโคก,แขวง กระแชง เขต สามโคก,12160,ปทุมธานี,Thailand,0-2581-7220-1,,0-2581-7221,,,,,Surasak S.
res_partner_cust_153,บริษัท คันเนจึ (ประเทศไทย) จำกัด,"Kannetsu (Thailand) Co.,Ltd.",,30 Days,1000000,TRUE,TRUE,FALSE,,Default,FALSE,84/5 หมู่ 9 ถ.บางนา-ตราด กม.39,แขวง บางวัว เขต บางปะกง,24180,ฉะเชิงเทรา,Thailand,0-3898-9155-159,,0-3898-9160,,,,,Chairat S.
res_partner_cust_154,ห้างหุ้นส่วนจำกัด เค.ดับบลิว.เทรดดิ้ง แอนด์ ซัพพลาย,ห้างหุ้นส่วนจำกัด เค.ดับบลิว.เทรดดิ้ง แอนด์ ซัพพลาย,,30 Days,,TRUE,TRUE,FALSE,,Default,FALSE,27 ซอย บุญวงศ์,แขวง หาดใหญ่ เขต หาดใหญ่,90110,สงขลา,Thailand,0-7425-3653,,0-7425-2325,,,,,Chatchai T.
res_partner_cust_155,ห้างหุ้นส่วนจำกัด เค อาร์ อาร์ ดีไซด์ กรุ๊ป,"KRR Design Group Ltd.,Part.",,30 Days,,TRUE,TRUE,FALSE,,Default,FALSE,25/16 หมู่ 8,แขวง บางตลาด เขต ปากเกร็ด,11120,นนทบุรี,Thailand,0-2984-4298-9,,0-2984-4404,,,,,Weeranuwat S.
res_partner_cust_156,บริษัท คัมภีร์วิศวกรรม จำกัด,"Kumpeera Engineering Co.,Ltd.",,Cash,,TRUE,TRUE,FALSE,,Default,FALSE,96/98 ซอย นพเก้า ถ.ประชาชื่น,แขวง บางซื่อ เขต บางซื่อ,108000,กรุงเทพมหานคร,Thailand,0-2926-5650,,0-2195-2807,,,,,Weeranuwat S.
res_partner_cust_157,บริษัท กาญจน์ญาณ์ จำกัด,บริษัท กาญจน์ญาณ์ จำกัด,,Cash,,TRUE,TRUE,FALSE,,Default,FALSE,77/38 หมู่ 6,แขวง บึงคำพร้อย เขต ลำลูกกา,12150,ปทุมธานี,Thailand,,08-7917-5175,0-2532-7386,,,,,Chatchai T.
res_partner_cust_158,บริษัท โกเบ เอ็นจิเนียริ่ง จำกัด,"Kobe Engineering Co.,Ltd.",,30 Days,,TRUE,TRUE,FALSE,,Default,FALSE,67/9 หมู่ 5,แขวง บางหญ้าแพรก เขต พระประแดง,10130,สมุทรปราการ,Thailand,0-2754-5503,,,,,,,Chatchai T.
res_partner_cust_159,บริษัท คาวาซูมิ ลาบอราทอรี่ (ประเทศไทย) จำกัด,"Kawasumi Laboratories (Thailand) Co.,Ltd.",,Cash,,TRUE,TRUE,FALSE,,Default,FALSE,55/26 หมู่ 13 ถ.พหลโยธิน กม. 46,แขวง คลองหนึ่ง เขต คลองหลวง,12120,ปทุมธานี,Thailand,0-2966-0911,,0-2966-0916-7,,,,,
res_partner_cust_160,บริษัท ไลฟบอคซ์ โมดูล่า จำกัด,"Lifes Box Modular Co.,Ltd.",,Cash,200000,TRUE,TRUE,FALSE,,Default,FALSE,455/64 หมู่ 1 ถ.รัตนราช,แขวง บางบ่อ เขต บางบ่อ,10560,สมุทรปราการ,Thailand,,,,,,,,Visak T.
res_partner_cust_161,ห้างหุ้นส่วนจำกัด ลำพูน เจเนอร์รัล เอ็นจิเนียริ่ง,"Lumphun General Engineering Ltd.,Part.",,30 Days,2000000,TRUE,TRUE,FALSE,,Default,FALSE,192/36 หมู่ 15,แขวง ป่าสัก เขต เมือง,51000,ลำพูน,Thailand,0-5358-4991-2,,"0-5358-4993, 0-5358-4458",,,,,Chatchai T.
res_partner_cust_162,บริษัท แม็คคาตริค จำกัด,"Mechatric Co.,Ltd.",,30 Days,,TRUE,TRUE,FALSE,,Default,FALSE,1564/19 ถ.ประชาราษฎร์ 1,แขวง บางซื่อ เขต บางซื่อ,10800,กรุงเทพมหานคร,Thailand,"0-2913-2237-8, 0-2587-8462-3",,0-2913-2239,,,,,Chairat S.
res_partner_cust_163,บริษัท เอ็ม แอนด์ ดับเบิลยู แซนเดอร์ (ไทย) จำกัด,"M + W Zander (Thai) Co.,Ltd.",,30 Days,,TRUE,TRUE,FALSE,,Default,FALSE,252/91 อาคาร เมืองไทยภัทร ทาวเวอร์ ชั้น 16 ถ.รัชดาภิเษก,แขวง ห้วยขวาง เขต ห้วยขวาง,10320,กรุงเทพมหานคร,Thailand,0-2693-3222-4,,0-2693-3225,,,,,Chairat S.
res_partner_cust_164,บริษัท เอ็ม.ที. อินโนเวชั่น จำกัด,"M.T. Innovation Co.,Ltd.",,Cash,1000000,TRUE,TRUE,FALSE,,Default,FALSE,293/310 ซอย รามอินทรา 119 ถ.รามอินทรา,แขวง มีนบุรี เขต มีนบุรี,10510,กรุงเทพมหานคร,Thailand,0-2934-4026,,0-2934-4027,,,,,Dusit T.
res_partner_cust_165,บริษัท โมดูลาร์เอ็นจิเนียร์โปรดักส์ซัพพลาย จำกัด,"Modular Engineering Product Supply Co.,Ltd.",,30 Days,500000,TRUE,TRUE,FALSE,,Default,FALSE,39/13-16 ชั้น 4 ห้อง D ซอย สวนพลู ถ.สาทร,แขวง ทุ่งมหาเมฆ เขต สาทร,10270,กรุงเทพมหานคร,Thailand,0-2755-0779,,0-2755-0780,,,,,Dusit T.
res_partner_cust_166,ห้างหุ้นส่วนจำกัด เอ็ม.เอส.โคลด์รูม แอนด์ คลีนรูม,"M.S.Coldroom & Cleanroom Ltd.,Part.",,Cash,,TRUE,TRUE,FALSE,,Default,FALSE,530/5 หมู่ 11 ถ.นวมินทร์,แขวง คันนายาว เขต คันนายาว,10230,กรุงเทพมหานคร,Thailand,,08-7612-1751,0-2944-0324,,,,,Chairat S.
res_partner_cust_167,บริษัท พี เอ็ม เอส โปรดักส์ จำกัด,"PMS Product Co.,Ltd.",,30 Days,,TRUE,TRUE,FALSE,,Default,FALSE,551/32-34 ซอย สรรค์สุข ถ.สาธุประดิษฐ์,แขวง ช่องนนทรี เขต ยานนาวา,10120,กรุงเทพมหานคร,Thailand,0-2284-2159-62,,0-2294-6068,,,,,Chairat S.
res_partner_cust_168,ห้างหุ้นส่วนจำกัด เอ็ม เอ็ม ซี,"MMC Ltd.,Part.",,7 Days,,TRUE,TRUE,FALSE,,Default,FALSE,38/18 หมู่ 9 ถ.สุขประยูร,แขวง นาป่า เขต เมือง,20000,ชลบุรี,Thailand,,,,,,,,Chatchai T.
res_partner_cust_169,ห้างหุ้นส่วนจำกัด เอ็ม เอ็ม ซี (Invoice),"MMC Ltd.,Part. (Invoice)",,,,FALSE,TRUE,FALSE,ห้างหุ้นส่วนจำกัด เอ็ม เอ็ม ซี,Invoice,FALSE,25/142 หมู่ 12 ถ.เพชรเกษม,แขวง หนองค้างพลู เขต หนองแขม,,กรุงเทพมหานคร,Thailand,,,,,,,,Chatchai T.
res_partner_cust_170,บริษัท เอ็ม เอ็ม ที เซอร์วิส จำกัด,"MMT Service Co.,Ltd.",,30 Days,,TRUE,TRUE,FALSE,,Default,FALSE,11/4 หมู่ 4,แขวง โคกช้าง เขต บางไทร,13190,พระนครศรีอยุธยา,Thailand,0-3571-8459,,"0-3571-8433, 0-3571-8459",,,,,Dusit T.
res_partner_cust_171,บริษัท โมดูล่า กรุ๊ป (ไทยแลนด์) จำกัด,"Modular Group (Thailand) Co.,Ltd.",,30 Days,,TRUE,TRUE,FALSE,,Default,FALSE,455/64 หมู่ 1,แขวง บางบ่อ เขต บางบ่อ,10560,สมุทรปราการ,Thailand,0-2721-3544,,0-2721-3545,,,,,Surasak S.
res_partner_cust_172,บริษัท โมเดอร์นฟอร์ม เฮลท์แอนด์แคร์ จำกัด,"Modernform Health & Care Co.,Ltd.",,Cash,,TRUE,TRUE,FALSE,,Default,FALSE,699 อาคาร โมเดอร์นฟอร์มทาวเวอร์ ถ.ศรีนครินทร์,แขวง สวนหลวง เขต สวนหลวง,10250,กรุงเทพมหานคร,Thailand,0-2722-8033-5,,0-2722-8032,,,,,Weeranuwat S.
res_partner_cust_173,บริษัท มหาจักรไกร เอ็นจิเนียริ่ง จำกัด,"Mahajakgai Engineering Co.,Ltd.",,Cash,,TRUE,TRUE,FALSE,,Default,FALSE,3/47 หมู่ 9,แขวง ลำลูกกา เขต ลำลูกกา,12150,ปทุมธานี,Thailand,0-2905-2030-1,,0-2905-2031,,,,,Weeranuwat S.
res_partner_cust_174,บริษัท เมเจอร์ แอร์คอนดิชั่นนิ่ง จำกัด,"Major Air Conditioning Co.,Ltd.",,30 Days,,TRUE,TRUE,FALSE,,Default,FALSE,89 หมู่ 11 ถ.เทพารักษ์,แขวง บางปลา เขต บางพลี,10540,สมุทรปราการ,Thailand,0-2185-7254-55,,0-2185-7256,,,,,Surasak S.
res_partner_cust_175,บริษัท มาเยคาว่า (ประเทศไทย) จำกัด,"Mayekawa (Thailand) Co.,Ltd.",,30 Days,,TRUE,TRUE,FALSE,,Default,FALSE,2/3 หมู่ 14 อาคาร บางนาทาวเวอร์ อาคารเอ ชั้น 9 ถ.บางนา-ตราด,แขวง บางแก้ว เขต บางพลี,10540,สมุทรปราการ,Thailand,0-2751-9610-7,,0-2751-9565-6,,,,,Chatchai T.
res_partner_cust_176,บริษัท แมคโครฟาร์ จำกัด,"Macrophar Co.,Ltd.",,30 Days,,TRUE,TRUE,FALSE,,Default,FALSE,89 ซอย พัฒนาการ 20 แยก 4 ถ.พัฒนาการ,แขวง สวนหลวง เขต สวนหลวง,10250,กรุงเทพมหานคร,Thailand,0-2314-6671,,0-2318-6091,,,,,Chatchai T.
res_partner_cust_177,บริษัท มีนา แอสโซซิเอทส์ จำกัด,"Mena Associate Co.,Ltd.",,30 Days,,TRUE,TRUE,FALSE,,Default,FALSE,779 ถ.สุขุมวิท 103,แขวง บางจาก เขต พระโขนง,10250,กรุงเทพมหานคร,Thailand,0-2729-7900-1,,0-2729-7903,,,,,Weeranuwat S.
res_partner_cust_178,ณัฐวุฒิการช่าง,ณัฐวุฒิการช่าง,,Cash,,TRUE,TRUE,FALSE,,Default,FALSE,101/86 หมู่ 7,แขวง บางพลีใหญ่ เขต บางพลี,10540,สมุทรปราการ,Thailand,,,,,,,,Chairat S.
res_partner_cust_179,บริษัท นิวเทค ซีสเต็มส์ ดีเวล็อปเมนท์ จำกัด,"Newtech Systems Development Co.,Ltd.",,Cash,,TRUE,TRUE,FALSE,,Default,FALSE,1/740 หมู่ 17,แขวง คูคต เขต ลำลูกกา,12130,ปทุมธานี,Thailand,0-2532-4800-2,,0-2533-8488,,,,,Chairat S.
res_partner_cust_180,บริษัท ณัฐธน จำกัด,"Nutthathon Co.,Ltd.",,Cash,,TRUE,TRUE,FALSE,,Default,FALSE,43 อาคาร พิทักษ์คอร์ทชั้นล่าง ซอย อรรถการประสิทธิ์ ถ.สาทรใต้,แขวง ทุ่งมหาเมฆ เขต สาทร,10120,กรุงเทพมหานคร,Thailand,0-2411-1693,,0-2411-1693,,,,,Surasak S.
res_partner_cust_181,บริษัท โนวา เมดิซีน จำกัด,NOVA Medicine Company Limited.,,Cash,,TRUE,TRUE,FALSE,,Default,FALSE,20/1 หมู่ 3 ถ.เทศบาล 1,แขวง บ้านฉาง เขต เมือง,,ปทุมธานี,Thailand,,,,,,,,Chairat S.
res_partner_cust_182,บริษัท เอ็น.ซี.เอส เอ็นจิเนียริ่ง จำกัด,"N.C.S Engineering Co.,Ltd.",,Cash,,TRUE,TRUE,FALSE,,Default,FALSE,18/7 ซอย ลาดพร้าว 113 ถ.ลาดพร้าว,แขวง คลองจั่น เขต บางกะปิ,10310,กรุงเทพมหานคร,Thailand,0-2704-7051-2,,0-2704-7053,,,,,
res_partner_cust_183,ห้างหุ้นส่วนจำกัด เอ็น ซี เอช อีควิปเมนท์ แอนด์ เซอร์วิส,"Equipment And Service Ltd.,Part.",,Cash,,TRUE,TRUE,FALSE,,Default,FALSE,63 ถ.จันทรคามพิทักษ์,แขวง สนามจันทร์ เขต เมือง,73000,นครปฐม,Thailand,0-2976-6385,,0-2976-7011,,,,,Weeranuwat S.
res_partner_cust_184,บริษัท เอ็น.เอส.แอล. คอนสตรัคชั่น จำกัด,"N.S.L. Construction Co.,Ltd.",,60 Days,,TRUE,TRUE,FALSE,,Default,FALSE,1447 ซอย ลาดพร้าว 94 ถ.ลาดพร้าว,แขวง วังทองหลาง เขต วังทองหลาง,10310,กรุงเทพมหานคร,Thailand,"0-2934-7215-6, 0-2559-2680-2",,"0-2934-7215-6, 0-2559-2680-2",,,,,Dusit T.
res_partner_cust_185,บริษัท พี.เอม.ฟูด จำกัด,"P.M.Food Co.,Ltd.",,30 Days,,TRUE,TRUE,FALSE,,Default,FALSE,1 อาคาร พรีเมียร์คอร์ปอเรทปาร์ค ซอย พรีเมียร์ ถ.ศรีนครินทร์,แขวง หนองบอน เขต ประเวศ,10260,กรุงเทพมหานคร,Thailand,0-2301-1794,,0-2748-2080,,,,,Dusit T.
res_partner_cust_186,บริษัท พี.เอส.ฟู้ดโปรดักส์ จำกัด,"P.S.Food Product Co.,Ltd.",,30 Days,,TRUE,TRUE,FALSE,,Default,FALSE,"949, 941/1999 หมู่ 7 ซอย วิทยุการบิน",แขวง ท้ายบ้านใหม่ เขต เมือง,10280,สมุทรปราการ,Thailand,"0-2709-1063, 0-2709-1959, 0-2323-2055",,"0-2709-1062, 0-2323-3050",,,,,
res_partner_cust_187,บริษัท ปาร์คเกอร์ เอ็นจิเนียริ่ง (ไทยแลนด์) จำกัด,"Parker Engineering (Thailand) Co.,Ltd.",,45 Days,,TRUE,TRUE,FALSE,,Default,FALSE,62 อาคาร ธนิยะ ชั้น 5 ห้อง 501 และ 510 ถ.สีลม,แขวง สุริยวงศ์ เขต บางรัก,10500,กรุงเทพมหานคร,Thailand,"0-2238-4704, 0-2236-0120, 0-2236-7330, 0-2236-3096",,0-2236-0122,,,,,Chairat S.
res_partner_cust_188,บริษัท พี.เอ็น.เอ็นจิเนียริ่ง แอนด์ เทคโนโลยี จำกัด,"P.N. Engineering & Technology Co.,Ltd.",,15 Days,,TRUE,TRUE,FALSE,,Default,FALSE,105/15-16 หมู่ 7,แขวง คลองหนึ่ง เขต คลองหลวง,12120,ปทุมธานี,Thailand,0-2516-5803-5,,0-2902-8902,,,,,Chatchai T.
res_partner_cust_189,บริษัท โปร เทคนิคเชี่ยน แอนด์ เอ็นจิเนียริ่ง จำกัด,"Protechnician & Engineering Co.,Ltd.",,Cash,200000,TRUE,TRUE,FALSE,,Default,FALSE,10/196-197 หมู่ 3 ซอย 28 ถ.พระราม 2,แขวง บางมด เขต จอมทอง,10150,กรุงเทพมหานคร,Thailand,0-2877-1167-8,,0-2877-1169,,,,,Weeranuwat S.
res_partner_cust_190,ห้างหุ้นส่วนจำกัด ปุญญิศา เทคโนโลยี,ห้างหุ้นส่วนจำกัด ปุญญิศา เทคโนโลยี,,Cash,100000,TRUE,TRUE,FALSE,,Default,FALSE,145 หมู่ 6,แขวง คลองมะเดื่อ เขต กระทุ่มแบน,74110,สมุทรสาคร,Thailand,"0-2892-2601, 0-3487-4132",,0-2892-2601,,,,,Chatchai T.
res_partner_cust_191,บริษัท พาตาร์แลบ (2517) จำกัด,"Patar Lab (2517) Co.,Ltd.",,Cash,20000000,TRUE,TRUE,FALSE,,Default,FALSE,51 หมู่ 3 ถ.เลียบคลอง 7 (ธัญบุรี-ลำลูกกา),แขวง บึงคำพร้อย เขต ลำลูกกา,,ปทุมธานี,Thailand,0-2391-2045,,0-2391-2044,,,,,Chairat S.
res_partner_cust_192,บริษัท โปรฟู้ด (ไทย) จำกัด,"Profood (Thai) Co.,Ltd.",,Cash,,TRUE,TRUE,FALSE,,Default,FALSE,28/88 หมู่ 1,แขวง โคกขาม เขต เมือง,74000,สมุทรสาคร,Thailand,"0-2663-0430, 0-2259-7620-1",,0-2663-0431,,,,,Chairat S.
res_partner_cust_193,บริษัท แพคโคเมติก จำกัด,"Packomatic Co.,Ltd.",,Cash,,TRUE,TRUE,FALSE,,Default,FALSE,296/19 หมู่ 9 ซอย ติวานนท์ 28 ถ.ติวานนท์,แขวง บางกระสอ เขต เมือง,11000,นนทบุรี,Thailand,0-2950-7510-3,,0-2580-3687,,,,,Dusit T.
res_partner_cust_194,บริษัท เภสัชกรรมศรีประสิทธิ์ จำกัด,"Sriprasit Pharma Co., Ltd.",,Cash,20000000,TRUE,TRUE,FALSE,,Default,FALSE,619 ถ.เจริญรัถ,แขวง คลองสาน เขต คลองสาน,10600,กรุงเทพมหานคร,Thailand,0-2437-0343-5,,0-2438-8060,,,,,Dusit T.
res_partner_cust_195,บริษัท พรีม่าแฮม (ไทยแลนด์) จำกัด,"Primaham (Thailand) Co.,Ltd.",,30 Days,,TRUE,TRUE,FALSE,,Default,FALSE,392 หมู่ 7,แขวง ท่าตูม เขต ศรีมหาโพธิ,25140,ปราจีนบุรี,Thailand,0-3748-1041-6,,0-3748-1048-50,,,,,Chatchai T.
res_partner_cust_196,บริษัท ฟาร์ม่า อินโนว่า จำกัด,"Pharma Innova Co.,Ltd.",,30 Days,2000000,TRUE,TRUE,FALSE,,Default,FALSE,26/19 หมู่ 9,แขวง ท่าแร้ง เขต บางเขน,,กรุงเทพมหานคร,Thailand,0-2532-7181,,0-2532-7019,,,,,Chairat S.
res_partner_cust_197,บริษัท ภูมิวิศว์ เอ็นจิเนียริ่ง จำกัด,"Phoomwis Engineering Co.,Ltd.",,PDC. 30 Days,,TRUE,TRUE,FALSE,,Default,FALSE,230/15 หมู่ 6,แขวง ท่าสะอ้าน เขต บางปะกง,24130,ฉะเชิงเทรา,Thailand,"0-3853-2212, 0-3853-0250",,0-3853-0259,,,,,Surasak S.
res_partner_cust_198,บริษัท แปซิฟิค อลูมินั่ม แอนด์ กลาส จำกัด,บริษัท แปซิฟิค อลูมินั่ม แอนด์ กลาส จำกัด,,Cash,,TRUE,TRUE,FALSE,,Default,FALSE,33 ซอย เลียบฯฝั่งใต้ 5/4,แขวง หนองแขม เขต หนองแขม,,กรุงเทพมหานคร,Thailand,0-2811-33359,,0-2811-3359,,,,,Weeranuwat S.
res_partner_cust_199,บริษัท แปดริ้วเครื่องเย็นเชียงใหม่ (1994) จำกัด,บริษัท แปดริ้วเครื่องเย็นเชียงใหม่ (1994) จำกัด,,Cash,,TRUE,TRUE,FALSE,,Default,FALSE,223 หมู่ 3,แขวง ท่าศาลา เขต เมือง,50000,เชียงใหม่,Thailand,"0-5385-0932-3, 0-5326-00227",,0-5324-0840,,,,,Weeranuwat S.
res_partner_cust_200,บริษัท โพลีไทพ์ เอเชีย แปซิฟิก จำกัด,"Polytype Asia Pacific Co.,Ltd.",,Cash,200000,TRUE,TRUE,FALSE,,Default,FALSE,77 หมู่ 9 ซอย นิคมอุตสาหกรรมเวลโกร์ ถ.บางนา-ตราด,แขวง บางวัว เขต บางปะกง,24180,ฉะเชิงเทรา,Thailand,0-3898-9045-053,,0-3898-9054,,,,,Surasak S.
res_partner_cust_201,บริษัท ปราการ บิวดิ้ง (2008) จำกัด,บริษัท ปราการ บิวดิ้ง (2008) จำกัด,,Cash,,TRUE,TRUE,FALSE,,Default,FALSE,921 ซอย วชิรธรรมสาธิต 57 ถ.สุขุมวิท 101/1,แขวง บางจาก เขต พระโขนง,10260,กรุงเทพมหานคร,Thailand,0-2327-0570,08-9216-2386,0-2327-2570,,,,,Weeranuwat S.
res_partner_cust_202,บริษัท เพียวคีน จำกัด,"Purekeen Co.,Ltd.",,Cash,,TRUE,TRUE,FALSE,,Default,FALSE,55/523 หมู่ 5 หมู่บ้านพฤกษลดา,แขวง ลาดสวาย เขต ลำลูกกา,12150,ปทุมธานี,Thailand,0-3526-7820,,0-3526-7811,,,,,Weeranuwat S.
res_partner_cust_203,บริษัท ฟาร์มาแฟค แพลน เทคโนโลยี จำกัด,"Pharmafac Plan Technology Co.,Ltd.",,30 Days,,TRUE,TRUE,FALSE,,Default,FALSE,199/265 หมู่ 1,แขวง บึงยี่โถ เขต ธัญบุรี,12130,ปทุมธานี,Thailand,,08-6337-0080,,,,,,Dusit T.
res_partner_cust_204,บริษัท พี.เอส.พี. มารีน จำกัด,"P.S.P. Marine Co.,Ltd.",,Cash,,TRUE,TRUE,FALSE,,Default,FALSE,119/53 หมู่ 1,แขวง ท่าจีน เขต เมือง,74000,สมุทรสาคร,Thailand,0-3482-1046-7,,0-3482-1048,,,,,Dusit T.
res_partner_cust_205,บริษัท พี.พี.เจ. เอ็นจิเนียริ่ง จำกัด,"P.P.J. Engineering Co.,Ltd.",,Cash,,TRUE,TRUE,FALSE,,Default,FALSE,52/50 หมู่ 4 ถ.สุขาประชาสวรรค์,แขวง บางพูด เขต ปากเกร็ด,11120,นนทบุรี,Thailand,0-2583-0396-99,,0-2583-0416,,,,,Dusit T.
res_partner_cust_206,บริษัท ผู้จัดระบบเครื่องอำนวยประโยชน์ จำกัด,บริษัท ผู้จัดระบบเครื่องอำนวยประโยชน์ จำกัด,,Cash,,TRUE,TRUE,FALSE,,Default,FALSE,437/5 หมู่ 21 ถ.มิตรภาพ,แขวง ศิลา เขต เมือง,40000,ขอนแก่น,Thailand,0-4324-7466-7,,0-4324-7464,,,,,Surasak S.
res_partner_cust_207,บริษัท ผู้จัดระบบเครื่องอำนวยประโยชน์ จำกัด (Shipping),บริษัท ผู้จัดระบบเครื่องอำนวยประโยชน์ จำกัด (Factory),,,,FALSE,TRUE,FALSE,บริษัท ผู้จัดระบบเครื่องอำนวยประโยชน์ จำกัด,Shipping,FALSE,49/554 หมู่ 4 ถ.เสรีไทย,แขวง คลองกุ่ม เขต บึงกุ่ม,,กรุงเทพมหานคร,Thailand,,,,,,,,Surasak S.
res_partner_cust_208,บริษัท คิว.ที.ที. จำกัด,"Q.T.T. Co.,Ltd.",,30 Days,,TRUE,TRUE,FALSE,,Default,FALSE,801/127-128 หมู่ 8 ซอย หมู่บ้านวังทองเทรดเซ็นเตอร์ ถ.พหลโยธิน,แขวง คูคต เขต ลำลูกกา,12130,ปทุมธานี,Thailand,0-2900-6900-4,,0-2900-6905,,,,,Chairat S.
res_partner_cust_209,บริษัท คิวด็อท ซีสเต็ม เทคโนโลยี จำกัด,"Q-Dot System Technology Co.,Ltd.",,30 Days,,TRUE,TRUE,FALSE,,Default,FALSE,50/1200-1201 หมู่ 9 หมู่บ้านเมืองทองธานี ซี 12 แยก 1 ถ.บอนด์สตีท,แขวง บางพูด เขต ปากเกร็ด,11120,นนทบุรี,Thailand,0-2960-0133-5,,0-2960-2200,,,,,Dusit T.
res_partner_cust_210,บริษัท คิว.เอ็ม แอร์ เอ็นจิเนียริ่ง เซอร์วิส จำกัด,"Q.M Air Engineering Service Co.,Ltd.",,PDC. 30 Days,,TRUE,TRUE,FALSE,,Default,FALSE,555/21 ซอย อ่อนนุช 65-67 ถ.อ่อนนุช,แขวง ประเวศ เขต ประเวศ,10250,กรุงเทพมหานคร,Thailand,0-2720-0274-8,,0-2720-0103,,,,,Weeranuwat S.
res_partner_cust_211,บริษัท รังสิต โปรเฟสชั่นแนล แอพไพรแอนซ์ เซอร์วิส จำกัด,"Rangsit Professional Appliance Service Co.,Ltd.",,30 Days,,TRUE,TRUE,FALSE,,Default,FALSE,"53, 55 รังสิต-นครนายก 27 ซอย 1",แขวง ประชาธิปัตย์ เขต ธัญบุรี,12130,ปทุมธานี,Thailand,0-2996-2571-3,,0-2996-2578,,,,,Surasak S.
res_partner_cust_212,บริษัท รีเนาน์ เทคนิคอล จำกัด,"Renown Technical Co.,Ltd.",,Cash,,TRUE,TRUE,FALSE,,Default,FALSE,"3811, 3813 ถ.พระราม 4",แขวง พระโขนง เขต คลองเตย,10110,กรุงเทพมหานคร,Thailand,0-2185-4333,,0-2333-1235,,,,,Dusit T.
res_partner_cust_213,บริษัท อาร์เอ็นอาร์ เอ็นจิเนียริ่ง จำกัด,"R.N.R. Engineering Co.,Ltd.",,Cash,,TRUE,TRUE,FALSE,,Default,FALSE,46/32 หมู่ 7 ถ.ราษฎร์อุทิศ,แขวง แสนแสบ เขต มีนบุรี,10510,กรุงเทพมหานคร,Thailand,0-2989-0982,08-1347-6119,0-2989-1005,,,,,Weeranuwat S.
res_partner_cust_214,บริษัท อาร์เอ็กซ์ แมนูแฟคเจอริ่ง จำกัด,"R.X. Manufacturing Co.,Ltd.",,30 Days,,TRUE,TRUE,FALSE,,Default,FALSE,76 หมู่ 10,แขวง นราภิรมย์ เขต บางเลน,73130,นครปฐม,Thailand,0-3429-8117-120,,0-3429-8117-120,,,,,Chairat S.
res_partner_cust_215,บริษัท ริว่าโคลด์ (นอร์ธเธิร์น) จำกัด,"Rivacold (Northern) Co.,Ltd.",,30 Days,500000,TRUE,TRUE,FALSE,,Default,FALSE,332/27 หมู่ 2,แขวง หนองจ๊อม เขต สันทราย,50210,เชียงใหม่,Thailand,0-5326-6240-1,,0-5326-6177,,,,,Weeranuwat S.
res_partner_cust_216,บริษัท รวมนครก่อสร้าง (ประเทศไทย) จำกัด,"R.N.C (Thailand) Co.,Ltd.",,Cash,,TRUE,TRUE,FALSE,,Default,FALSE,21/139 ซอย ลาดพร้าว 15,แขวง จอมพล เขต จตุจักร,10900,กรุงเทพมหานคร,Thailand,0-2938-6868,,0-2938-7562,,,,,Chatchai T.
res_partner_cust_217,บริษัท ซาโต้ โคเกียว กรุงเทพ จำกัด,"SATO KOGYO BANGKOK CO.,LTD.",,Cash,,TRUE,TRUE,FALSE,,Default,FALSE,21/99 ไทยวาทาวเวอร์ 2 ชั้น 14 ถ.สาทรใต้,แขวง ทุ่งมหาเมฆ เขต สาทร,10120,กรุงเทพมหานคร,Thailand,0-2679-1405-10,,0-2679-1411,,,,,Dusit T.
res_partner_cust_218,บริษัท สปริงคูล จำกัด,"Spring Cool Co.,Ltd.",,60 Days,,TRUE,TRUE,FALSE,,Default,FALSE,265/395 ซอย ทวีวัฒนา ถ.สาธุประดิษฐ์,แขวง ช่องนนทรี เขต ยานนาวา,10120,กรุงเทพมหานคร,Thailand,"0-2212-8360-1, 0-2674-0563-6",,0-2212-7126,,,,,Dusit T.
res_partner_cust_219,บริษัท โซเลยู (ไทยแลนด์) จำกัด,"Soleil (Thailand) Co.,Ltd.",,Cash,,TRUE,TRUE,FALSE,,Default,FALSE,6/1 หมู่ 7,แขวง บางพระ เขต ศรีราชา,20210,ชลบุรี,Thailand,0-3829-8362-4,,0-3829-8361,,,,,
res_partner_cust_220,บริษัท เอส เอ็ม ไอ รีฟริกเจอเรชั่น จำกัด,"SMI Refrigeration Co.,Ltd.",,Cash,100000,TRUE,TRUE,FALSE,,Default,FALSE,20/6 หมู่ 8 ซอย พหลโยธิน 30 ถ.พหลโยธิน,แขวง จันทรเกษม เขต จตุจักร,10900,กรุงเทพมหานคร,Thailand,0-2941-9500-1,,0-2941-5207,,,,,Chatchai T.
res_partner_cust_221,บริษัท สยาม ซันซุย จำกัด,"Siam Sunsui Co.,Ltd.",,Cash,,TRUE,TRUE,FALSE,,Default,FALSE,36 หมู่ 4,แขวง บ่อวิน เขต ศรีราชา,20230,ชลบุรี,Thailand,0-2398-8564,,0-2398-8564,,,,,Dusit T.
res_partner_cust_222,บริษัท สองสมาน จำกัด,"Songsaman Co.,Ltd.",,7 Days,,TRUE,TRUE,FALSE,,Default,FALSE,2102/46 ถ.รามคำแหง,แขวง หัวหมาก เขต บางกะปิ,,กรุงเทพมหานคร,Thailand,0-2374-9258,,0-2374-9258,,,,,Dusit T.
res_partner_cust_223,บริษัท แสงชัย รีฟริเจอเรชั่น จำกัด,"Sang Chai Refrigeration Co.,Ltd.",,60 Days,,TRUE,TRUE,FALSE,,Default,FALSE,283 ถ.หลานหลวง,แขวง วัดโสมนัส เขต ป้อมปราบศรัตรูพ่าย,10100,กรุงเทพมหานคร,Thailand,"0-2628-2600, 0-2280-3444",,"0-2628-0484-5, 0-2280-0352",,,,,Visak T.
res_partner_cust_224,บริษัท สยามแพนเทค เอ็นจิเนียริ่ง จำกัด,"Siam Pantech Engineering Co.,Ltd.",,Cash,,TRUE,TRUE,FALSE,,Default,FALSE,92/3 ซอย อาคารสงเคราะห์,แขวง ทุ่งมหาเมฆ เขต สาทร,10120,กรุงเทพมหานคร,Thailand,0-2676-1490-2,,0-2286-1052,,,,,Somboon T.
res_partner_cust_225,บริษัท ซันโย เอส.เอ็ม.ไอ. (ประเทศไทย) จำกัด,"Sanyo SMI (Thailand) Co.,Ltd.",,60 Days,,TRUE,TRUE,FALSE,,Default,FALSE,"50, 52 ซอย รามอินทรา 64 ถ.รามอินทรา กม. 10",แขวง คันนายาว เขต คันนายาว,10230,กรุงเทพมหานคร,Thailand,"0-2918-0550, 0-2918-0515",,,,,,,Dusit T.
res_partner_cust_226,บริษัท เอส พลัส ซิสเทมส์ จำกัด,"S Plus System Co.,Ltd.",,Cash,,TRUE,TRUE,FALSE,,Default,FALSE,77/6 หมู่ 4,แขวง บางแก้ว เขต บางพลี,10540,สมุทรปราการ,Thailand,0-2753-7563-65,,0-2753-7566,,,,,Visak T.
res_partner_cust_227,บริษัท ซินโกะ แอร์ คอนดิชันนิ่ง (ประเทศไทย) จำกัด,"Sinko Air Conditioning (Thailand) Co.,Ltd.",,30 Days,,TRUE,TRUE,FALSE,,Default,FALSE,134/1 หมู่ 1 นิคมอุตสาหกรรมไฮเทค,แขวง บ้านโพ เขต บางปะอิน,13160,พระนครศรีอยุธยา,Thailand,0-3531-4009-12,,0-3531-4013,,,,,Surasak S.
res_partner_cust_228,บริษัท เซฟ-ที-เซลล์ แอนด์ เซอร์วิส จำกัด,Safe-T- Sales And Service Co Ltd,,Cash,,TRUE,TRUE,FALSE,,Default,FALSE,36/14 ถ.งามวงศ์วาน,แขวง ลาดยาว เขต จตุจักร,10900,กรุงเทพมหานคร,Thailand,"0-2589-1268-9, 0-2589-1320-1",,0-2589-2542,,,,,Dusit T.
res_partner_cust_229,บริษัท ศิวกร ซี แอนด์ อี จำกัด,"Sivakorn C & E Co.,Ltd.",,30 Days,,TRUE,TRUE,FALSE,,Default,FALSE,54 หมู่ 3 ถ.รังสิต-นครนายก,แขวง บึงยี่โถ เขต ธัญบุรี,12130,ปทุมธานี,Thailand,0-2577-1398,,0-2577-2503,,,,,Surasak S.
res_partner_cust_230,บริษัท ศิวะพรอินเตอร์เทคโนโลยี จำกัด,"Sivaporn Intertechnology Co.,Ltd.",,30 Days,,TRUE,TRUE,FALSE,,Default,FALSE,102 ซอย รามอินทรา 64,แขวง คันนายาว เขต คันนายาว,10230,กรุงเทพมหานคร,Thailand,0-2918-1971-4,,0-2918-1975,,,,,Dusit T.
res_partner_cust_231,บริษัท สตาร์วอลล์ จำกัด,"Star Wall Co.,Ltd.",,30 Days,,TRUE,TRUE,FALSE,,Default,FALSE,98/32 หมู่ 6 ซอย เอกชัย 64 ถ.เอกชัย,แขวง บางบอน เขต บางบอน,10150,กรุงเทพมหานคร,Thailand,0-2415-9306,,0-2415-8707,,,,,Weeranuwat S.
res_partner_cust_232,บริษัท สกิล ดิเวลลอปเมนท์ จำกัด,"Skill Development Co.,Ltd.",,30 Days,,TRUE,TRUE,FALSE,,Default,FALSE,109 หมู่ 7 ถ.กิ่งแก้ว-บางพลี,แขวง บางพลีใหญ่ เขต บางพลี,10540,สมุทรปราการ,Thailand,"0-2751-1256, 0-2751-1257",,0-2751-1258,,,,,Chatchai T.
res_partner_cust_233,บริษัท ชิบุซัน (ไทยแลนด์) จำกัด,"Shibusan (Thailand) Co.,Ltd.",,30 Days,,TRUE,TRUE,FALSE,,Default,FALSE,108 หมู่ 2,แขวง ท้ายเกาะ เขต สามโคก,10216,ปทุมธานี,Thailand,"0-2978-8708, 0-2978-8503",,0-2978-8505,,,,,Dusit T.
res_partner_cust_234,บริษัท สยามเภสัช จำกัด,"Siam Bheasach Co.,Ltd.",,90 Days,,TRUE,TRUE,FALSE,,Default,FALSE,123 ซอย โชคชัยร่วมมิตร ถ.วิภาวดีรังสิต,แขวง จอมพล เขต จตุจักร,10900,กรุงเทพมหานคร,Thailand,0-2690-0360-8,,"0-2275-2223, 0-2276-2459",,,,,Chairat S.
res_partner_cust_235,บริษัท สยามเอเซีย อลูเทค จำกัด,"Siam Asia Alutech Co.,Ltd.",,Cash,,TRUE,TRUE,FALSE,,Default,FALSE,68/9 หมู่ 6 ถ.สุขาภิบาล 5,แขวง ท่าแร้ง เขต บางเขน,10220,กรุงเทพมหานคร,Thailand,0-2948-7624-9,,0-2949-8881-2,,,,,Chatchai T.
res_partner_cust_236,บริษัท สยาม อินคูเบเตอร์ ซีสเต็ม จำกัด,"Siam Incubators System Co.,Ltd.",,Cash,,TRUE,TRUE,FALSE,,Default,FALSE,4 ซอย รามคำแหง 164 แยก 4,แขวง มีนบุรี เขต มีนบุรี,10810,กรุงเทพมหานคร,Thailand,0-2917-6057-59,,0-2917-6060,,,,,Chairat S.
res_partner_cust_237,บริษัท เอส.ดี.เอ็นจิเนียริ่ง แอนด์ คอนสตรัคชั่น จำกัด,"S.D.Engineering & Construction Co.,Ltd.",,7 Days,300000,TRUE,TRUE,FALSE,,Default,FALSE,155/1 ซอย ลาดพร้าว 130 ถ.ลาดพร้าว,แขวง คลองจั่น เขต บางกะปิ,10240,กรุงเทพมหานคร,Thailand,0-2731-1713,,0-2731-1395,,,,,Weeranuwat S.
res_partner_cust_238,บริษัท เซนต์โกเบน ซีคิวริท (ประเทศไทย) จำกัด,"Saint-Gobain Sekurit (Thailand) Co.,Ltd.",,30 Days,300000,TRUE,TRUE,FALSE,,Default,FALSE,64/8 หมู่ 4,แขวง ปลวกแดง เขต ปลวกแดง,21140,ระยอง,Thailand,0-3866-7800-7,,0-3866-7865,,,,,Weeranuwat S.
res_partner_cust_239,บริษัท สุพัตร์ เอ็นจิเนียริ่ง จำกัด,"Supat Engineering Co.,Ltd.",,Cash,,TRUE,TRUE,FALSE,,Default,FALSE,7/2 หมู่ 4 ซอย สำเร็จพัฒนา 8,แขวง ปลายบาง เขต บางกรวย,11130,นนทบุรี,Thailand,0-2903-9399,,0-2903-9035,,,,,Chairat S.
res_partner_cust_240,บริษัท สยามไบโอไซเอนซ์ จำกัด,"SIAMBIOSCIENCE CO.,LTD.",,7 Days,100000000,TRUE,TRUE,FALSE,,Default,FALSE,44 อาคาร ศรีจุลทรัพย์ ชั้น 18 ยูนิต เอ ถ.พระราม 1,แขวง รองเมือง เขต ปทุมวัน,10330,กรุงเทพมหานคร,Thailand,0-2613-9939,,0-2613-9979,,,,,Dusit T.
res_partner_cust_241,บริษัท สยาม อินเตอร์ คูล จำกัด,"Siam Intercool Co.,Ltd.",,30 Days,,TRUE,TRUE,FALSE,,Default,FALSE,1178/267 ซอย พหลโยธิน 32 ถ.,แขวง จันทรเกษม เขต จตุจักร,10900,กรุงเทพมหานคร,Thailand,0-2941-5735,,0-2941-5736,,,,,Weeranuwat S.
res_partner_cust_242,บริษัท เอส.ดับบลิว.เค.เอ็นจิเนียริ่ง แอนด์ ซัพพลาย จำกัด,"S.W.K. Engineering & Supply Co.,Ltd.",,Cash,,TRUE,TRUE,FALSE,,Default,FALSE,69/113 หมู่ 15,แขวง คลองหนึ่ง เขต คลองหลวง,12120,ปทุมธานี,Thailand,0-2908-0501,,0-2908-0779,,,,,Weeranuwat S.
res_partner_cust_243,บริษัท เอสไอซี คูลลิ่ง เซอร์วิส จำกัด,บริษัท เอสไอซี คูลลิ่ง เซอร์วิส จำกัด,,7 Days,,TRUE,TRUE,FALSE,,Default,FALSE,80/1671 หมู่ 5 ถ.เทพารักษ์,แขวง บางเมืองใหม่ เขต เมือง,10270,สมุทรปราการ,Thailand,0-2941-5735,,0-2941-5736,,,,,Weeranuwat S.
res_partner_cust_244,บริษัท เซจ ดีซายน์ แอนด์ คอนสตรัคชั่น จำกัด,"Sage Design & Construction Co.,Ltd.",,Cash,,TRUE,TRUE,FALSE,,Default,FALSE,12 ถ.อยู่เย็น,แขวง ลาดพร้าว เขต ลาดกระบัง,10230,กรุงเทพมหานคร,Thailand,0-2508-2475-7,,0-2942-9951,,,,,Weeranuwat S.
res_partner_cust_245,บริษัท เอส.อินเตอร์ แอนด์ แอสโซซิเอทส์ จำกัด,"S. Inter & Associates Co.,Ltd.",,7 Days,,TRUE,TRUE,FALSE,,Default,FALSE,8 ซอย อ่อนนุช 62 ถ.สุขุมวิท 77,แขวง สวนหลวง เขต สวนหลวง,10250,กรุงเทพมหานคร,Thailand,0-2721-1641-4,,0-2721-1649,,,,,Weeranuwat S.
res_partner_cust_246,บริษัท สมูท อี จำกัด,"Smooth - E Co.,Ltd.",,Cash,,TRUE,TRUE,FALSE,,Default,FALSE,15/1-15 หมู่ 9 ถ.บรมราชชนนี,แขวง ตลิ่งชัน เขต ตลิ่งชัน,10170,กรุงเทพมหานคร,Thailand,0-2880-8787,,0-2880-7190,,,,,Surasak S.
res_partner_cust_247,บริษัท เอส.เอ็น.เค. วิศวกรรมไฟฟ้า จำกัด,"S.N.K. Electrical Engineering Co.,Ltd.",,Cash,200000,TRUE,TRUE,FALSE,,Default,FALSE,101/466 หมู่ 4 ถ.ร่มเกล้า,แขวง คลองสองต้นนุ่น เขต ลาดกระบัง,10520,กรุงเทพมหานคร,Thailand,"0-2588-4653, 0-2952-6429",,"0-2588-4694, 0-2952-5488",,,,,Weeranuwat S.
res_partner_cust_248,บริษัท โชเอะ คันเกียว (ประเทศไทย) จำกัด,"Shoei Kankyo (Thailand) Co.,Ltd.",,Cash,,TRUE,TRUE,FALSE,,Default,FALSE,200 หมู่ 4 ถ.แจ้งวัฒนะ,แขวง ปากเกร็ด เขต ปากเกร็ด,11120,นนทบุรี,Thailand,0-2962-2114-6,,0-2962-2117,,,,,Dusit T.
res_partner_cust_249,บริษัท เอส.พี.บี.เอ็นจิเนียริ่ง จำกัด,"S.P.B. Engineering Co.,Ltd.",,30 Days,1000000,TRUE,TRUE,FALSE,,Default,FALSE,156 หมู่ 4,แขวง พะยอม เขต วังน้อย,13170,พระนครศรีอยุธยา,Thailand,0-3574-4527-30,,0-3574-4526,,,,,Dusit T.
res_partner_cust_250,บริษัท สินธุมาสโสภณ จำกัด,บริษัท สินธุมาสโสภณ จำกัด,,PDC. 30 Days,1000000,TRUE,TRUE,FALSE,,Default,FALSE,479/1 หมู่ 9 ซอย ประชาอุทิศ 12 ถ.ประชาอุทิศ,แขวง ราษฎร์บูรณะ เขต ราษฎ์บูรณะ,10140,กรุงเทพมหานคร,Thailand,0-2874-7537-39,,0-2874-7536,,,,,Chatchai T.
res_partner_cust_251,บริษัท เสาหลักก่อสร้าง จำกัด,"SAO-LAK construction Co.,Ltd.",,15 Days,,TRUE,TRUE,FALSE,,Default,FALSE,99/379 หมู่ 8 ซอย รัตนาธิเบศน์ 17 ถ.รัตนาธิเบศร์,แขวง บางกระสอ เขต เมือง,11000,นนทบุรี,Thailand,0-2965-6400-5,,0-2965-6406,,,,,Chairat S.
res_partner_cust_252,สถาบัน เทคโนโลยีนิวเคลียร์แห่งชาติ (องค์การมหาชน),Thailand Institute of Nuclear Technology (Public Organization),,90 Days,,TRUE,TRUE,FALSE,,Default,FALSE,9/9 หมู่ 7,แขวง ทรายมูล เขต องครักษ์,26120,นครนายก,Thailand,0-3739-2924,,0-3739-2923,,,,,Dusit T.
res_partner_cust_253,บริษัท ทรงชัยเอ็นจิเนียริ่ง แอนด์ คอนสตรัคชั่น จำกัด,"Songchai Engineering And Construction Co.,Ltd.",,30 Days,,TRUE,TRUE,FALSE,,Default,FALSE,12/6 หมู่ 7 ถ.บางนา-ตราด,แขวง บางโฉลง เขต บางพลี,10540,สมุทรปราการ,Thailand,0-2312-7184-87,,0-2312-7188,,,,,Visak T.
res_partner_cust_254,บริษัท ไทย อินเตอร์ฟิล จำกัด,"Thai Interfil Co.,Ltd.",,30 Days,,TRUE,TRUE,FALSE,,Default,FALSE,80 ถ.สุทธิสารวินิจฉัย,แขวง สามเสนนอก เขต ห้วยขวาง,10320,กรุงเทพมหานคร,Thailand,0-2693-4302-5,,0-2693-0191,,,,,Surasak S.
res_partner_cust_255,บริษัท ที-เร็กซ์ สตีล จำกัด,"T-Rex Steel Co.,Ltd.",,30 Days,,TRUE,TRUE,FALSE,,Default,FALSE,55/121 หมู่ 12 หมู่บ้านการเคหะสุวินทวงศ์,แขวง แสนแสบ เขต มีนบุรี,10510,กรุงเทพมหานคร,Thailand,0-2989-4893,,0-2989-4348,,,,,Somboon T.
res_partner_cust_256,บริษัท อุตสาหกรรมแว่นตาไทย จำกัด,"Thai Optical Co.,Ltd.",,30 Days,100000,TRUE,TRUE,FALSE,,Default,FALSE,83 หมู่ 2 ถ.งามวงศ์วาน,แขวง บางเขน เขต เมือง,11000,นนทบุรี,Thailand,"0-2588-4653, 0-2952-6429",,"0-2588-4694, 0-2952-5488",,,,,Weeranuwat S.
res_partner_cust_257,ห้างหุ้นส่วนจำกัด ธรรมเกสรการโยธา,ห้างหุ้นส่วนจำกัด ธรรมเกสรการโยธา,,7 Days,400000,TRUE,TRUE,FALSE,,Default,FALSE,1188 ซอย มิตรภาพ 15,แขวง ในเมือง เขต เมือง,30000,นครราชสีมา,Thailand,0-2585-0605,,0-2587-4533,,,,,Weeranuwat S.
res_partner_cust_258,บริษัท ทรีวอลล์ จำกัด,"THREE WALL Co.,Ltd.",,Cash,,TRUE,TRUE,FALSE,,Default,FALSE,166/43 หมู่ 4,แขวง บางเพรียง เขต บางบ่อ,,สมุทรปราการ,Thailand,,08-6322-7839,,,,,,Weeranuwat S.
res_partner_cust_259,บริษัท ที เอส อลูมินั่ม แอนด์ กลาส 2009 จำกัด,"T S Aluminium & Glass 2009 Co.,Ltd.",,Cash,,TRUE,TRUE,FALSE,,Default,FALSE,323/15 หมู่ 4 ถ.สายไหม,แขวง สายไหม เขต สายไหม,10220,กรุงเทพมหานคร,Thailand,0-2996-3301,,0-2996-3302,,,,,Weeranuwat S.
res_partner_cust_260,บริษัท เทอร์โมคูล ซัพพลาย แอนด์ เซอร์วิส จำกัด,"Thermo Cool Supply and Service Co.,Ltd.",,60 Days,,TRUE,TRUE,FALSE,,Default,FALSE,"136, 138 ซอย พระราม 2 ซอย 33",แขวง บางมด เขต จอมทอง,10150,กรุงเทพมหานคร,Thailand,"0-2459-3174, 0-2874-0463-4",,0-2874-0844,,,,,Weeranuwat S.
res_partner_cust_261,บริษัท ธันเดอร์ เทคโนโลยี จำกัด,"Thunder Technology Co.,Ltd.",,60 Days,1000000,TRUE,TRUE,FALSE,,Default,FALSE,199/1 หมู่ 7 ถ.บางนา-ตราด,แขวง บางโฉลง เขต บางพลี,10540,สมุทรปราการ,Thailand,"0-2750-8725-27, 0-2183-9083",,0-2750-8729,,,,,Dusit T.
res_partner_cust_262,บริษัท ไทยนากาฮารา เอ็นจิเนียริ่ง จำกัด,"Thai Nakahara Engineering Co.,Ltd.",,Cash,500000,TRUE,TRUE,FALSE,,Default,FALSE,498 ซอย รังสิต-นครนายก 52,แขวง ประชาธิปัตย์ เขต ธัญบุรี,12130,ปทุมธานี,Thailand,0-2974-2951,08-1456-4706,0-2974-2938,,,,,Weeranuwat S.
res_partner_cust_263,บริษัท ไทยนิชิมัตสุก่อสร้าง จำกัด,"Thai Nishimatsu Construction Co.,Ltd.",,30 Days,10000000,TRUE,TRUE,FALSE,,Default,FALSE,1 อาคาร ชิโน-ไทย ทาวเวอร์ ชั้น 19 ถ.สุขุมวิท 21,แขวง คลองเตยเหนือ เขต วัฒนา,10110,กรุงเทพมหานคร,Thailand,0-2258-9590-7,,0-2258-9599,,,,,Chatchai T.
res_partner_cust_264,บริษัท ไทยสแตนเลย์การไฟฟ้า จำกัด (มหาชน),"Thai Stanley Electric Public Co.,Ltd.",,30 Days,,TRUE,TRUE,FALSE,,Default,FALSE,10 หมู่ 1 ถ.บางพูน-รังสิต,แขวง บ้านกลาง เขต เมือง,12000,ปทุมธานี,Thailand,0-2581-5462,,0-2581-5397,,,,,Weeranuwat S.
res_partner_cust_265,บริษัท เดอะ บาร์บีคิว พลาซ่า จำกัด,"The Barbecue Plaza Co.,Ltd.",,30 Days,500000,TRUE,TRUE,FALSE,,Default,FALSE,333 หมู่ 6 ถ.ประชาชื่น,แขวง ทุ่งสองห้อง เขต หลักสี่,10210,กรุงเทพมหานคร,Thailand,0-2954-1333,,0-2954-1911,,,,,Weeranuwat S.
res_partner_cust_266,บริษัท ไทยนครพัฒนา จำกัด,"Thai Nakorn Patana Co.,Ltd.",,30 Days,,TRUE,TRUE,FALSE,,Default,FALSE,94/7 หมู่ 9 ซอย ยิ้มประกอบ ถ.งามวงศ์วาน,แขวง บางเขน เขต เมือง,11000,นนทบุรี,Thailand,0-2555-9999,,0-2589-2729,,,,,Chairat S.
res_partner_cust_267,บริษัท เท็มโก้ ซีสเต็ม แอนด์ คอนสตรัคชั่น จำกัด,"Temco System And Construction Co.,Ltd.",,7 Days,,TRUE,TRUE,FALSE,,Default,FALSE,331 ชั้น 2 อาคารเจริญผลคอนโดมิเนียม ถ.บรรทัดทอง,แขวง เพชรบุรี เขต ราชเทวี,10400,กรุงเทพมหานคร,Thailand,"0-2216-7060, 0-2611-1022-23",,0-2216-6836,,,,,Chatchai T.
res_partner_cust_268,บริษัท เทอร์แมท อินเตอร์เนชั่นแนล จำกัด,"Thermat International Co.,Ltd.",,60 Days,,TRUE,TRUE,FALSE,,Default,FALSE,335/45 อาคาร ไพร์มสเตท ชั้น 6 ซอย ผูกมิตร ถ.ศรีนครินทร์,แขวง หนองบอน เขต ประเวศ,10250,กรุงเทพมหานคร,Thailand,0-2366-0353,,0-2366-0354,,,,,
res_partner_cust_269,บริษัท ไทย-อเมริกัน พาแนล จำกัด,"Thai-American Panel Co.,Ltd.",,Cash,,TRUE,TRUE,FALSE,,Default,FALSE,129/153 หมู่ 11 หมู่บ้านทรัพย์หมื่นแสน ซอย นวลจันทร์ 36 ถ.นวลจันทร์,แขวง คลองกุ่ม เขต บึงกุ่ม,10230,กรุงเทพมหานคร,Thailand,0-2949-5057,,0-2949-5058,,,,,Dusit T.
res_partner_cust_270,บริษัท โตชิบา เซมิคอนดัคเตอร์ (ประเทศไทย) จำกัด,"Toshiba Semiconductor (Thailand) Co.,Ltd.",,45 Days,,TRUE,TRUE,FALSE,,Default,FALSE,135 หมู่ 5 สวนอุตสาหกรรมบางกะดี่ ถ.ติวานนท์,แขวง บางกะดี่ เขต เมือง,12000,ปทุมธานี,Thailand,"0-2501-1030, 0-2501-1621",,"0-2501-1642, 0-2501-1643-44",,,,,Dusit T.
res_partner_cust_271,บริษัท ไทคิชา (ประเทศไทย) จำกัด,"Taikisha (Thailand) Co.,Ltd.",,60 Days,,TRUE,TRUE,FALSE,,Default,FALSE,62 อาคาร ธนิยะ ชั้น 6 ถ.สีลม,แขวง สุริยวงศ์ เขต บางรัก,10500,กรุงเทพมหานคร,Thailand,0-2236-8055-9,,"0-2236-6189, 0-2236-9505",,,,,Dusit T.
res_partner_cust_272,บริษัท ไทยทาเคนาคา สากลก่อสร้าง จำกัด,"Thai Takenaka International Co.,Ltd.",,30 Days,,TRUE,TRUE,FALSE,,Default,FALSE,191 อาคาร สีลมคอมเพล็กซ์ ชั้น 26 ถ.สีลม,แขวง สุริยวงศ์ เขต บางรัก,10500,กรุงเทพมหานคร,Thailand,0-2266-2800,,"0-2266-2808, 0-2266-2809",,,,,Surasak S.
res_partner_cust_273,บริษัท ไทย-เลเซอร์ เอ็นจิเนียริ่ง จำกัด,"Thai-Laser Engineering Co.,Ltd.",,Cash,,TRUE,TRUE,FALSE,,Default,FALSE,5 ซอย ลาดพร้าว 80 แยก 22 ถ.ลาดพร้าว,แขวง วังทองหลาง เขต วังทองหลาง,10310,กรุงเทพมหานคร,Thailand,0-2539-5439,,0-2539-5437,,,,,Weeranuwat S.
res_partner_cust_274,บริษัท ไทยเอ็นวาเทค จำกัด,"Thai Envatech Co.,Ltd.",,30 Days,,TRUE,TRUE,FALSE,,Default,FALSE,195 หมู่ 4,แขวง พะยอม เขต วังน้อย,13170,พระนครศรีอยุธยา,Thailand,0-3574-4501-3,,0-3574-4505,,,,,Dusit T.
res_partner_cust_275,บริษัท ไทยคอนสตรัคชั่น แอนด์ เอ็นจิเนียริ่งซิสเทม จำกัด,"Thai Construction & Engineering System Co.,Ltd.",,30 Days,,TRUE,TRUE,FALSE,,Default,FALSE,60/49 หมู่ 5,แขวง ดอนหัวฬ่อ เขต เมือง,20000,ชลบุรี,Thailand,,08-9987-7757,0-3844-0534,,,,,Weeranuwat S.
res_partner_cust_276,บริษัท เดอะ คูล จำกัด,"The Cool Co.,Ltd.",,Cash,,TRUE,TRUE,FALSE,,Default,FALSE,193/53 อาคาร เลครัชดา ออฟฟิศ คอมเพล็กซ์ ชั้น 14 ถ.รัชดาภิเษก,แขวง คลองเตย เขต คลองเตย,10110,กรุงเทพมหานคร,Thailand,0-2661-8228,,0-2661-8822,,,,,Weeranuwat S.
res_partner_cust_277,บริษัท เทวยุทธ ก่อสร้าง จำกัด,"TY Construction Co.,Ltd.",,PDC. 30 Days,,TRUE,TRUE,FALSE,,Default,FALSE,24/36 อาคาร เมืองทองธานี อาคาร ที 11 ถ.ปอปปูลาร์,แขวง บ้านใหม่ เขต ปากเกร็ด,11120,นนทบุรี,Thailand,0-3571-1222,,0-3571-1221,,,,,Chatchai T.
res_partner_cust_278,บริษัท ทัสค์ อินทีเรีย จำกัด,"Task Interrior Co.,Ltd.",,Cash,1000000,TRUE,TRUE,FALSE,,Default,FALSE,79/6-9 ซอย รามอินทรา 14 ถ.รามอินทรา,แขวง ท่าแร้ง เขต บางเขน,10230,กรุงเทพมหานคร,Thailand,0-2943-5000,,0-2943-8025-6,,,,,Surasak S.
res_partner_cust_279,บริษัท เทลสตาร์ โซลูชั่น (ประเทศไทย) จำกัด,"Telstar Solution (Thailand) Co.,Ltd.",,30 Days,,TRUE,TRUE,FALSE,,Default,FALSE,43 ซอย พระรามเก้า 62 ถ.พระราม 9,แขวง สวนหลวง เขต สวนหลวง,10250,กรุงเทพมหานคร,Thailand,0-2300-1735,,0-2300-1735,,,,,Surasak S.
res_partner_cust_280,บริษัท ที-คอน สตรัคชั่น แอนด์ คลีนรูม เอ็นจิเนียริ่ง จำกัด,"T-Con Struction & Clean Room Engineering Co.,Ltd.",,30 Days,2000000,TRUE,TRUE,FALSE,,Default,FALSE,130/30 หมู่ 11 หมู่บ้านสินสุข,แขวง คลองกุ่ม เขต บึงกุ่ม,10230,กรุงเทพมหานคร,Thailand,0-2949-5474-5,,0-2949-5475,,,,,Chatchai T.
res_partner_cust_281,บริษัท ที.โอ.แลบ จำกัด,"T.O.Lab Co.,Ltd.",,7 Days,10000000,TRUE,TRUE,FALSE,,Default,FALSE,2/052 หมู่ 1 ถ.แจ้งวัฒนะ,แขวง ทุ่งสองห้อง เขต หลักสี่,10210,กรุงเทพมหานคร,Thailand,0-2573-2139,,0-2573-2140,,,,,Chairat S.
res_partner_cust_282,บริษัท ที.โอ.เคมีคอลล์ (1979) จำกัด,"T.O. Chemicals (1979) Co.,Ltd.",,7 Days,,TRUE,TRUE,FALSE,,Default,FALSE,280 ซอย สบายใจ ถ.สุทธิสารวินิจฉัย,แขวง สามเสนนอก เขต ห้วยขวาง,10320,กรุงเทพมหานคร,Thailand,0-2275-6053-9,,0-2277-7350,,,,,Chairat S.
res_partner_cust_283,บริษัท ทีทีเอ็ม เทคโนโลยี่ จำกัด,"TTM Technology Co.,Ltd.",,Cash,,TRUE,TRUE,FALSE,,Default,FALSE,110/27 ซอย รามคำแหง 43/1 ถ.รามคำแหง,แขวง พลับพลา เขต วังทองหลาง,10310,กรุงเทพมหานคร,Thailand,0-2374-3742,,0-2374-3743,,,,,Weeranuwat S.
res_partner_cust_284,บริษัท ที เอ็น ดี ฟู้ดส์ อินดัสตรีย์ จำกัด,"T N D Foods Industry Co.,Ltd.",,Cash,,TRUE,TRUE,FALSE,,Default,FALSE,229 หมู่ 3,แขวง ทุ่งสุขลา เขต ศรีราชา,20230,ชลบุรี,Thailand,0-3849-0314-7,,0-3849-0592,,,,,Weeranuwat S.
res_partner_cust_285,บริษัท ที เอ็น เอ็ม อินเตอร์เนชั่นแนล จำกัด,"TNM INTERNATIONAL CO., LTD.",,Cash,,TRUE,TRUE,FALSE,,Default,FALSE,30/59 หมู่ 5,แขวง คอกกระบือ เขต เมือง,74000,สมุทรสาคร,Thailand,"0-3444-1344, 0-3444-1152",,0-3444-1167,,,,,Weeranuwat S.
res_partner_cust_286,บริษัท ตามรภาค เอนจิเนียริ่ง จำกัด,"Tarmallpark Engineering Co.,Ltd.",,Cash,,TRUE,TRUE,FALSE,,Default,FALSE,981/7-8 ถ.พระราม 3,แขวง บางโพงพาง เขต ยานนาวา,10120,กรุงเทพมหานคร,Thailand,0-2284-3994-6,,0-2284-3997,,,,,Weeranuwat S.
res_partner_cust_287,บริษัท ที อาร์ เอส คลูลิ่งซีสเต็ม จำกัด,บริษัท ที อาร์ เอส คลูลิ่งซีสเต็ม จำกัด,,Cash,,TRUE,TRUE,FALSE,,Default,FALSE,367/67 หมู่ 7,แขวง ดีลัง เขต พัฒนานิคม,15220,ลพบุรี,Thailand,,"08-1785-5935, 08-0795-9255",0-4547-5029,,,,,Weeranuwat S.
res_partner_cust_288,บริษัท ไทย กรีน เทค จำกัด,"Thai Green Tech Co.,Ltd.",,Cash,,TRUE,TRUE,FALSE,,Default,FALSE,"62/277, 279 ซอย เสรีไทย 72 ถ.เสรีไทย",แขวง มีนบุรี เขต มีนบุรี,10510,กรุงเทพมหานคร,Thailand,0-2918-9061-2,,0-2918-9063,,,,,Weeranuwat S.
res_partner_cust_289,บริษัท ไทย ริห์ติง โคทติ้ง เทคโนโลยี จำกัด,"Thai Rihting Coating Technology Co.,Ltd.",,7 Days,,TRUE,TRUE,FALSE,,Default,FALSE,289 หมู่ 6 ถ.เมืองใหม่บางพลี,แขวง บางเพรียง เขต บางบ่อ,10560,สมุทรปราการ,Thailand,0-2705-9604-6,,0-2705-9644,,,,,Weeranuwat S.
res_partner_cust_290,บริษัท เทวกิจ จำกัด,"Thewakit Co.,Ltd.",,30 Days,,TRUE,TRUE,FALSE,,Default,FALSE,282/23 อาคาร การ์เด้นเพลส 1 ชั้น 5 ซอย รุ่งเรือง ถ.สุทธิสาร,แขวง สามเสนนอก เขต ห้วยขวาง,10310,กรุงเทพมหานคร,Thailand,0-2693-4326-7,,0-2693-4336,,,,,
res_partner_cust_291,บริษัท เทอร์มอลแลนด์ จำกัด,"Thermalland Co.,Ltd.",,Cash,,TRUE,TRUE,FALSE,,Default,FALSE,43/5 หมู่ 7,แขวง ท่าจีน เขต เมือง,74000,สมุทรสาคร,Thailand,,,0-3449-7014,,,,,Dusit T.
res_partner_cust_292,บริษัท ยูนีซัน จำกัด,"Unison Co.,Ltd.",,30 Days,20000000,TRUE,TRUE,FALSE,,Default,FALSE,39 หมู่ 4,แขวง คลองอุดมชลจร เขต เมือง,24000,ฉะเชิงเทรา,Thailand,0-2329-1020-5,,0-2329-1279,,,,,Dusit T.
res_partner_cust_293,บริษัท ยูนีซัน จำกัด (Invoice),"Unison Co.,Ltd. (Invoice)",,,,FALSE,TRUE,FALSE,บริษัท ยูนีซัน จำกัด,Invoice,FALSE,736-742 ถ.ประชาอุทิศ,แขวง สามเสนนอก เขต ห้วยขวาง,10320,กรุงเทพมหานคร,Thailand,0-2274-3500-19,,,,,,,Dusit T.
res_partner_cust_294,บริษัท ยูโทเปี้ยน จำกัด,"Utopian Co.,Ltd.",,Cash,5000000,TRUE,TRUE,FALSE,,Default,FALSE,602 หมู่ 3 ซอย ท่านผู้หญิง ถ.เทพารักษ์,แขวง เทพารักษ์ เขต เมือง,10270,สมุทรปราการ,Thailand,"0-2394-1703, 0-2394-6505, 0-2394-6869",,0-2758-4334,,,,,Chairat S.
res_partner_cust_295,บริษัท ยูนิค ผลิตภัณฑ์ อุตสาหกรรม จำกัด,"Unique Industrial Products Co.,Ltd.",,Cash,,TRUE,TRUE,FALSE,,Default,FALSE,100/58 หมู่ 4,แขวง โสนลอย เขต บางบัวทอง,11110,นนทบุรี,Thailand,0-2924-9523,,0-2924-9523,,,,,Chatchai T.
res_partner_cust_296,บริษัท ยูไนเต็ดอินสทรูเมนท์ จำกัด,"United Instrument Co.,Ltd.",,PDC. 15 Days,,TRUE,TRUE,FALSE,,Default,FALSE,148/4 ซอย สุขุมวิท 22 ถ.สุขุมวิท,แขวง คลองเตย เขต คลองเตย,10110,กรุงเทพมหานคร,Thailand,0-2259-5785,,0-2259-1321,,,,,Chatchai T.
res_partner_cust_297,บริษัท ยูแมค ไซแอนทิฟิค จำกัด,"U-Mac Sing & Tific Co.,Ltd.",,Cash,,TRUE,TRUE,FALSE,,Default,FALSE,40 ถ.ดรุณสำราญ,แขวง ในเมือง เขต เมือง,40000,ขอนแก่น,Thailand,0-4332-2995,08-1592-6865,0-4332-2996,,,,,Weeranuwat S.
res_partner_cust_298,บริษัท ยูไนเต็ด สตีลเวอร์ค จำกัด,"United Steel Work Co.,Ltd.",,30 Days,1000000,TRUE,TRUE,FALSE,,Default,FALSE,266/3 ถ.จรัญสนิทวงศ์,แขวง ศิริราช เขต บางกอกน้อย,10700,กรุงเทพมหานคร,Thailand,0-2435-0051-4,,0-2435-1141,,,,,Chatchai T.
res_partner_cust_299,บริษัท ยูไนเต็ด สตีลเวอร์ค จำกัด (Invoice),"United Steel Work Co.,Ltd. (Invoice)",,,,FALSE,TRUE,FALSE,บริษัท ยูไนเต็ด สตีลเวอร์ค จำกัด,Invoice,FALSE,340 หมู่ 4 ซอย สวนหลวง 1 ถ.เศรษกิจ,แขวง ท่าไม้ เขต กระทุ่มแบน,74110,สมุทรสาคร,Thailand,0-3447-2710-1,,,,,,,Chatchai T.
res_partner_cust_300,บริษัท ยูแทคไทย จำกัด,"UTAC Thai Co.,Ltd.",,30 Days,,TRUE,TRUE,FALSE,,Default,FALSE,40/10 สุขุมวิท 105 ถ.สุขุมวิท,แขวง บางนา เขต บางนา,10800,กรุงเทพมหานคร,Thailand,"0-2749-1680, 0-2393-3126-35",,"0-2398-7157, 0-2749-2872",,,,,Chatchai T.
res_partner_cust_301,บริษัท ยูเอฟเอ็ม ฟู้ดเซ็นเตอร์ จำกัด,"UFM Food Centre Co.,Ltd.",,30 Days,,TRUE,TRUE,FALSE,,Default,FALSE,"593, 593/29-39 ซอย สุขุมวิท 33/1 ถ.สุขุมวิท",แขวง คลองตันเหนือ เขต วัฒนา,10110,กรุงเทพมหานคร,Thailand,0-2260-5280-30,,0-2259-0620-30,,,,,Surasak S.
res_partner_cust_302,บริษัท วิสโก้ เอ็นจิเนียริ่ จำกัด,"Visco Co.,Ltd.",,60 Days,,TRUE,TRUE,FALSE,,Default,FALSE,800/378 หมู่ 11 ถ.นวมินทร์,แขวง คันนายาว เขต คันนายาว,10230,กรุงเทพมหานคร,Thailand,0-2947-7389,,0-2944-7929,,,,,Visak T.
res_partner_cust_303,บริษัท วีพีเอส รีครีเอชั่น จำกัด,"VPS Recreation Co.,Ltd.",,Cash,100000,TRUE,TRUE,FALSE,,Default,FALSE,58 ซอย ตรอกศรีรับสุข ซอย วิภาวดี 62 ถ.,แขวง ตลาดบางเขน เขต หลักสี่,10210,กรุงเทพมหานคร,Thailand,0-2973-5440,,0-2973-4425,,,,,Weeranuwat S.
res_partner_cust_304,บริษัท วี.เมน.ฟิลส์ (ประเทศไทย) จำกัด,"V. mane Fisl Co.,Ltd.",,30 Days,,TRUE,TRUE,FALSE,,Default,FALSE,284 หมู่ 4 นิคมอุตสาหกรรมลาดกระบัง เขตทั่วไป โครงการ 3 ถ.ฉลองกรุง,แขวง ลำปลาทิว เขต ลาดกระบัง,10520,กรุงเทพมหานคร,Thailand,0-2326-0100,,0-2326-0155,,,,,Somboon T.
res_partner_cust_305,บริษัท วี.ดับบลิว.กรุ๊ป จำกัด,"V.W. Group Co.,Ltd.",,30 Days,,TRUE,TRUE,FALSE,,Default,FALSE,68/79 หมู่ 6 ซอย บางใหญ่ซิตี้ ถ.กาญจนาภิเษก,แขวง เสาธงหิน เขต บางใหญ่,11140,นนทบุรี,Thailand,0-2903-3190-2,,0-2903-3193,,,,,Chatchai T.
res_partner_cust_306,บริษัท วาลิเทค จำกัด,"Valitech Co.,Ltd.",,Cash,100000,TRUE,TRUE,FALSE,,Default,FALSE,274 อาคารเอ 2 ชั้น 1 ซอย ศูนย์วิจัย 4 ถ.พระราม 9,แขวง บางกะปิ เขต ห้วยขวาง,10320,กรุงเทพมหานคร,Thailand,0-2319-9769,,0-2319-9770,,,,,Surasak S.
res_partner_cust_307,ห้างหุ้นส่วนจำกัด วีอาร์ เอ็กซ์เพิร์ท,ห้างหุ้นส่วนจำกัด วีอาร์ เอ็กซ์เพิร์ท,,Cash,,TRUE,TRUE,FALSE,,Default,FALSE,100/3 หมู่ 7 ถ.ราษฎร์พัฒนา,แขวง สะพานสูง เขต สะพานสูง,10240,กรุงเทพมหานคร,Thailand,0-2917-3440,,0-2917-3441,,,,,Weeranuwat S.
res_partner_cust_308,บริษัท วี.ที.ซี. คูล จำกัด,"V.T.C Cool  Co.,Ltd.",,60 Days,,TRUE,TRUE,FALSE,,Default,FALSE,82/92 หมู่ 6,แขวง ท่าทราย เขต เมือง,74000,สมุทรสาคร,Thailand,0-3481-0688,08-6315-0272,0-3442-1473,,,,,Weeranuwat S.
res_partner_cust_309,บริษัท วีโอวี อินเตอร์เนชั่นแนบ จำกัด,"VOV International Co.,Ltd.",,Cash,,TRUE,TRUE,FALSE,,Default,FALSE,51/1004 หมู่ 2 ถ.ลำลูกกา,แขวง คูคต เขต ลำลูกกา,12130,ปทุมธานี,Thailand,0-2995-7470-5,,0-2995-7475,,,,,Dusit T.
res_partner_cust_310,บริษัท เวคเตอร์ไทย เทคโนโลยี จำกัด,"Vector Thai Technology Co.,Ltd.",,30 Days,,TRUE,TRUE,FALSE,,Default,FALSE,299 ซอย ลาดพร้าว 101 ถ.ลาดพร้าว,แขวง คลองจั่น เขต บางกะปิ,10240,กรุงเทพมหานคร,Thailand,"0-2736-9288, 0-2736-9588",,0-2376-0860,,,,,Surasak S.
res_partner_cust_311,บริษัท วรธนาวงศ์ จำกัด,"Worathanawong Co.,Ltd.",,30 Days,,TRUE,TRUE,FALSE,,Default,FALSE,77/16 หมู่ 10,แขวง บางม่วง เขต บางใหญ่,11140,นนทบุรี,Thailand,"0-2443-6667-9, 0-2921-4137-9",,0-2921-4145,,,,,Chairat S.
res_partner_cust_312,บริษัท เวสเทิร์น สตาร์ คอนสตรัคชั่น (2000) จำกัด,"Western Star Construction (2000) Co.,Ltd.",,Cash,,TRUE,TRUE,FALSE,,Default,FALSE,339/31 หมู่ 1,แขวง ปากแพรก เขต เมือง,71000,กาญจนบุรี,Thailand,0-3424-1187,08-1434-9266,0-3424-1187,,,,,Chatchai T.
res_partner_cust_313,บริษัท วินด์ชิลล์ จำกัด,"Windchill Co.,Ltd.",,30 Days,,TRUE,TRUE,FALSE,,Default,FALSE,159/16 หมู่ 17 ถ.กาญจนาภิเษก,แขวง ศาลาธรรมสพน์ เขต ทวีวัฒนา,10170,กรุงเทพมหานคร,Thailand,0-2885-2995-97,,0-2885-2998,,,,,Chatchai T.
res_partner_cust_314,บริษัท วูวี่ คอร์ปอเรชั่น จำกัด,"Woovi Corporation Co.,Ltd.",,Cash,,TRUE,TRUE,FALSE,,Default,FALSE,333 หมู่ 9 ถ.ศรีนครินทร์,แขวง บางนา เขต บางนา,10260,กรุงเทพมหานคร,Thailand,0-2748-7420-1,,0-2748-7420,,,,,Chairat S.
res_partner_cust_315,บริษัท ยงไถ่ คอนสตรัคชั่น จำกัด,"Yongtai Construction Co.,Ltd.",,Cash,,TRUE,TRUE,FALSE,,Default,FALSE,4 ซอย สุขุมวิท 101/1 ถ.สุขุมวิท,แขวง บางจาก เขต พระโขนง,10260,กรุงเทพมหานคร,Thailand,0-2743-9240-3,,0-2743-9240,,,,,Chairat S.
res_partner_cust_316,ห้างหุ้นส่วนจำกัด วาย.โอ.เอส ชัยยศเซอร์วิส,ห้างหุ้นส่วนจำกัด วาย.โอ.เอส ชัยยศเซอร์วิส,,Cash,100000,TRUE,TRUE,FALSE,,Default,FALSE,31/13 หมู่ 4,แขวง บ้านม้า เขต บางไทร,13190,พระนครศรีอยุธยา,Thailand,0-3571-8115,,0-3571-8115,,,,,Surasak S.
