id,name,ref,property_payment_term,credit_limit,is_company,customer,supplier,parent_id,type,use_parent_address,street,street2,zip,city,country_id/id,phone,mobile,fax,email,category_id/id,website,comment,user_id
res_partner_supplier_1,ห้างหุ้นส่วนจำกัด สามที เซ็นเตอร์เซอร์วิส,,30 Days,100000,TRUE,TRUE,FALSE,,Default,FALSE,61/70 หมู่ 6 ,ลำลูกกา ลำลูกกา,12150,ปทุมธานี,,0-2987-1753,,0-2987-1164,,,,,Chatchai T.
res_partner_supplier_2,บริษัท แอดวานซ์ ซีวิล กรุ๊ป จำกัด,,30 Days,500000,TRUE,TRUE,FALSE,,Default,FALSE,295 สามเสน,วัดสามพระยา พระนคร,10200,กรุงเทพมหานคร,,"0-2280-5274, 0-2280-2164",,0-2628-5568,,,,,Chatchai T.
res_partner_supplier_3,บริษัท แอดวานซ์ ซีวิล กรุ๊ป จำกัด (Shipping),,,,FALSE,TRUE,FALSE,บริษัท แอดวานซ์ ซีวิล กรุ๊ป จำกัด,Shipping,FALSE,35/172  หมู่ 1 ,ตลาดขวัญ เมือง,11000,นนทบุรี,,"0-2282-4280, 0-2282-6789",,,,,,,
res_partner_supplier_4,บริษัท แอร์โค จำกัด,,30 Days,1000000,TRUE,TRUE,FALSE,,Default,FALSE,1126/2 อาคาร วานิช 2 ชั้น 30-31 เพชรบุรีตัดใหม่,มักกะสัน ราชเทวี,10400,กรุงเทพมหานคร,,0-2704-9999,,0-2704-9631,,,,,Chairat S.
res_partner_supplier_5,บริษัท แอดวานซ์ ฟาร์มาซูติคอล แมนูแฟคเจอริ่ง จำกัด,,30 Days,20000000,TRUE,TRUE,FALSE,,Default,FALSE,601/5-8 ซอย สุทธิพร ประชาสงเคราะห์,ดินแดง ดินแดง,10400,กรุงเทพมหานคร,,0-2663-2323,,0-2248-5370,,,,,Chairat S.
res_partner_supplier_6,บริษัท เอ - โอเค จำกัด,,Cash,,TRUE,TRUE,FALSE,,Default,FALSE,19/72 หมู่ 1 หมู่บ้านรอยัลนครินทร์วิลล่า ศรีนครินทร์,หนองบอน ประเวศ,10250,กรุงเทพมหานคร,,0-2743-3744-5,,0-2743-3746,,,,,Weeranuwat S.
res_partner_supplier_7,บริษัท เอ.ดี.ดี เอ็นจิเนียริ่ง จำกัด,,30 Days,,TRUE,TRUE,FALSE,,Default,FALSE,205 ซอย สมเด็จพระเจ้าตากสิน 18 ,บุคคโล ธนบุรี,10600,กรุงเทพมหานคร,,0-2890-4600,,0-2890-4600,,,,,Chairat S.
res_partner_supplier_8,บริษัท อารีย์ เอ็นจิเนียร์ ซัพพลายส์ จำกัด,,Cash,,TRUE,TRUE,FALSE,,Default,FALSE,22/323 หมู่ 10 อาคาร เอเวอร์กรีน ทาวเวอร์ ชั้น 1 ซอย บางนา 56 บางนา-ตราด,บางนา บางนา,10260,กรุงเทพมหานคร,,0-2751-5125,,0-2751-5124,,,,,Chatchai T.
res_partner_supplier_9,ห้างหุ้นส่วนจำกัด เอ.อาร์.แอล.เอ็นจิเนียริ่ง,,Cash,,TRUE,TRUE,FALSE,,Default,FALSE,2535-2536  หมู่ 2 ,คลองจิก บางปะอิน,13160,พระนครศรีอยุธยา,,0-3522-0766,,0-3522-0748,,,,,
res_partner_supplier_10,บริษัท แอม.เจ คอนสตรัคชั่น แอนด์ แมนเนจเม้นท์ จำกัด,,30 Days,,TRUE,TRUE,FALSE,,Default,FALSE,52/478 หมู่ 7 ซอย เอกทักษิณ พหลโยธิน,หลักหก เมือง,12000,ปทุมธานี,,0-2533-9977,,0-2997-7364,,,,,Dusit T.
res_partner_supplier_11,บริษัท ออริก้า เอ็นจิเนียริ่ง จำกัด,,Cash,,TRUE,TRUE,FALSE,,Default,FALSE,4/31 หมู่ 1 พระราม 2 ซอย 18,บางมด จอมทอง,10150,กรุงเทพมหานคร,,0-2877-1193-4,,0-2877-1140,,,,,Dusit T.
res_partner_supplier_12,บริษัท แอร์บอร์น เอ็นจิเนียริ่ง จำกัด,,Cash,,TRUE,TRUE,FALSE,,Default,FALSE,51/14  ซอย ศิริถาวร พระราม 9,สวนหลวง สวนหลวง,10250,กรุงเทพมหานคร,,0-2719-1114,,0-2719-1114,,,,,Chatchai T.
res_partner_supplier_13,บริษัท เอ อี เอส วิศวกรรม จำกัด,,30 Days,,TRUE,TRUE,FALSE,,Default,FALSE,1451  ซอย ลาดพร้าว 94 ลาดพร้าว,วังทองหลาง วังทองหลาง,10310,กรุงเทพมหานคร,,0-2530-3974-8,,0-2530-3976,,,,,Chatchai T.
res_partner_supplier_14,บริษัท แอกเซส อินดัสเตรียล เทคโนโลยี จำกัด,,30 Days,,TRUE,TRUE,FALSE,,Default,FALSE,274  อาคาร เอ2 ชั้น 1 ซอย ศูนย์วิจัย 4 (โรงเรียนญี่ปุ่น) พระราม 9,บางกะปิ ห้วยขวาง,10320,กรุงเทพมหานคร,,"0-2319-9961-4, 0-2319-9372-3",,0-2319-9960,,,,,Surasak S.
res_partner_supplier_15,บริษัท เอ แอล เค เอ็นจิเนียริ่ง จำกัด,,Cash,,TRUE,TRUE,FALSE,,Default,FALSE,39  หมู่ 12 ,ทรายมูล สันกำแพง,50130,เชียงใหม่,,0-5330-8362,,0-5330-8319,,,,,Surasak S.
res_partner_supplier_16,บริษัท ออลเทอร์ แอร์คอนดิชั่นนิ่ง จำกัด,,60 Days,,TRUE,TRUE,FALSE,,Default,FALSE,410 ซอย พระยาสุเรนทร์ 30 รามอินทรา 109,บางชัน คลองสามวา,10510,กรุงเทพมหานคร,,0-2540-6871,,0-2918-6954,,,,,Dusit T.
res_partner_supplier_17,บริษัท เอเชีย วี.เอส.ซี. คอร์ปอเรชั่น จำกัด,,60 Days,,TRUE,TRUE,FALSE,,Default,FALSE,8/2 ซอย สามแยกบายพาส สุขุมวิท,เนินพระ เมือง,21150,ระยอง,,0-3868-8589-92,,0-3868-8591,,,,,
res_partner_supplier_18,บริษัท ออโตเมชั่นเซอร์วิส จำกัด,,Cash,,TRUE,TRUE,FALSE,,Default,FALSE,4 อโศก-ดินแดง,ดินแดง ดินแดง,10400,กรุงเทพมหานคร,,"0-2246-0330, 0-2246-0324",,0-3862-4663,,,,,Visak T.
res_partner_supplier_19,บริษัท เอ.แอล.ที. อินเตอร์ คอร์ปอเรชั่น จำกัด,,30 Days,,TRUE,TRUE,FALSE,,Default,FALSE,51 หมู่ 5 บางกรวย-ไทรน้อย,บางสีทอง บางกรวย,11130,นนทบุรี,,0-2886-3356,,0-2886-3084,,,,,
res_partner_supplier_20,บริษัท แอมแอร์ จำกัด,,60 Days,,TRUE,TRUE,FALSE,,Default,FALSE,999/1 หมู่ 9 บางนา-ตราด กม.19,บางโฉลง บางพลี,10540,สมุทรปราการ,,0-2769-2222,,0-2769-2254,,,,,Visak T.
res_partner_supplier_21,ห้างหุ้นส่วนจำกัด เอซีซีโอ กรุ๊ป,,Cash,,TRUE,TRUE,FALSE,,Default,FALSE,7/984 หมู่ 6 ,สามวาตะวันตก คลองสามวา,10510,กรุงเทพมหานคร,,0-2914-1358-9,,0-2914-4899,,,,,
res_partner_supplier_22,บริษัท อนุสรณ์มหาชัยห้องเย็น จำกัด,,30 Days,,TRUE,TRUE,FALSE,,Default,FALSE,59/6 หมู่ 8 ,ท่าทราย เมือง,74000,สมุทรสาคร,,0-3442-9005-10,,0-3442-9009-10,,,,,Somboon T.
res_partner_supplier_23,บริษัท แอ๊พพลายคูล เซอร์วิส จำกัด,,30 Days,,TRUE,TRUE,FALSE,,Default,FALSE,4 ซอย ชุ่มชื่น อโศก-ดินแดง,ดินแดง ดินแดง,10400,กรุงเทพมหานคร,,0-2246-0218,,0-2246-0330,,,,,
res_partner_supplier_24,บริษัท แอร์พลัส แอ๊พพลาย จำกัด,,30 Days,,TRUE,TRUE,FALSE,,Default,FALSE,48/259 หมู่ 1 รามคำแหง,สะพานสูง สะพานสูง,10240,กรุงเทพมหานคร,,"0-2729-6796-9, 0-2729-4523",,0-2729-4532,,,,,Chatchai T.
res_partner_supplier_25,บริษัท เอ.อาร์.ซี เอ็นจิเนียริ่ง จำกัด,,30 Days,,TRUE,TRUE,FALSE,,Default,FALSE,389/114 หมู่ 6 สุขุมวิท,นาเกลือ บางละมุง,20150,ชลบุรี,,0-3871-6867-8,,0-3871-6896,,,,,
res_partner_supplier_26,บริษัท ไบเออร์ไทย จำกัด,,Cash,100000,TRUE,TRUE,FALSE,,Default,FALSE,130/1 สาทรเหนือ,สีลม บางรัก,10500,กรุงเทพมหานคร,,0-2324-620,,0-2709-4325,,,,,Surasak S.
res_partner_supplier_27,ห้างหุ้นส่วนจำกัด บีบีเอส บ่อวิน เอ็นจิเนียริ่ง,,30 Days,,TRUE,TRUE,FALSE,,Default,FALSE,75/37 หมู่ 7 ,บ่อวิน ศรีราชา,20230,ชลบุรี,,0-3805-7726,,0-3805-7727,,,,,Weeranuwat S.
res_partner_supplier_28,บริษัท บี.กริม แอร์คอนดิชั่นนิ่ง จำกัด,,60 Days,,TRUE,TRUE,FALSE,,Default,FALSE,54 หมู่ 14 สุวินทวงศ์,กระทุ่มราย หนองจอก,10530,กรุงเทพมหานคร,,0-2988-2391-7,,0-2988-2144,,,,,Visak T.
res_partner_supplier_29,บริษัท เบลล์เลอร์ จำกัด,,Cash,,TRUE,TRUE,FALSE,,Default,FALSE,105/105 หมู่ 10 หมู่บ้านพฤกษาทาวน์ 1 (ราชพฤกษ์) ,บางกร่าง เมือง,11000,นนทบุรี,,0-2444-5076,,0-2444-5079,,,,,Weeranuwat S.
res_partner_supplier_30,บริษัท บางกอกอินเตอร์คอน จำกัด,,30 Days,,TRUE,TRUE,FALSE,,Default,FALSE,35/14 หมู่ 6 สุขุมวิท 77,ประเวศ ประเวศ,10250,กรุงเทพมหานคร,,"0-2321-2602, 0-2321-9049",,0-2721-2791,,,,,
res_partner_supplier_31,บริษัท บิลเดอร์ มาสเตอร์ จำกัด,,60 Days,,TRUE,TRUE,FALSE,,Default,FALSE,99/79 หมู่  พุทธมณฑลสาย 5,บางกระทึก สามพราน,13210,นครปฐม,,0-2482-1491-2,,0-2800-1634,,,,,Surasak S.
res_partner_supplier_32,บริษัท ไบโอมูฟ จำกัด,,Cash,,TRUE,TRUE,FALSE,,Default,FALSE,222/24 หมู่ 12 ซอย มัยลาภ รามอินทรา 14,ลาดพร้าว ลาดพร้าว,10230,กรุงเทพมหานคร,,0-2274-8614,,0-2274-8615,,,,,Weeranuwat S.
res_partner_supplier_33,บริษัท บี ไอ เอส เอส จำกัด,,Cash,,TRUE,TRUE,FALSE,,Default,FALSE,4/250 ซอย หมู่บ้านมิตรภาพ ศรีนครินทร์,หนองบอน ประเวศ,10250,กรุงเทพมหานคร,,0-2322-4833,,0-2322-4833,,,,,Weeranuwat S.
res_partner_supplier_34,บริษัท บี.กริม เฮ็ลธ แคร์ จำกัด,,Cash,,TRUE,TRUE,FALSE,,Default,FALSE,88 กรุงเทพกรีฑา,หัวหมาก บางกะปิ,10240,กรุงเทพมหานคร,,0-2710-3000,,"0-2379-4252, 0-2374-4469",,,,,Surasak S.
res_partner_supplier_35,ร้านบุญญลิต,,Cash,,TRUE,TRUE,FALSE,,Default,FALSE,1806-07 หมู่ 4 สุขุมวิท,เทพารักษ์ เมือง,10270,สมุทรปราการ,,0-2384-1574,,0-2757-7387,,,,,Chairat S.
res_partner_supplier_36,บริษัท เบสเทรด พรีซิชั่น จำกัด,,Cash,,TRUE,TRUE,FALSE,,Default,FALSE,701/20 ซอย วัดจันทร์ใน ,บางโคล่ บางคอแหลม,10120,กรุงเทพมหานคร,,0-2264-1600,,0-2284-1591-2,,,,,Dusit T.
res_partner_supplier_37,ห้างหุ้นส่วนจำกัด บางพลี แฟคตอรี่ คอนซัลท์,,30 Days,,TRUE,TRUE,FALSE,,Default,FALSE,300/27 หมู่ 11 ,บางพลีใหญ่ บางพลี,10540,สมุทรปราการ,,0-2337-3614,,0-2752-1184,,,,,
res_partner_supplier_38,บริษัท บัลมอรัล จำกัด,,30 Days,,TRUE,TRUE,FALSE,,Default,FALSE,177/25 หมู่ 8 ซอย ชนบท รามคำแหง,มีนบุรี มีนบุรี,10510,กรุงเทพมหานคร,,0-2919-4077,,,,,,,
res_partner_supplier_39,บริษัท บ้านสีเขียว จำกัด,,30 Days,,TRUE,TRUE,FALSE,,Default,FALSE,494 หมู่ 6 ,พนานิคม กิ่งอำเภอนิคม,21180,ระยอง,,0-3889-7434-5,,0-3889-7435,,,,,Visak T.
res_partner_supplier_40,ห้างหุ้นส่วนจำกัด บูญรวม เอ็นจิเนียริ่ง,,30 Days,,TRUE,TRUE,FALSE,,Default,FALSE,88/1034 หมู่ 6 พระราม 2,แสมดำ บางขุนเทียน,10150,กรุงเทพมหานคร,,0-2416-6534,,0-2416-6550,,,,,Visak T.
res_partner_supplier_41,บริษัท บีที ฮีท-ชีล โซลูชั่น (ประเทศไทย) จำกัด,,Cash,,TRUE,TRUE,FALSE,,Default,FALSE,531/64 ซอย ศูนย์วิจัย 4 พระราม 9,บางกะปิ ห้วยขวาง,10310,กรุงเทพมหานคร,,0-2719-7396,,0-2719-7397,,,,,Chatchai T.
res_partner_supplier_42,บริษัท บิทไว้ส์ (ประเทศไทย) จำกัด,,30 Days,200000,TRUE,TRUE,FALSE,,Default,FALSE,25/12 หมู่ 20 ซอย ศรีทองสุข 2 เทพารักษ์ กม. 12,บางพลีใหญ่ บางพลี,10540,สมุทรปราการ,,0-2312-3995-8,,0-2312-3104,,,,,Dusit T.
res_partner_supplier_43,บริษัท เบิร์ค ก่อสร้าง จำกัด,,30 Days,1000000,TRUE,TRUE,FALSE,,Default,FALSE,19/12 อาคาร เคพีเอ็นทาวเวอร์ ชั้น 11 โซน D1 พระราม 9,บางกะปิ ห้วยขวาง,10320,กรุงเทพมหานคร,,0-2717-1300,,0-2717-1310,,,,,Chatchai T.
res_partner_supplier_44,บริษัท เบอร์ลี่ยุคเกอร์ จำกัด (มหาชน),,Cash,1000000,TRUE,TRUE,FALSE,,Default,FALSE,99 ซอย รูเบีย สุขุมวิท 42,พระโขนง คลองเตย,10110,กรุงเทพมหานคร,,"0-2367-1199, 0-2367-1177",,0-2381-4541,,,,,Weeranuwat S.
res_partner_supplier_45,บริษัท ไบโอเนท-เอเชีย จำกัด,,Cash,10000000,TRUE,TRUE,FALSE,,Default,FALSE,19/1 ซอย อุดมสุข 37 สุขุมวิท 103,บางจาก พระโขนง,10260,กรุงเทพมหานคร,,0-2361-8110,,0-2361-8105,,,,,Visak T.
res_partner_supplier_46,บริษัท บิ๊ค เคมิคอล จำกัด,,30 Days,10000000,TRUE,TRUE,FALSE,,Default,FALSE,333/12-13 หมู่ 9 บางบัวทอง-สุพรรณบุรี,ละหาร บางบัวทอง,11110,นนทบุรี,,"0-2964-4912-4, 0-2964-4973-6",,0-2964-4915,,,,,Chatchai T.
res_partner_supplier_47,บริษัท บิวเดอสมาร์ท จำกัด (มหาชน),,Cash,,TRUE,TRUE,FALSE,,Default,FALSE,905/7 ซอย พระราม 3 ที่ 51 พระราม 3,บางโพงพาง ยานนาวา,10120,กรุงเทพมหานคร,,0-2683-4900,,0-2683-4949,,,,,Weeranuwat S.
res_partner_supplier_48,บริษัท เบตเตอร์ เบสท์ อิมเมจ จำกัด,,30 Days,,TRUE,TRUE,FALSE,,Default,FALSE,452 ซอย 28 รัชดาภิเษก,สามเสนนอก ห้วยขวาง,10320,กรุงเทพมหานคร,,0-2938-2568-9,,0-2938-1405,,,,,
res_partner_supplier_49,บริษัท เบตเตอร์ เบสท์ อิมเมจ จำกัด (Shipping),,,,FALSE,TRUE,FALSE,บริษัท เบตเตอร์ เบสท์ อิมเมจ จำกัด,Shipping,FALSE,253 หมู่ 2 ,ขามทะเลสอ ขามทะเลสอ,30280,นครราชสีมา,,0-4433-3001-4,,0-4433-3338,,,,,
res_partner_supplier_50,บริษัท เบสท์ไดเรคชั่น ซิสเต็ม จำกัด,,30 Days,,TRUE,TRUE,FALSE,,Default,FALSE,52/1 หมู่ 13 ,สะพานสูง สะพานสูง,10250,กรุงเทพมหานคร,,"0-2736-1700-3, 0-2736-1705-8",,"0-2736-1704, 0-2736-1709",,,,,
res_partner_supplier_51,บริษัท บางกอกมีท โปรเซสซิ่ง จำกัด,,Cash,,TRUE,TRUE,FALSE,,Default,FALSE,3/2 ซอย สุขุมวิท 27 สุขุมวิท,คลองเตยเหนือ วัฒนา,10110,กรุงเทพมหานคร,,0-2661-7560-9,,0-2261-0888-9,,,,,
res_partner_supplier_52,บริษัท บางกอก เดค-คอน จำกัด,,Cash,,TRUE,TRUE,FALSE,,Default,FALSE,52/3 หมู่ 8 บางบัวทอง-สุพรรณบุรี,ละหาร บางบัวทอง,11110,นนทบุรี,,0-2925-5777,,0-2925-5778,,,,,
res_partner_supplier_53,บริษัท เบลตัน อินดัสเตรียล (ประเทศไทย) จำกัด,,30 Days,,TRUE,TRUE,FALSE,,Default,FALSE,101/110 หมู่ 20 พหลโยธิน,คลองหนึ่ง คลองหลวง,12120,ปทุมธานี,,0-2529-7400,,0-2529-5076,,,,,Chairat S.
res_partner_supplier_54,บริษัท บี.พี.เอส. รีฟริกเจอเรชั่น จำกัด,,Cash,,TRUE,TRUE,FALSE,,Default,FALSE,161/173 หมู่ 9 หมู่บ้านเก้าแสน เทพารักษ์,บางปลา บางพลี,10540,สมุทรปราการ,,0-2706-6484,,0-2706-4673,,,,,
res_partner_supplier_55,บริษัท ซี อี แอนด์ ที อินเตอร์เนชั่นแนล จำกัด,,30 Days,,TRUE,TRUE,FALSE,,Default,FALSE,209/1 พระราม 3,บางคอแหลม บางคอแหลม,10120,กรุงเทพมหานคร,,0-2289-4029-30,,0-2289-3979,,,,,Chatchai T.
res_partner_supplier_56,บริษัท คลีนแอร์ เทคโนโลยี จำกัด,,Cash,,TRUE,TRUE,FALSE,,Default,FALSE,68/127 หมู่ 7 รามคำแหง,มีนบุรี มีนบุรี,10510,กรุงเทพมหานคร,,0-2722-7307-8,,0-2722-9068,,,,,Chatchai T.
res_partner_supplier_57,บริษัท คอนเวอร์แซนต์ เทคโนโลยี จำกัด,,30 Days,200000,TRUE,TRUE,FALSE,,Default,FALSE,9/10 ซอย อ่อนนุช 27 ,สวนหลวง สวนหลวง,10250,กรุงเทพมหานคร,,0-2742-2872-3,,0-2742-2677,,,,,Weeranuwat S.
res_partner_supplier_58,บริษัท ซายน์เทค จำกัด,,PDC. 15 Days,,TRUE,TRUE,FALSE,,Default,FALSE,321/43 นางลิ้นจี่,ช่องนนทรี ยานนาวา,10120,กรุงเทพมหานคร,,0-2285-4101,,0-2854-4178,,,,,Dusit T.
res_partner_supplier_59,ห้างหุ้นส่วนจำกัด เชียงใหม่วีระวิศวการ,,PDC. 30 Days,500000,TRUE,TRUE,FALSE,,Default,FALSE,44-44/1-2 หมู่ 5 ,ฟ้าฮ่าม เมือง,50000,เชียงใหม่,,0-5385-3100,,0-5385-2344,,,,,Chatchai T.
res_partner_supplier_60,บริษัท ซีที โฟลว์ จำกัด,,Cash,100000,TRUE,TRUE,FALSE,,Default,FALSE,801/212 หมู่ 8 ,คูคต ลำลูกกา,12130,ปทุมธานี,,0-2531-6801-2,,0-2351-7951,,,,,Chatchai T.
res_partner_supplier_61,บริษัท ซีพีเอฟ ผลิตภัณฑ์อาหาร จำกัด,,30 Days,,TRUE,TRUE,FALSE,,Default,FALSE,111 ซอย บางนา-ตราด 20 ,บางนา บางนา,10260,กรุงเทพมหานคร,,0-2746-9731-8,,0-2746-9708,,,,,Weeranuwat S.
res_partner_supplier_62,บริษัท คลีนสแตท (ประเทศไทย) จำกัด,,30 Days,200000,TRUE,TRUE,FALSE,,Default,FALSE,207 หมู่ 1 ,บ้านเลน บางปะอิน,13160,พระนครศรีอยุธยา,,0-3595-0511,,0-3595-0509,,,,,Weeranuwat S.
res_partner_supplier_63,บริษัท คลีนแอร์อินโนเวชั่น จำกัด,,30 Days,5000000,TRUE,TRUE,FALSE,,Default,FALSE,551/80 ซอย สรรค์สุข สาธุประดิษฐ์,ช่องนนทรี ยานนาวา,10120,กรุงเทพมหานคร,,0-2682-0438,,0-2294-6068,,,,,Chairat S.
res_partner_supplier_64,บริษัท แคนนอน ฟาร์อีสต์ (ไทยแลนด์) จำกัด,,Cash,50000,TRUE,TRUE,FALSE,,Default,FALSE,48 ซอย รามคำแหง 14 รามคำแหง,หัวหมาก บางกะปิ,10240,กรุงเทพมหานคร,,0-2319-2591-7,,0-2319-2598,,,,,Visak T.
res_partner_supplier_65,บริษัท จิรสิน แมชชีนเนอรี่ เซอร์วิส จำกัด,,Cash,,TRUE,TRUE,FALSE,,Default,FALSE,3/253-255 หมู่ 9 สุวินทวงศ์,ลำผักชี หนองจอก,10530,กรุงเทพมหานคร,,0-2543-5151,,0-2543-5663,,,,,Weeranuwat S.
res_partner_supplier_66,บริษัท คลีน แอร์ โปรดักท์ จำกัด,,30 Days,,TRUE,TRUE,FALSE,,Default,FALSE,14/2 ซอย รามคำแหง 21 รามคำแหง,วังทองหลาง วังทองหลาง,10310,กรุงเทพมหานคร,,"0-2319-7035-6, 0-2319-3780, 0-2718-6140, 0-2718-6421",,0-2718-5859,,,,,Chatchai T.
res_partner_supplier_67,ห้างหุ้นส่วนจำกัด เชียงใหม่กฤษฎาการช่าง,,Cash,200000,TRUE,TRUE,FALSE,,Default,FALSE,22 หมู่ 10 ,ป่าไผ่ สันทราย,50210,เชียงใหม่,,0-5349-8896,,0-5349-8896,,,,,Chairat S.
res_partner_supplier_68,บริษัท คลูเทค เอ็นจิเนียริ่ง จำกัด,,7 Days,,TRUE,TRUE,FALSE,,Default,FALSE,108/26 หมู่ 4 พุทธมณฑลสาย 2,บางแคเหนือ บางแค,10160,กรุงเทพมหานคร,,0-2805-4008-9,,0-2805-4008,,,,,
res_partner_supplier_69,บริษัท ซีทีแลบอราตอรี่ จำกัด,,Cash,,TRUE,TRUE,FALSE,,Default,FALSE,99/99 ซอย ติวานนท์ 38 ติวานนท์,ท่าทราย เมือง,11000,นนทบุรี,,0-2950-7738-42,,0-2589-4098,,,,,Weeranuwat S.
res_partner_supplier_70,ห้างหุ้นส่วนจำกัด ซี.เค.เอส. เทคโนโลยี,,Cash,,TRUE,TRUE,FALSE,,Default,FALSE,525/58 หมู่ 2 ,ประชาธิปัตย์ ธัญบุรี,,ปทุมธานี,,0-2979-0739,,0-2979-0739,,,,,
res_partner_supplier_71,บริษัท เชียร์ ซิสเต็ม อินเตอร์เนชั่นแนล (ไทยแลนด์) จำกัด,,PDC. 30 Days,,TRUE,TRUE,FALSE,,Default,FALSE,103/1-2 หมู่ 12 ,บางปลา บางพลี,10540,สมุทรปราการ,,0-2174-6182-6,,0-2174-6187,,,,,Chatchai T.
res_partner_supplier_72,บริษัท ชัยภัฎ เทรดดิ้ง แอนด์ คอนสตรัคชั่น จำกัด,,7 Days,,TRUE,TRUE,FALSE,,Default,FALSE,69/114 จรัญสนิทวงศ์,บางขุนศรี บางกอกน้อย,10700,กรุงเทพมหานคร,,0-2865-8736-7,,0-2865-8738,,,,,Chatchai T.
res_partner_supplier_73,บริษัท เจริญไชย โฮม ซิสเต็ม จำกัด,,Cash,,TRUE,TRUE,FALSE,,Default,FALSE,84/9 หมู่ 3 ติวานนท์,บางพูด ปากเกร็ด,11120,นนทบุรี,,0-2582-2679,,0-2582-2680,,,,,Dusit T.
res_partner_supplier_74,บริษัท คอนเนลส์ เอ็นจิเนียริ่ง (ประเทศไทย) จำกัด,,30 Days,,TRUE,TRUE,FALSE,,Default,FALSE,48/53 หมู่ 7 บุญคุ้ม,คูคต ลำลูกกา,12130,ปทุมธานี,,0-2900-6900-4,,0-2900-6905,,,,,Chairat S.
res_partner_supplier_75,บริษัท แคเรียร์ ริฟริจเจอเรชั่น (ประเทศไทย) จำกัด,,30 Days,,TRUE,TRUE,FALSE,,Default,FALSE,46/63-74 ชั้น 14 อาคาร เนชั่นทาวเวอร์ บางนา-ตราด กม.4.5,บางนา บางนา,10260,กรุงเทพมหานคร,,0-2751-4777,,"0-2751-4778, 0-2751-4780",,,,,
res_partner_supplier_76,บริษัท ซีอาร์ที ดิสเพลย์ เทคโนโลยี จำกัด,,30 Days,,TRUE,TRUE,FALSE,,Default,FALSE,1 อาคาร เนชั่นทาวเวอร์ ปูนซิเมนต์ไทย,บางซื่อ บางซื่อ,10800,กรุงเทพมหานคร,,0-2586-5581,,0-2587-2135,,,,,
res_partner_supplier_77,บริษัท ซีอาร์ที ดิสเพลย์ เทคโนโลยี จำกัด (Shipping),,,,FALSE,TRUE,FALSE,บริษัท ซีอาร์ที ดิสเพลย์ เทคโนโลยี จำกัด,Shipping,FALSE,133 หมู่ 3 ,หนองละลอก บ้านค่าย,21120,ระยอง,,0-3889-2245-7,,"0-3889-2244, 0-3889-2366",,,,,
res_partner_supplier_78,บริษัท คลูแมน คอร์ปอเรชั่น จำกัด,,Cash,,TRUE,TRUE,FALSE,,Default,FALSE,99 หมู่ 3 ซอย โรงหมี่ บางบัวทองไทรน้อย,บางบัวทอง บางบัวทอง,,นนทบุรี,,0-2922-6250,,0-2922-6240,,,,,
res_partner_supplier_79,บริษัท ซี.เอ็น.คูลส์ แอนด์ คอนโทรลเลอร์ จำกัด,,Cash,,TRUE,TRUE,FALSE,,Default,FALSE,112/1503 หมู่ 11 บางนา-ตราด,บางนา บางนา,10260,กรุงเทพมหานคร,,0-2746-8822,,0-2393-5399,,,,,Chatchai T.
res_partner_supplier_80,บริษัท โชคประพันธ์ก่อสร้าง จำกัด,,Cash,,TRUE,TRUE,FALSE,,Default,FALSE,47/2 วิภาวดีรังสิต,ลาดยาว จตุจักร,10900,กรุงเทพมหานคร,,0-2941-0970-3,,0-2941-3134,,,,,
res_partner_supplier_81,ห้างหุ้นส่วนจำกัด ชลบุรีเฮงกลการ,,Cash,,TRUE,TRUE,FALSE,,Default,FALSE,18/24 หมู่ 6 ซอย พงษ์ทิพย์ เศรษกิจ,บ้านสวน เมือง,20000,ชลบุรี,,"0-3879-9887, 0-3879-8171",,0-3879-8171,,,,,
res_partner_supplier_82,บริษัท ไซเบอร์ แม็คคานิค จำกัด,,60 Days,,TRUE,TRUE,FALSE,,Default,FALSE,32/185 หมู่ 8 ซอย นวลจันทร์ 12 นวลจันทร์,คลองกุ่ม บึงกุ่ม,10230,กรุงเทพมหานคร,,"0-2946-0323-4, 0-2946-0350",,0-2946-0606,,,,,
res_partner_supplier_83,บริษัท ซี.พี.กรุ๊ป (1994) จำกัด,,PDC. 60 Days,,TRUE,TRUE,FALSE,,Default,FALSE,5 หมู่ 10 ,บางปลา บางพลี,10540,สมุทรปราการ,,0-2750-7187-89,,0-2750-7190,,,,,Visak T.
res_partner_supplier_84,บริษัท คอมพลีท ไลน์ จำกัด,,30 Days,,TRUE,TRUE,FALSE,,Default,FALSE,220 ซอย อ่อนนุช 35 สุขุมวิท 77,สวนหลวง สวนหลวง,10250,กรุงเทพมหานคร,,0-2320-1427-8,,0-2721-5290,,,,,Surasak S.
res_partner_supplier_85,บริษัท โคลด์ ไบรท์ จำกัด,,Cash,,TRUE,TRUE,FALSE,,Default,FALSE,47 หลานหลวง,วัดโสมนัส ป้อมปราบศรัตรูพ่าย,10100,กรุงเทพมหานคร,,0-2628-0901,,0-2628-1568,,,,,
res_partner_supplier_86,บริษัท คูลเทค จำกัด,,PDC. 30 Days,100000,TRUE,TRUE,FALSE,,Default,FALSE,38/34 หมู่ 4 ,ลำลูกกา ลำลูกกา,12150,ปทุมธานี,,"0-2569-1849, 0-2987-0103",,0-2987-0075,,,,,Weeranuwat S.
res_partner_supplier_87,บริษัท ซี.ไอ. กรุ๊ป จำกัด (มหาชน),,60 Days,1000000,TRUE,TRUE,FALSE,,Default,FALSE,1/1 หมู่ 7 บางคูวัด,บางคูวัด เมือง,12000,ปทุมธานี,,"0-2976-5290-9, 0-2598-2331-2",,0-2976-5023,,,,,Dusit T.
res_partner_supplier_88,บริษัท ซีเอ็มวีซี เอ็นจิเนียริ่ง จำกัด,,30 Days,,TRUE,TRUE,FALSE,,Default,FALSE,1/369 หมู่ 11 ซอย หมู่บ้านเพชรมณฑลกรีน บางบอน 5,หนองแขม หนองแขม,10160,กรุงเทพมหานคร,,0-2811-3931,,0-2814-9616,,,,,Chatchai T.
res_partner_supplier_89,บริษัท แคพซูลเจล (ประเทศไทย) จำกัด,,30 Days,,TRUE,TRUE,FALSE,,Default,FALSE,1/82 หมู่ 5 ซอย สวนอุตสาหกรรมโรจนะ โรจนะ,คานหาม อุทัย,13210,พระนครศรีอยุธยา,,0-3533-4000,,0-3533-4072,,,,,Chairat S.
res_partner_supplier_90,บริษัท ครีเอทีฟเวย์ เอ็นจิเนียริ่ง จำกัด,,Cash,,TRUE,TRUE,FALSE,,Default,FALSE,129/48 หมู่ 2 ,สุรศักดิ์ ศรีราชา,20110,ชลบุรี,,0-3810-4064,,0-3810-4065,,,,,Chairat S.
res_partner_supplier_91,บริษัท ชัยรัตน์ อลูมิเนียม จำกัด,,Cash,,TRUE,TRUE,FALSE,,Default,FALSE,130/1 สุขุมวิท,ศรีราชา ศรีราชา,20110,ชลบุรี,,0-3831-3231,08-1340-2462,0-3831-3231,,,,,Chairat S.
res_partner_supplier_92,บริษัท แคร์เรียร์ ลินเด้ รีฟริเจอเรชั่น (ประเทศไทย) จำกัด,,60 Days,,TRUE,TRUE,FALSE,,Default,FALSE,72 รามอินทรา,มีนบุรี มีนบุรี,10510,กรุงเทพมหานคร,,"0-2517-2000, 0-2517-2021, 0-217-2404, 0-2517-2407",,"0-2517-2625, 0-2517-2652",,,,,Chatchai T.
res_partner_supplier_93,บริษัท ดีไซน์ ออลเทอร์เนทีฟ จำกัด,,30 Days,1000000,TRUE,TRUE,FALSE,,Default,FALSE,480 หมู่ 3 ซอย ประชาอุทิศ 90 ประชาอุทิศ,บ้านคลองสวน พระสมุทรเจดีย์,10290,สมุทรปราการ,,0-2848-4889,,0-2848-4881-2,,,,,Dusit T.
res_partner_supplier_94,บริษัท ไดนามิกส์ ซิสเต็ม แอนด์ โซลูชั่น (เอเชีย) จำกัด,,Cash,,TRUE,TRUE,FALSE,,Default,FALSE,53/8 หมู่ 12 รามอินทรา,คลองกุ่ม บึงกุ่ม,10230,กรุงเทพมหานคร,,0-2187-1184,,0-2187-1185,,,,,Weeranuwat S.
res_partner_supplier_95,บริษัท ดีเน็ต โซลูชั่น จำกัด,,7 Days,300000,TRUE,TRUE,FALSE,,Default,FALSE,177/1 อาคาร บางกอกสหประกันภัย ชั้น 14 ยูนิต 4 สุรวงศ์,สุริยวงศ์ บางรัก,10500,กรุงเทพมหานคร,,0-2634-7667-8,,0-2634-7669,,,,,Weeranuwat S.
res_partner_supplier_96,บริษัท ดีแซด การ์ด (ไทยแลนด์) จำกัด,,7 Days,,TRUE,TRUE,FALSE,,Default,FALSE,139 หมู่ 17 นิคมอุตสาหกรรมบางพลี บางนา-ตราด,บางเสาธง บางเสาธง,10540,สมุทรปราการ,,0-2705-1939,,0-2705-1938,,,,,Weeranuwat S.
res_partner_supplier_97,บริษัท ดีคูล (ประเทศไทย) จำกัด,,Cash,,TRUE,TRUE,FALSE,,Default,FALSE,168/8 หมู่ 1 ประชาอุทิศ,ทุ่งครุ ทุ่งครุ,10140,กรุงเทพมหานคร,,0-2873-1585,,0-2427-6047,,,,,Weeranuwat S.
res_partner_supplier_98,บริษัท ไดกิ้นแอร์คอนดิชั่นนิ่ง (ประเทศไทย) จำกัด,,60 Days,,TRUE,TRUE,FALSE,,Default,FALSE,700/444 หมู่ 7 บางนา-ตราด กม. 57,ดอนหัวฬ่อ เมือง,20000,ชลบุรี,,0-3871-7066-70,,0-3845-4184,,,,,Surasak S.
res_partner_supplier_99,บริษัท ดี เอ ดี ซัพพลาย จำกัด,,60 Days,,TRUE,TRUE,FALSE,,Default,FALSE,410 ซอย พระยาสุเรนทร์ 30 รามอินทรา 109,บางชัน คลองสามวา,10510,กรุงเทพมหานคร,,0-2540-6871,,0-2918-6954,,,,,Dusit T.
res_partner_supplier_100,บริษัท ผักด๊อกเตอร์ จำกัด,,30 Days,,TRUE,TRUE,FALSE,,Default,FALSE,3 หมู่ 6 ,บึงกาสาม หนองเสือ,12170,ปทุมธานี,,0-2150-6098,,0-2150-6099,,,,,Surasak S.
res_partner_supplier_101,บริษัท ดี-คุลเลอร์ (ประเทศไทย) จำกัด,,Cash,,TRUE,TRUE,FALSE,,Default,FALSE,69/73 หมู่ 8 ซอย รามอินทรา 30 รามอินทรา,ท่าแร้ง บางเขน,10290,กรุงเทพมหานคร,,0-2509-3449-50,,0-2509-3396,,,,,Dusit T.
res_partner_supplier_102,บริษัท เอกธนัช จำกัด,,30 Days,,TRUE,TRUE,FALSE,,Default,FALSE,42/51 ซอย นิมิตรใหม่ 6/1 ,มีนบุรี มีนบุรี,10510,กรุงเทพมหานคร,,0-2942-1697,,0-2942-1697,,,,,Chairat S.
res_partner_supplier_103,บริษัท อี๋เผิง จำกัด,,Cash,,TRUE,TRUE,FALSE,,Default,FALSE,369/11 หมู่ 3 สุขุมวิท,บางปูใหม่ เมือง,10280,สมุทรปราการ,,0-2709-7130-2,,0-2709-7133,,,,,
res_partner_supplier_104,บริษัท เอ็นจ์อีคอน จำกัด,,45 Days,,TRUE,TRUE,FALSE,,Default,FALSE,125/7 หมู่ 5 แจ้งวัฒนะ,ปากเก็ด ปากเกร็ด,11120,นนทบุรี,,"0-2962-1174, 0-2962-2581-4",,0-2962-1175,,,,,Weeranuwat S.
res_partner_supplier_105,บริษัท อี เอส ดี เทคโนโลยี จำกัด,,30 Days,,TRUE,TRUE,FALSE,,Default,FALSE,30/146 หมู่ 17 บางนา-ตราด,บางพลีใหญ่ บางพลี,10540,สมุทรปราการ,,"0-2750-000, 0-2316-3417",,0-2316-3417,,,,,
res_partner_supplier_106,บริษัท เอ็นโปร โปรดักส์ (ไทยแลนด์) จำกัด,,Cash,,TRUE,TRUE,FALSE,,Default,FALSE,101/47/18 หมู่ 20 นิคมอุตสาหกรรมนวนคร พหลโยธิน กม. 46,คลองหนึ่ง คลองหลวง,12120,ปทุมธานี,,"0-2529-1069-71, 0-2529-1380-82",,"0-2529-1067, 0-2529-2177",,,,,Surasak S.
res_partner_supplier_107,บริษัท เอ็นโค่ เอ็ม แอนด์ อี จำกัด,,Cash,,TRUE,TRUE,FALSE,,Default,FALSE,28/3 หมู่ 5 ,ลำลูกกา ลำลูกกา,12150,ปทุมธานี,,0-2720-4360,,0-2720-4360,,,,,Chairat S.
res_partner_supplier_108,บริษัท อีโค่ ลิฟวิ่ง จำกัด,,60 Days,1000000,TRUE,TRUE,FALSE,,Default,FALSE,26 หมู่บ้านรุ่งกิจวิลล่า 4 ซอย ร่มเกล้า 54 ,คลองสามประเวศ ลาดกระบัง,10520,กรุงเทพมหานคร,,0-2737-5525,,0-2737-5526,,,,,Visak T.
res_partner_supplier_109,บริษัท เอลีท เทคโนโลยี จำกัด,,PDC. 30 Days,,TRUE,TRUE,FALSE,,Default,FALSE,945/54 หมู่ 12 ซอย อุดมสุข 27 สุขุมวิท 103,บางนา บางนา,10260,กรุงเทพมหานคร,,0-2743-2334-8,,0-2399-3223,,,,,
res_partner_supplier_110,บริษัท เอ็นจิเน็ท จำกัด,,Cash,,TRUE,TRUE,FALSE,,Default,FALSE,10/773 หมู่ 6 นวมินทร์,คลองกุ่ม บึงกุ่ม,10240,กรุงเทพมหานคร,,,,,,,,,
res_partner_supplier_111,บริษัท ฟลูโทรล (ประเทศไทย) จำกัด,,Cash,,TRUE,TRUE,FALSE,,Default,FALSE,49/44/45 หมู่ 5 กาญจนาภิเษก,บางแค บางแค,10160,กรุงเทพมหานคร,,0-2454-3553,,"0-2801-1680, 0-2801-2621-2",,,,,
res_partner_supplier_112,บริษัท เฟรชมีท ฟู้ด โปรดักส์ จำกัด,,30 Days,,TRUE,TRUE,FALSE,,Default,FALSE,12/2 หมู่ 2 ,ขุนแก้ว นครชัยศรี,73120,นครปฐม,,0-3423-2462-4,,0-3423-4457,,,,,Surasak S.
res_partner_supplier_113,ห้างหุ้นส่วนจำกัด แฟค 99 เอ็นจิเนียริ่ง,,Cash,200000,TRUE,TRUE,FALSE,,Default,FALSE,101/16 หมู่ 15 ,คลองหนึ่ง คลองหลวง,12120,ปทุมธานี,,0-2908-010,,0-2908-0728,,,,,Chatchai T.
res_partner_supplier_114,บริษัท ฟูจิกซ์ (ไทยแลนด์) จำกัด,,30 Days,,TRUE,TRUE,FALSE,,Default,FALSE,296/2 หมู่ 1 ,บางบ่อ บางบ่อ,10560,สมุทรปราการ,,"0-2708-1812-3, 0-2708-3484",,0-2708-5290,,,,,Chairat S.
res_partner_supplier_115,บริษัท เฟิร์มกรุ๊ป จำกัด,,30 Days,,TRUE,TRUE,FALSE,,Default,FALSE,"213, 215 หมู่ 9 หลวงแพ่ง",ทับยาว ลาดกระบัง,10520,กรุงเทพมหานคร,,"0-2360-7601-4, 0-2738-1530-7",,0-2360-7612,,,,,
res_partner_supplier_116,บริษัท แกรนด์ครอส เซอร์วิส แอนด์ ซัพพลาย จำกัด,,Cash,,TRUE,TRUE,FALSE,,Default,FALSE,148 หมู่ 9 พุทธมณฑลสาย 4,กระทุ่มล้ม สามพราน,73220,นครปฐม,,0-2889-9192,,0-2889-9940,,,,,
res_partner_supplier_117,บริษัท เกรท อะโกร จำกัด,,15 Days,,TRUE,TRUE,FALSE,,Default,FALSE,98/17 ซอย แฟคตอรี่แลนด์ 2 พุทธมณฑลสาย 5,ไร่ขิง สามพราน,73210,นครปฐม,,0-2811-8051-4,,0-2811-9847,,,,,
res_partner_supplier_118,บริษัท จี.อี. เอ็นจิเนียริ่ง จำกัด,,Cash,,TRUE,TRUE,FALSE,,Default,FALSE,5 หมู่ 8 ซอย บางคูลัด ตลิ่งชัน-สุพรรณบุรี,บางม่วง บางใหญ่,11140,นนทบุรี,,0-2921-4390-3,,0-2921-4394,,,,,
res_partner_supplier_119,บริษัท เยเนอรัล ฮอสปิตัล โปรดัคส์ จำกัด (มหาชน),,60 Days,,TRUE,TRUE,FALSE,,Default,FALSE,8 อาคาร โกลด์มาร์เก็ต ชั้น 5 เทศบาลสงเคราะห์,ลาดยาว จตุจักร,10900,กรุงเทพมหานคร,,0-2158-0100,,0-2158-0110-1,,,,,Chatchai T.
res_partner_supplier_120,บริษัท เยเนอรัล ฮอสปิตัล โปรดัคส์ จำกัด (มหาชน) (Shipping),,,,FALSE,TRUE,FALSE,บริษัท เยเนอรัล ฮอสปิตัล โปรดัคส์ จำกัด (มหาชน),Shipping,FALSE,101/99 ซอย นวนครโครงการ 1 ซ. 7 ,คลองหนึ่ง คลองหลวง,12120,ปทุมธานี,,0-2529-2560-5,,0-2529-2566,,,,,Chatchai T.
res_partner_supplier_121,ห้างหุ้นส่วนจำกัด จี.บี.พี. คูลลิ่ง แอนด์ เซอร์วิส 2005,,Cash,,TRUE,TRUE,FALSE,,Default,FALSE,419/405 หมู่ 10 ,ในคลองบางปลากด พระสมุทรเจดีย์,10290,สมุทรปราการ,,0-2817-8735,,0-2464-1630,,,,,Chairat S.
res_partner_supplier_122,บริษัท จีซีเอส กรุ๊ป คอร์ปอเรชั่น จำกัด,,60 Days,,TRUE,TRUE,FALSE,,Default,FALSE,88/8 หมู่ 1 ,คลองด่าน บางบ่อ,10550,สมุทรปราการ,,"0-2317-9134-5, 0-2317-9208",,0-2317-9209,,,,,Chatchai T.
res_partner_supplier_123,บริษัท จีอี เฮลธแคร์ ไบโอไซส์ (ประเทศไทย) จำกัด,,30 Days,,TRUE,TRUE,FALSE,,Default,FALSE,1550 อาคาร ธนภูมิ ชั้น 12 ห้อง จี เพชรบุรีตัดใหม่,มักกะสัน ราชเทวี,10400,กรุงเทพมหานคร,,0-2624-8484,,0-2624-8490,,,,,Dusit T.
res_partner_supplier_124,บริษัท โกลบอลเทค จำกัด,,60 Days,,TRUE,TRUE,FALSE,,Default,FALSE,35/51 ซอย ลาดพร้าว 124 ลาดพร้าว,วังทองหลาง วังทองหลาง,10310,กรุงเทพมหานคร,,"0-2934-0433-5, 0-2538-6217, 0-2539-7018",,0-2539-0695,,,,,Chairat S.
res_partner_supplier_125,บริษัท กรีนส์ดี จำกัด,,Cash,200000,TRUE,TRUE,FALSE,,Default,FALSE,55/157 หมู่บ้านพฤกษาวิลเลจ คลอง 7 รังสิต-นครนายก,ลำผักกูด ธัญบุรี,12110,ปทุมธานี,,0-2577-0907,,0-2577-3015,,,,,Weeranuwat S.
res_partner_supplier_126,บริษัท องค์การเภสัชกรรม-เมอร์ริเออร์ชีววัตถุ จำกัด,,30 Days,,TRUE,TRUE,FALSE,,Default,FALSE,241 หมู่ 7 ,หัวสำโรง แปลงยาว,24190,ฉะเชิงเทรา,,0-3857-9200,,0-3857-5428,,,,,Weeranuwat S.
res_partner_supplier_127,บริษัท เกรท คูล เอ็นจิเนียริ่ง จำกัด,,Cash,,TRUE,TRUE,FALSE,,Default,FALSE,41/13 หมู่ 10 ,บางด้วน ภาษีเจริญ,10160,กรุงเทพมหานคร,,0-2454-1708,,0-2454-1708,,,,,Dusit T.
res_partner_supplier_128,บริษัท โกลด์แมน เทรด จำกัด,,Cash,,TRUE,TRUE,FALSE,,Default,FALSE,22 จรัญสนิทวงศ์,อรุณอมรินทร์ บางกอกน้อย,10700,กรุงเทพมหานคร,,,,,,,,,Chairat S.
res_partner_supplier_129,บริษัท โกลด์แมน เทรด จำกัด (Invoice),,,,FALSE,TRUE,FALSE,บริษัท โกลด์แมน เทรด จำกัด,Invoice,FALSE,689/26 จรัญสนิทวงศ์,อรุณอมรินทร์ บางกอกน้อย,10700,กรุงเทพมหานคร,,0-2882-4063,,,,,,,Chairat S.
res_partner_supplier_130,บริษัท ไฮคีย์ แอร์คอนด์ เทคโนโลยี จำกัด,,30 Days,500000,TRUE,TRUE,FALSE,,Default,FALSE,39/66 หมู่ 1 ,รังสิต ธัญบุรี,12110,ปทุมธานี,,0-2577-5642,08-7682-3500,0-2577-5642,,,,,Chatchai T.
res_partner_supplier_131,บริษัท ฮิตาชิ จำกัด,,30 Days,1000000,TRUE,TRUE,FALSE,,Default,FALSE,952 อาคาร รามาแลนด์ ชั้น 19 พระราม 4,สุริยวงศ์ บางรัก,10500,กรุงเทพมหานคร,,0-2879-5770,,0-2879-5771,,,,,Surasak S.
res_partner_supplier_132,บริษัท แฮส 155 จำกัด,,30 Days,10000000,TRUE,TRUE,FALSE,,Default,FALSE,99/134 ปทุมสามโคก,บางปรอก เมือง,12000,ปทุมธานี,,0-2581-7099,,0-2581-1134,,,,,Chairat S.
res_partner_supplier_133,บริษัท เฮลท์แคร์เทคโนโลยี จำกัด,,Cash,,TRUE,TRUE,FALSE,,Default,FALSE,13 ซอย 13 เสรี 4 ราม 9 ตัดใหม่,สวนหลวง สวนหลวง,10250,กรุงเทพมหานคร,,0-2261-6539,,0-2258-3862,,,,,Weeranuwat S.
res_partner_supplier_134,บริษัท ห้องเย็นท่าข้าม จำกัด,,Cash,,TRUE,TRUE,FALSE,,Default,FALSE,100/3 หมู่ 7 พระราม 2,แสมดำ บางขุนเทียน,10150,กรุงเทพมหานคร,,0-2908-8200,,0-2908-1832,,,,,Dusit T.
res_partner_supplier_135,บริษัท อินไซท์ เอ็นจิเนียริ่ง จำกัด,,45 Days,,TRUE,TRUE,FALSE,,Default,FALSE,77/16 หมู่ 10 ,บางม่วง บางใหญ่,11140,นนทบุรี,,"0-2443-6667-9, 0-2921-4137-9",,0-2921-4145,,,,,Chairat S.
res_partner_supplier_136,บริษัท ไอเอคิวเอ็นจิเนียริ่ง จำกัด,,30 Days,,TRUE,TRUE,FALSE,,Default,FALSE,700/63 อาคาร รีเจ้นท์ศรีนครินทร์ ทาวเวอร์ ศรีนครินทร์,สวนหลวง สวนหลวง,10250,กรุงเทพมหานคร,,0-2722-7307,,0-2722-9068,,,,,Chatchai T.
res_partner_supplier_137,บริษัท อินเตอร์ เอเชีย ซิสเต็มส์ เอ็นจิเนียริ่ง จำกัด,,30 Days,1000000,TRUE,TRUE,FALSE,,Default,FALSE,19/146 หมู่ 7 บางนา-ตราด กม. 17.5,บางโฉลง บางพลี,10540,สมุทรปราการ,,0-2312-7836-7,,0-2312-7929,,,,,Chatchai T.
res_partner_supplier_138,บริษัท ไอโซ พาแนล จำกัด,,Cash,,TRUE,TRUE,FALSE,,Default,FALSE,82 หมู่ 6 เศรษกิจ 1,นาดี เมือง,74000,สมุทรสาคร,,0-3446-8542-3,,0-3446-8541,,,,,Chairat S.
res_partner_supplier_139,บริษัท ไอ คอน ดักส์ จำกัด,,30 Days,200000,TRUE,TRUE,FALSE,,Default,FALSE,23/28 หมู่ 7 ,ลาดสวาย ลำลูกกา,12150,ปทุมธานี,,0-2994-4809,,0-2994-4809,,,,,Chatchai T.
res_partner_supplier_140,บริษัท ไอซีเอ็มเอส เอเชีย (ประเทศไทย) จำกัด,,30 Days,500000,TRUE,TRUE,FALSE,,Default,FALSE,39/13-16 ชั้น 4 ห้อง 4 เอ-ซี ซอย สวนพลู สาทร,ทุ่งมหาเมฆ สาทร,10120,กรุงเทพมหานคร,,0-2675-4101,,0-2675-4108,,,,,Dusit T.
res_partner_supplier_141,บริษัท อิตาเลี่ยนไทย เซรามิค เอ็นจิเนียริ่ง จำกัด,,Cash,,TRUE,TRUE,FALSE,,Default,FALSE,17/12 หมู่ 1 เสรีไทย,คลองกุ่ม บึงกุ่ม,10240,กรุงเทพมหานคร,,0-2138-0437,,0-2138-0435,,,,,Weeranuwat S.
res_partner_supplier_142,บริษัท อินโนเวท คูล จำกัด,,PDC. 30 Days,,TRUE,TRUE,FALSE,,Default,FALSE,204 ซอ่ย หมู่บ้านเลคการ์เด้น ซอย 2 ขุมทอง-ลำต้อยติ่ง,ขุมทอง ลาดกระบัง,10520,กรุงเทพมหานคร,,0-2704-1218,,0-2704-1218,,,,,Chairat S.
res_partner_supplier_143,บริษัท อินวินซิเบิ้ล จำกัด,,Cash,,TRUE,TRUE,FALSE,,Default,FALSE,347/10 หมู่ 6 พหลโยธิน,สายไหม สายไหม,10220,กรุงเทพมหานคร,,0-2533-8501-3,,0-2531-9855,,,,,Chairat S.
res_partner_supplier_144,บริษัท อินเพ็ท จำกัด,,Cash,,TRUE,TRUE,FALSE,,Default,FALSE,700/635 หมู่ 3 ,บ้านเก่า พานทอง,20160,ชลบุรี,,0-3844-7006-8,,0-3844-7009,,,,,Chatchai T.
res_partner_supplier_145,บริษัท อินซูล คูลลิ่ง เซ็นเตอร์ จำกัด,,30 Days,,TRUE,TRUE,FALSE,,Default,FALSE,130/6 หมู่ 3 ,รังสิต ธัญบุรี,12150,ปทุมธานี,,0-2904-4395-6,"08-1701-2110, 08-9815-9494, 08-1859-5840",0-2904-4397,,,,,Chatchai T.
res_partner_supplier_146,บริษัท เจ.อี.พี. เอ็นเตอร์ไพรส์ จำกัด,,Cash,,TRUE,TRUE,FALSE,,Default,FALSE,235/8 ซอย สุขุมวิท 21 (อโศก) สุขุมวิท,คลองเตยเหนือ วัฒนา,10110,กรุงเทพมหานคร,,"0-2580-4479, 0-2261-6531",,"0-2258-3862, 0-2261-6530",,,,,Weeranuwat S.
res_partner_supplier_147,บริษัท เจดับบิว พาร์ท แอนด์ อีควิปเม้นท์ จำกัด,,PDC. 30 Days,,TRUE,TRUE,FALSE,,Default,FALSE,733/405 หมู่ 8 ,คูคต ลำลูกกา,12130,ปทุมธานี,,0-2998-9389,,0-2998-9388,,,,,Weeranuwat S.
res_partner_supplier_148,ห้างหุ้นส่วนจำกัด ห้างขายยา กรุงเทพฯ ฟามาซี,,Cash,1000000,TRUE,TRUE,FALSE,,Default,FALSE,783 เจริญนคร,บางปะกอก ราษฎ์บูรณะ,10140,กรุงเทพมหานคร,,"0-2468-1412, 0-2468-1194",,0-2476-1366,,,,,Visak T.
res_partner_supplier_149,บริษัท เค.ท็อท (1993) จำกัด,,30 Days,,TRUE,TRUE,FALSE,,Default,FALSE,458/2 หมู่ 2 ,ช้างเผือก เมือง,50300,เชียงใหม่,,0-5321-3925,,0-5321-3925,,,,,
res_partner_supplier_150,บริษัท คิง เพาเวอร์ สุวรรณภูมิ จำกัด,,Cash,,TRUE,TRUE,FALSE,,Default,FALSE,999 หมู่ 1 สนามบินสุวรรณภูมิ อาคารคอนคอร์ส เอ ชั้น 2 ,หนองปรือ บางพลี,10540,สมุทรปราการ,,,,,,,,,Chairat S.
res_partner_supplier_151,บริษัท คีพ คูล พาแนล จำกัด,,30 Days,,TRUE,TRUE,FALSE,,Default,FALSE,72 ซอย ลาดพร้าว 126 ลาดพร้าว,ลาดพร้าว วังทองหลาง,10310,กรุงเทพมหานคร,,0-2934-1188,,0-2934-1188,,,,,Surasak S.
res_partner_supplier_152,บริษัท เคทูวิน จำกัด,,30 Days,100000,TRUE,TRUE,FALSE,,Default,FALSE,102/3 หมู่ 3 ปทุมธานี-สามโคก,กระแชง สามโคก,12160,ปทุมธานี,,0-2581-7220-1,,0-2581-7221,,,,,Surasak S.
res_partner_supplier_153,บริษัท คันเนจึ (ประเทศไทย) จำกัด,,30 Days,1000000,TRUE,TRUE,FALSE,,Default,FALSE,84/5 หมู่ 9 บางนา-ตราด กม.39,บางวัว บางปะกง,24180,ฉะเชิงเทรา,,0-3898-9155-159,,0-3898-9160,,,,,Chairat S.
res_partner_supplier_154,ห้างหุ้นส่วนจำกัด เค.ดับบลิว.เทรดดิ้ง แอนด์ ซัพพลาย,,30 Days,,TRUE,TRUE,FALSE,,Default,FALSE,27 ซอย บุญวงศ์ ,หาดใหญ่ หาดใหญ่,90110,สงขลา,,0-7425-3653,,0-7425-2325,,,,,Chatchai T.
res_partner_supplier_155,ห้างหุ้นส่วนจำกัด เค อาร์ อาร์ ดีไซด์ กรุ๊ป,,30 Days,,TRUE,TRUE,FALSE,,Default,FALSE,25/16 หมู่ 8 ,บางตลาด ปากเกร็ด,11120,นนทบุรี,,0-2984-4298-9,,0-2984-4404,,,,,Weeranuwat S.
res_partner_supplier_156,บริษัท คัมภีร์วิศวกรรม จำกัด,,Cash,,TRUE,TRUE,FALSE,,Default,FALSE,96/98 ซอย นพเก้า ประชาชื่น,บางซื่อ บางซื่อ,108000,กรุงเทพมหานคร,,0-2926-5650,,0-2195-2807,,,,,Weeranuwat S.
res_partner_supplier_157,บริษัท กาญจน์ญาณ์ จำกัด,,Cash,,TRUE,TRUE,FALSE,,Default,FALSE,77/38 หมู่ 6 ,บึงคำพร้อย ลำลูกกา,12150,ปทุมธานี,,,08-7917-5175,0-2532-7386,,,,,Chatchai T.
res_partner_supplier_158,บริษัท โกเบ เอ็นจิเนียริ่ง จำกัด,,30 Days,,TRUE,TRUE,FALSE,,Default,FALSE,67/9 หมู่ 5 ,บางหญ้าแพรก พระประแดง,10130,สมุทรปราการ,,0-2754-5503,,,,,,,Chatchai T.
res_partner_supplier_159,บริษัท คาวาซูมิ ลาบอราทอรี่ (ประเทศไทย) จำกัด,,Cash,,TRUE,TRUE,FALSE,,Default,FALSE,55/26 หมู่ 13 พหลโยธิน กม. 46,คลองหนึ่ง คลองหลวง,12120,ปทุมธานี,,0-2966-0911,,0-2966-0916-7,,,,,
res_partner_supplier_160,บริษัท ไลฟบอคซ์ โมดูล่า จำกัด,,Cash,200000,TRUE,TRUE,FALSE,,Default,FALSE,455/64 หมู่ 1 รัตนราช,บางบ่อ บางบ่อ,10560,สมุทรปราการ,,,,,,,,,Visak T.
res_partner_supplier_161,ห้างหุ้นส่วนจำกัด ลำพูน เจเนอร์รัล เอ็นจิเนียริ่ง,,30 Days,2000000,TRUE,TRUE,FALSE,,Default,FALSE,192/36 หมู่ 15 ,ป่าสัก เมือง,51000,ลำพูน,,0-5358-4991-2,,"0-5358-4993, 0-5358-4458",,,,,Chatchai T.
res_partner_supplier_162,บริษัท แม็คคาตริค จำกัด,,30 Days,,TRUE,TRUE,FALSE,,Default,FALSE,1564/19 ประชาราษฎร์ 1,บางซื่อ บางซื่อ,10800,กรุงเทพมหานคร,,"0-2913-2237-8, 0-2587-8462-3",,0-2913-2239,,,,,Chairat S.
res_partner_supplier_163,บริษัท เอ็ม แอนด์ ดับเบิลยู แซนเดอร์ (ไทย) จำกัด,,30 Days,,TRUE,TRUE,FALSE,,Default,FALSE,252/91 อาคาร เมืองไทยภัทร ทาวเวอร์ ชั้น 16 รัชดาภิเษก,ห้วยขวาง ห้วยขวาง,10320,กรุงเทพมหานคร,,0-2693-3222-4,,0-2693-3225,,,,,Chairat S.
res_partner_supplier_164,บริษัท เอ็ม.ที. อินโนเวชั่น จำกัด,,Cash,1000000,TRUE,TRUE,FALSE,,Default,FALSE,293/310 ซอย รามอินทรา 119 รามอินทรา,มีนบุรี มีนบุรี,10510,กรุงเทพมหานคร,,0-2934-4026,,0-2934-4027,,,,,Dusit T.
res_partner_supplier_165,บริษัท โมดูลาร์เอ็นจิเนียร์โปรดักส์ซัพพลาย จำกัด,,30 Days,500000,TRUE,TRUE,FALSE,,Default,FALSE,39/13-16 ชั้น 4 ห้อง D ซอย สวนพลู สาทร,ทุ่งมหาเมฆ สาทร,10270,กรุงเทพมหานคร,,0-2755-0779,,0-2755-0780,,,,,Dusit T.
res_partner_supplier_166,ห้างหุ้นส่วนจำกัด เอ็ม.เอส.โคลด์รูม แอนด์ คลีนรูม,,Cash,,TRUE,TRUE,FALSE,,Default,FALSE,530/5 หมู่ 11 นวมินทร์,คันนายาว คันนายาว,10230,กรุงเทพมหานคร,,,08-7612-1751,0-2944-0324,,,,,Chairat S.
res_partner_supplier_167,บริษัท พี เอ็ม เอส โปรดักส์ จำกัด,,30 Days,,TRUE,TRUE,FALSE,,Default,FALSE,551/32-34 ซอย สรรค์สุข สาธุประดิษฐ์,ช่องนนทรี ยานนาวา,10120,กรุงเทพมหานคร,,0-2284-2159-62,,0-2294-6068,,,,,Chairat S.
res_partner_supplier_168,ห้างหุ้นส่วนจำกัด เอ็ม เอ็ม ซี,,7 Days,,TRUE,TRUE,FALSE,,Default,FALSE,38/18 หมู่ 9 สุขประยูร,นาป่า เมือง,20000,ชลบุรี,,,,,,,,,Chatchai T.
res_partner_supplier_169,ห้างหุ้นส่วนจำกัด เอ็ม เอ็ม ซี (Invoice),,,,FALSE,TRUE,FALSE,ห้างหุ้นส่วนจำกัด เอ็ม เอ็ม ซี,Invoice,FALSE,25/142 หมู่ 12 เพชรเกษม,หนองค้างพลู หนองแขม,,กรุงเทพมหานคร,,,,,,,,,Chatchai T.
res_partner_supplier_170,บริษัท เอ็ม เอ็ม ที เซอร์วิส จำกัด,,30 Days,,TRUE,TRUE,FALSE,,Default,FALSE,11/4 หมู่ 4 ,โคกช้าง บางไทร,13190,พระนครศรีอยุธยา,,0-3571-8459,,"0-3571-8433, 0-3571-8459",,,,,Dusit T.
res_partner_supplier_171,บริษัท โมดูล่า กรุ๊ป (ไทยแลนด์) จำกัด,,30 Days,,TRUE,TRUE,FALSE,,Default,FALSE,455/64 หมู่ 1 ,บางบ่อ บางบ่อ,10560,สมุทรปราการ,,0-2721-3544,,0-2721-3545,,,,,Surasak S.
res_partner_supplier_172,บริษัท โมเดอร์นฟอร์ม เฮลท์แอนด์แคร์ จำกัด,,Cash,,TRUE,TRUE,FALSE,,Default,FALSE,699 อาคาร โมเดอร์นฟอร์มทาวเวอร์ ศรีนครินทร์,สวนหลวง สวนหลวง,10250,กรุงเทพมหานคร,,0-2722-8033-5,,0-2722-8032,,,,,Weeranuwat S.
res_partner_supplier_173,บริษัท มหาจักรไกร เอ็นจิเนียริ่ง จำกัด,,Cash,,TRUE,TRUE,FALSE,,Default,FALSE,3/47 หมู่ 9 ,ลำลูกกา ลำลูกกา,12150,ปทุมธานี,,0-2905-2030-1,,0-2905-2031,,,,,Weeranuwat S.
res_partner_supplier_174,บริษัท เมเจอร์ แอร์คอนดิชั่นนิ่ง จำกัด,,30 Days,,TRUE,TRUE,FALSE,,Default,FALSE,89 หมู่ 11 เทพารักษ์,บางปลา บางพลี,10540,สมุทรปราการ,,0-2185-7254-55,,0-2185-7256,,,,,Surasak S.
res_partner_supplier_175,บริษัท มาเยคาว่า (ประเทศไทย) จำกัด,,30 Days,,TRUE,TRUE,FALSE,,Default,FALSE,2/3 หมู่ 14 อาคาร บางนาทาวเวอร์ อาคารเอ ชั้น 9 บางนา-ตราด,บางแก้ว บางพลี,10540,สมุทรปราการ,,0-2751-9610-7,,0-2751-9565-6,,,,,Chatchai T.
res_partner_supplier_176,บริษัท แมคโครฟาร์ จำกัด,,30 Days,,TRUE,TRUE,FALSE,,Default,FALSE,89 ซอย พัฒนาการ 20 แยก 4 พัฒนาการ,สวนหลวง สวนหลวง,10250,กรุงเทพมหานคร,,0-2314-6671,,0-2318-6091,,,,,Chatchai T.
res_partner_supplier_177,บริษัท มีนา แอสโซซิเอทส์ จำกัด,,30 Days,,TRUE,TRUE,FALSE,,Default,FALSE,779 สุขุมวิท 103,บางจาก พระโขนง,10250,กรุงเทพมหานคร,,0-2729-7900-1,,0-2729-7903,,,,,Weeranuwat S.
res_partner_supplier_178,ณัฐวุฒิการช่าง,,Cash,,TRUE,TRUE,FALSE,,Default,FALSE,101/86 หมู่ 7 ,บางพลีใหญ่ บางพลี,10540,สมุทรปราการ,,,,,,,,,Chairat S.
res_partner_supplier_179,บริษัท นิวเทค ซีสเต็มส์ ดีเวล็อปเมนท์ จำกัด,,Cash,,TRUE,TRUE,FALSE,,Default,FALSE,1/740 หมู่ 17 ,คูคต ลำลูกกา,12130,ปทุมธานี,,0-2532-4800-2,,0-2533-8488,,,,,Chairat S.
res_partner_supplier_180,บริษัท ณัฐธน จำกัด,,Cash,,TRUE,TRUE,FALSE,,Default,FALSE,43 อาคาร พิทักษ์คอร์ทชั้นล่าง ซอย อรรถการประสิทธิ์ สาทรใต้,ทุ่งมหาเมฆ สาทร,10120,กรุงเทพมหานคร,,0-2411-1693,,0-2411-1693,,,,,Surasak S.
res_partner_supplier_181,บริษัท โนวา เมดิซีน จำกัด,,Cash,,TRUE,TRUE,FALSE,,Default,FALSE,20/1 หมู่ 3 เทศบาล 1,บ้านฉาง เมือง,,ปทุมธานี,,,,,,,,,Chairat S.
res_partner_supplier_182,บริษัท เอ็น.ซี.เอส เอ็นจิเนียริ่ง จำกัด,,Cash,,TRUE,TRUE,FALSE,,Default,FALSE,18/7 ซอย ลาดพร้าว 113 ลาดพร้าว,คลองจั่น บางกะปิ,10310,กรุงเทพมหานคร,,0-2704-7051-2,,0-2704-7053,,,,,
res_partner_supplier_183,ห้างหุ้นส่วนจำกัด เอ็น ซี เอช อีควิปเมนท์ แอนด์ เซอร์วิส,,Cash,,TRUE,TRUE,FALSE,,Default,FALSE,63 จันทรคามพิทักษ์,สนามจันทร์ เมือง,73000,นครปฐม,,0-2976-6385,,0-2976-7011,,,,,Weeranuwat S.
res_partner_supplier_184,บริษัท เอ็น.เอส.แอล. คอนสตรัคชั่น จำกัด,,60 Days,,TRUE,TRUE,FALSE,,Default,FALSE,1447 ซอย ลาดพร้าว 94 ลาดพร้าว,วังทองหลาง วังทองหลาง,10310,กรุงเทพมหานคร,,"0-2934-7215-6, 0-2559-2680-2",,"0-2934-7215-6, 0-2559-2680-2",,,,,Dusit T.
res_partner_supplier_185,บริษัท พี.เอม.ฟูด จำกัด,,30 Days,,TRUE,TRUE,FALSE,,Default,FALSE,1 อาคาร พรีเมียร์คอร์ปอเรทปาร์ค ซอย พรีเมียร์ ศรีนครินทร์,หนองบอน ประเวศ,10260,กรุงเทพมหานคร,,0-2301-1794,,0-2748-2080,,,,,Dusit T.
res_partner_supplier_186,บริษัท พี.เอส.ฟู้ดโปรดักส์ จำกัด,,30 Days,,TRUE,TRUE,FALSE,,Default,FALSE,"949, 941/1999 หมู่ 7 ซอย วิทยุการบิน ",ท้ายบ้านใหม่ เมือง,10280,สมุทรปราการ,,"0-2709-1063, 0-2709-1959, 0-2323-2055",,"0-2709-1062, 0-2323-3050",,,,,
res_partner_supplier_187,บริษัท ปาร์คเกอร์ เอ็นจิเนียริ่ง (ไทยแลนด์) จำกัด,,45 Days,,TRUE,TRUE,FALSE,,Default,FALSE,62 อาคาร ธนิยะ ชั้น 5 ห้อง 501 และ 510 สีลม,สุริยวงศ์ บางรัก,10500,กรุงเทพมหานคร,,"0-2238-4704, 0-2236-0120, 0-2236-7330, 0-2236-3096",,0-2236-0122,,,,,Chairat S.
res_partner_supplier_188,บริษัท พี.เอ็น.เอ็นจิเนียริ่ง แอนด์ เทคโนโลยี จำกัด,,15 Days,,TRUE,TRUE,FALSE,,Default,FALSE,105/15-16 หมู่ 7 ,คลองหนึ่ง คลองหลวง,12120,ปทุมธานี,,0-2516-5803-5,,0-2902-8902,,,,,Chatchai T.
res_partner_supplier_189,บริษัท โปร เทคนิคเชี่ยน แอนด์ เอ็นจิเนียริ่ง จำกัด,,Cash,200000,TRUE,TRUE,FALSE,,Default,FALSE,10/196-197 หมู่ 3 ซอย 28 พระราม 2,บางมด จอมทอง,10150,กรุงเทพมหานคร,,0-2877-1167-8,,0-2877-1169,,,,,Weeranuwat S.
res_partner_supplier_190,ห้างหุ้นส่วนจำกัด ปุญญิศา เทคโนโลยี,,Cash,100000,TRUE,TRUE,FALSE,,Default,FALSE,145 หมู่ 6 ,คลองมะเดื่อ กระทุ่มแบน,74110,สมุทรสาคร,,"0-2892-2601, 0-3487-4132",,0-2892-2601,,,,,Chatchai T.
res_partner_supplier_191,บริษัท พาตาร์แลบ (2517) จำกัด,,Cash,20000000,TRUE,TRUE,FALSE,,Default,FALSE,51 หมู่ 3 เลียบคลอง 7 (ธัญบุรี-ลำลูกกา),บึงคำพร้อย ลำลูกกา,,ปทุมธานี,,0-2391-2045,,0-2391-2044,,,,,Chairat S.
res_partner_supplier_192,บริษัท โปรฟู้ด (ไทย) จำกัด,,Cash,,TRUE,TRUE,FALSE,,Default,FALSE,28/88 หมู่ 1 ,โคกขาม เมือง,74000,สมุทรสาคร,,"0-2663-0430, 0-2259-7620-1",,0-2663-0431,,,,,Chairat S.
res_partner_supplier_193,บริษัท แพคโคเมติก จำกัด,,Cash,,TRUE,TRUE,FALSE,,Default,FALSE,296/19 หมู่ 9 ซอย ติวานนท์ 28 ติวานนท์,บางกระสอ เมือง,11000,นนทบุรี,,0-2950-7510-3,,0-2580-3687,,,,,Dusit T.
res_partner_supplier_194,บริษัท เภสัชกรรมศรีประสิทธิ์ จำกัด,,Cash,20000000,TRUE,TRUE,FALSE,,Default,FALSE,619 เจริญรัถ,คลองสาน คลองสาน,10600,กรุงเทพมหานคร,,0-2437-0343-5,,0-2438-8060,,,,,Dusit T.
res_partner_supplier_195,บริษัท พรีม่าแฮม (ไทยแลนด์) จำกัด,,30 Days,,TRUE,TRUE,FALSE,,Default,FALSE,392 หมู่ 7 ,ท่าตูม ศรีมหาโพธิ,25140,ปราจีนบุรี,,0-3748-1041-6,,0-3748-1048-50,,,,,Chatchai T.
res_partner_supplier_196,บริษัท ฟาร์ม่า อินโนว่า จำกัด,,30 Days,2000000,TRUE,TRUE,FALSE,,Default,FALSE,26/19 หมู่ 9 ,ท่าแร้ง บางเขน,,กรุงเทพมหานคร,,0-2532-7181,,0-2532-7019,,,,,Chairat S.
res_partner_supplier_197,บริษัท ภูมิวิศว์ เอ็นจิเนียริ่ง จำกัด,,PDC. 30 Days,,TRUE,TRUE,FALSE,,Default,FALSE,230/15 หมู่ 6 ,ท่าสะอ้าน บางปะกง,24130,ฉะเชิงเทรา,,"0-3853-2212, 0-3853-0250",,0-3853-0259,,,,,Surasak S.
res_partner_supplier_198,บริษัท แปซิฟิค อลูมินั่ม แอนด์ กลาส จำกัด,,Cash,,TRUE,TRUE,FALSE,,Default,FALSE,33 ซอย เลียบฯฝั่งใต้ 5/4 ,หนองแขม หนองแขม,,กรุงเทพมหานคร,,0-2811-33359,,0-2811-3359,,,,,Weeranuwat S.
res_partner_supplier_199,บริษัท แปดริ้วเครื่องเย็นเชียงใหม่ (1994) จำกัด,,Cash,,TRUE,TRUE,FALSE,,Default,FALSE,223 หมู่ 3 ,ท่าศาลา เมือง,50000,เชียงใหม่,,"0-5385-0932-3, 0-5326-00227",,0-5324-0840,,,,,Weeranuwat S.
res_partner_supplier_200,บริษัท โพลีไทพ์ เอเชีย แปซิฟิก จำกัด,,Cash,200000,TRUE,TRUE,FALSE,,Default,FALSE,77 หมู่ 9 ซอย นิคมอุตสาหกรรมเวลโกร์ บางนา-ตราด,บางวัว บางปะกง,24180,ฉะเชิงเทรา,,0-3898-9045-053,,0-3898-9054,,,,,Surasak S.
res_partner_supplier_201,บริษัท ปราการ บิวดิ้ง (2008) จำกัด,,Cash,,TRUE,TRUE,FALSE,,Default,FALSE,921 ซอย วชิรธรรมสาธิต 57 สุขุมวิท 101/1,บางจาก พระโขนง,10260,กรุงเทพมหานคร,,0-2327-0570,08-9216-2386,0-2327-2570,,,,,Weeranuwat S.
res_partner_supplier_202,บริษัท เพียวคีน จำกัด,,Cash,,TRUE,TRUE,FALSE,,Default,FALSE,55/523 หมู่ 5 หมู่บ้านพฤกษลดา ,ลาดสวาย ลำลูกกา,12150,ปทุมธานี,,0-3526-7820,,0-3526-7811,,,,,Weeranuwat S.
res_partner_supplier_203,บริษัท ฟาร์มาแฟค แพลน เทคโนโลยี จำกัด,,30 Days,,TRUE,TRUE,FALSE,,Default,FALSE,199/265 หมู่ 1 ,บึงยี่โถ ธัญบุรี,12130,ปทุมธานี,,,08-6337-0080,,,,,,Dusit T.
res_partner_supplier_204,บริษัท พี.เอส.พี. มารีน จำกัด,,Cash,,TRUE,TRUE,FALSE,,Default,FALSE,119/53 หมู่ 1 ,ท่าจีน เมือง,74000,สมุทรสาคร,,0-3482-1046-7,,0-3482-1048,,,,,Dusit T.
res_partner_supplier_205,บริษัท พี.พี.เจ. เอ็นจิเนียริ่ง จำกัด,,Cash,,TRUE,TRUE,FALSE,,Default,FALSE,52/50 หมู่ 4 สุขาประชาสวรรค์,บางพูด ปากเกร็ด,11120,นนทบุรี,,0-2583-0396-99,,0-2583-0416,,,,,Dusit T.
res_partner_supplier_206,บริษัท ผู้จัดระบบเครื่องอำนวยประโยชน์ จำกัด,,Cash,,TRUE,TRUE,FALSE,,Default,FALSE,437/5 หมู่ 21 มิตรภาพ,ศิลา เมือง,40000,ขอนแก่น,,0-4324-7466-7,,0-4324-7464,,,,,Surasak S.
res_partner_supplier_207,บริษัท ผู้จัดระบบเครื่องอำนวยประโยชน์ จำกัด (Shipping),,,,FALSE,TRUE,FALSE,บริษัท ผู้จัดระบบเครื่องอำนวยประโยชน์ จำกัด,Shipping,FALSE,49/554 หมู่ 4 เสรีไทย,คลองกุ่ม บึงกุ่ม,,กรุงเทพมหานคร,,,,,,,,,Surasak S.
res_partner_supplier_208,บริษัท คิว.ที.ที. จำกัด,,30 Days,,TRUE,TRUE,FALSE,,Default,FALSE,801/127-128 หมู่ 8 ซอย หมู่บ้านวังทองเทรดเซ็นเตอร์ พหลโยธิน,คูคต ลำลูกกา,12130,ปทุมธานี,,0-2900-6900-4,,0-2900-6905,,,,,Chairat S.
res_partner_supplier_209,บริษัท คิวด็อท ซีสเต็ม เทคโนโลยี จำกัด,,30 Days,,TRUE,TRUE,FALSE,,Default,FALSE,50/1200-1201 หมู่ 9 หมู่บ้านเมืองทองธานี ซี 12 แยก 1 บอนด์สตีท,บางพูด ปากเกร็ด,11120,นนทบุรี,,0-2960-0133-5,,0-2960-2200,,,,,Dusit T.
res_partner_supplier_210,บริษัท คิว.เอ็ม แอร์ เอ็นจิเนียริ่ง เซอร์วิส จำกัด,,PDC. 30 Days,,TRUE,TRUE,FALSE,,Default,FALSE,555/21 ซอย อ่อนนุช 65-67 อ่อนนุช,ประเวศ ประเวศ,10250,กรุงเทพมหานคร,,0-2720-0274-8,,0-2720-0103,,,,,Weeranuwat S.
res_partner_supplier_211,บริษัท รังสิต โปรเฟสชั่นแนล แอพไพรแอนซ์ เซอร์วิส จำกัด,,30 Days,,TRUE,TRUE,FALSE,,Default,FALSE,"53, 55 รังสิต-นครนายก 27 ซอย 1 ",ประชาธิปัตย์ ธัญบุรี,12130,ปทุมธานี,,0-2996-2571-3,,0-2996-2578,,,,,Surasak S.
res_partner_supplier_212,บริษัท รีเนาน์ เทคนิคอล จำกัด,,Cash,,TRUE,TRUE,FALSE,,Default,FALSE,"3811, 3813 พระราม 4",พระโขนง คลองเตย,10110,กรุงเทพมหานคร,,0-2185-4333,,0-2333-1235,,,,,Dusit T.
res_partner_supplier_213,บริษัท อาร์เอ็นอาร์ เอ็นจิเนียริ่ง จำกัด,,Cash,,TRUE,TRUE,FALSE,,Default,FALSE,46/32 หมู่ 7 ราษฎร์อุทิศ,แสนแสบ มีนบุรี,10510,กรุงเทพมหานคร,,0-2989-0982,08-1347-6119,0-2989-1005,,,,,Weeranuwat S.
res_partner_supplier_214,บริษัท อาร์เอ็กซ์ แมนูแฟคเจอริ่ง จำกัด,,30 Days,,TRUE,TRUE,FALSE,,Default,FALSE,76 หมู่ 10 ,นราภิรมย์ บางเลน,73130,นครปฐม,,0-3429-8117-120,,0-3429-8117-120,,,,,Chairat S.
res_partner_supplier_215,บริษัท ริว่าโคลด์ (นอร์ธเธิร์น) จำกัด,,30 Days,500000,TRUE,TRUE,FALSE,,Default,FALSE,332/27 หมู่ 2 ,หนองจ๊อม สันทราย,50210,เชียงใหม่,,0-5326-6240-1,,0-5326-6177,,,,,Weeranuwat S.
res_partner_supplier_216,บริษัท รวมนครก่อสร้าง (ประเทศไทย) จำกัด,,Cash,,TRUE,TRUE,FALSE,,Default,FALSE,21/139 ซอย ลาดพร้าว 15 ,จอมพล จตุจักร,10900,กรุงเทพมหานคร,,0-2938-6868,,0-2938-7562,,,,,Chatchai T.
res_partner_supplier_217,บริษัท ซาโต้ โคเกียว กรุงเทพ จำกัด,,Cash,,TRUE,TRUE,FALSE,,Default,FALSE,21/99 ไทยวาทาวเวอร์ 2 ชั้น 14 สาทรใต้,ทุ่งมหาเมฆ สาทร,10120,กรุงเทพมหานคร,,0-2679-1405-10,,0-2679-1411,,,,,Dusit T.
res_partner_supplier_218,บริษัท สปริงคูล จำกัด,,60 Days,,TRUE,TRUE,FALSE,,Default,FALSE,265/395 ซอย ทวีวัฒนา สาธุประดิษฐ์,ช่องนนทรี ยานนาวา,10120,กรุงเทพมหานคร,,"0-2212-8360-1, 0-2674-0563-6",,0-2212-7126,,,,,Dusit T.
res_partner_supplier_219,บริษัท โซเลยู (ไทยแลนด์) จำกัด,,Cash,,TRUE,TRUE,FALSE,,Default,FALSE,6/1 หมู่ 7 ,บางพระ ศรีราชา,20210,ชลบุรี,,0-3829-8362-4,,0-3829-8361,,,,,
res_partner_supplier_220,บริษัท เอส เอ็ม ไอ รีฟริกเจอเรชั่น จำกัด,,Cash,100000,TRUE,TRUE,FALSE,,Default,FALSE,20/6 หมู่ 8 ซอย พหลโยธิน 30 พหลโยธิน,จันทรเกษม จตุจักร,10900,กรุงเทพมหานคร,,0-2941-9500-1,,0-2941-5207,,,,,Chatchai T.
res_partner_supplier_221,บริษัท สยาม ซันซุย จำกัด,,Cash,,TRUE,TRUE,FALSE,,Default,FALSE,36 หมู่ 4 ,บ่อวิน ศรีราชา,20230,ชลบุรี,,0-2398-8564,,0-2398-8564,,,,,Dusit T.
res_partner_supplier_222,บริษัท สองสมาน จำกัด,,7 Days,,TRUE,TRUE,FALSE,,Default,FALSE,2102/46 รามคำแหง,หัวหมาก บางกะปิ,,กรุงเทพมหานคร,,0-2374-9258,,0-2374-9258,,,,,Dusit T.
res_partner_supplier_223,บริษัท แสงชัย รีฟริเจอเรชั่น จำกัด,,60 Days,,TRUE,TRUE,FALSE,,Default,FALSE,283 หลานหลวง,วัดโสมนัส ป้อมปราบศรัตรูพ่าย,10100,กรุงเทพมหานคร,,"0-2628-2600, 0-2280-3444",,"0-2628-0484-5, 0-2280-0352",,,,,Visak T.
res_partner_supplier_224,บริษัท สยามแพนเทค เอ็นจิเนียริ่ง จำกัด,,Cash,,TRUE,TRUE,FALSE,,Default,FALSE,92/3  ซอย อาคารสงเคราะห์ ,ทุ่งมหาเมฆ สาทร,10120,กรุงเทพมหานคร,,0-2676-1490-2,,0-2286-1052,,,,,Somboon T.
res_partner_supplier_225,บริษัท ซันโย เอส.เอ็ม.ไอ. (ประเทศไทย) จำกัด,,60 Days,,TRUE,TRUE,FALSE,,Default,FALSE,"50, 52 ซอย รามอินทรา 64 รามอินทรา กม. 10",คันนายาว คันนายาว,10230,กรุงเทพมหานคร,,"0-2918-0550, 0-2918-0515",,,,,,,Dusit T.
res_partner_supplier_226,บริษัท เอส พลัส ซิสเทมส์ จำกัด,,Cash,,TRUE,TRUE,FALSE,,Default,FALSE,77/6 หมู่ 4 ,บางแก้ว บางพลี,10540,สมุทรปราการ,,0-2753-7563-65,,0-2753-7566,,,,,Visak T.
res_partner_supplier_227,บริษัท ซินโกะ แอร์ คอนดิชันนิ่ง (ประเทศไทย) จำกัด,,30 Days,,TRUE,TRUE,FALSE,,Default,FALSE,134/1 หมู่ 1 นิคมอุตสาหกรรมไฮเทค ,บ้านโพ บางปะอิน,13160,พระนครศรีอยุธยา,,0-3531-4009-12,,0-3531-4013,,,,,Surasak S.
res_partner_supplier_228,บริษัท เซฟ-ที-เซลล์ แอนด์ เซอร์วิส จำกัด,,Cash,,TRUE,TRUE,FALSE,,Default,FALSE,36/14 งามวงศ์วาน,ลาดยาว จตุจักร,10900,กรุงเทพมหานคร,,"0-2589-1268-9, 0-2589-1320-1",,0-2589-2542,,,,,Dusit T.
res_partner_supplier_229,บริษัท ศิวกร ซี แอนด์ อี จำกัด,,30 Days,,TRUE,TRUE,FALSE,,Default,FALSE,54 หมู่ 3 รังสิต-นครนายก,บึงยี่โถ ธัญบุรี,12130,ปทุมธานี,,0-2577-1398,,0-2577-2503,,,,,Surasak S.
res_partner_supplier_230,บริษัท ศิวะพรอินเตอร์เทคโนโลยี จำกัด,,30 Days,,TRUE,TRUE,FALSE,,Default,FALSE,102 ซอย รามอินทรา 64 ,คันนายาว คันนายาว,10230,กรุงเทพมหานคร,,0-2918-1971-4,,0-2918-1975,,,,,Dusit T.
res_partner_supplier_231,บริษัท สตาร์วอลล์ จำกัด,,30 Days,,TRUE,TRUE,FALSE,,Default,FALSE,98/32 หมู่ 6 ซอย เอกชัย 64 เอกชัย,บางบอน บางบอน,10150,กรุงเทพมหานคร,,0-2415-9306,,0-2415-8707,,,,,Weeranuwat S.
res_partner_supplier_232,บริษัท สกิล ดิเวลลอปเมนท์ จำกัด,,30 Days,,TRUE,TRUE,FALSE,,Default,FALSE,109 หมู่ 7 กิ่งแก้ว-บางพลี,บางพลีใหญ่ บางพลี,10540,สมุทรปราการ,,"0-2751-1256, 0-2751-1257",,0-2751-1258,,,,,Chatchai T.
res_partner_supplier_233,บริษัท ชิบุซัน (ไทยแลนด์) จำกัด,,30 Days,,TRUE,TRUE,FALSE,,Default,FALSE,108 หมู่ 2 ,ท้ายเกาะ สามโคก,10216,ปทุมธานี,,"0-2978-8708, 0-2978-8503",,0-2978-8505,,,,,Dusit T.
res_partner_supplier_234,บริษัท สยามเภสัช จำกัด,,90 Days,,TRUE,TRUE,FALSE,,Default,FALSE,123 ซอย โชคชัยร่วมมิตร วิภาวดีรังสิต,จอมพล จตุจักร,10900,กรุงเทพมหานคร,,0-2690-0360-8,,"0-2275-2223, 0-2276-2459",,,,,Chairat S.
res_partner_supplier_235,บริษัท สยามเอเซีย อลูเทค จำกัด,,Cash,,TRUE,TRUE,FALSE,,Default,FALSE,68/9 หมู่ 6 สุขาภิบาล 5,ท่าแร้ง บางเขน,10220,กรุงเทพมหานคร,,0-2948-7624-9,,0-2949-8881-2,,,,,Chatchai T.
res_partner_supplier_236,บริษัท สยาม อินคูเบเตอร์ ซีสเต็ม จำกัด,,Cash,,TRUE,TRUE,FALSE,,Default,FALSE,4 ซอย รามคำแหง 164 แยก 4 ,มีนบุรี มีนบุรี,10810,กรุงเทพมหานคร,,0-2917-6057-59,,0-2917-6060,,,,,Chairat S.
res_partner_supplier_237,บริษัท เอส.ดี.เอ็นจิเนียริ่ง แอนด์ คอนสตรัคชั่น จำกัด,,7 Days,300000,TRUE,TRUE,FALSE,,Default,FALSE,155/1 ซอย ลาดพร้าว 130 ลาดพร้าว,คลองจั่น บางกะปิ,10240,กรุงเทพมหานคร,,0-2731-1713,,0-2731-1395,,,,,Weeranuwat S.
res_partner_supplier_238,บริษัท เซนต์โกเบน ซีคิวริท (ประเทศไทย) จำกัด,,30 Days,300000,TRUE,TRUE,FALSE,,Default,FALSE,64/8 หมู่ 4 ,ปลวกแดง ปลวกแดง,21140,ระยอง,,0-3866-7800-7,,0-3866-7865,,,,,Weeranuwat S.
res_partner_supplier_239,บริษัท สุพัตร์ เอ็นจิเนียริ่ง จำกัด,,Cash,,TRUE,TRUE,FALSE,,Default,FALSE,7/2 หมู่ 4 ซอย สำเร็จพัฒนา 8 ,ปลายบาง บางกรวย,11130,นนทบุรี,,0-2903-9399,,0-2903-9035,,,,,Chairat S.
res_partner_supplier_240,บริษัท สยามไบโอไซเอนซ์ จำกัด,,7 Days,100000000,TRUE,TRUE,FALSE,,Default,FALSE,44 อาคาร ศรีจุลทรัพย์ ชั้น 18 ยูนิต เอ พระราม 1,รองเมือง ปทุมวัน,10330,กรุงเทพมหานคร,,0-2613-9939,,0-2613-9979,,,,,Dusit T.
res_partner_supplier_241,บริษัท สยาม อินเตอร์ คูล จำกัด,,30 Days,,TRUE,TRUE,FALSE,,Default,FALSE,1178/267 ซอย พหลโยธิน 32 ,จันทรเกษม จตุจักร,10900,กรุงเทพมหานคร,,0-2941-5735,,0-2941-5736,,,,,Weeranuwat S.
res_partner_supplier_242,บริษัท เอส.ดับบลิว.เค.เอ็นจิเนียริ่ง แอนด์ ซัพพลาย จำกัด,,Cash,,TRUE,TRUE,FALSE,,Default,FALSE,69/113 หมู่ 15 ,คลองหนึ่ง คลองหลวง,12120,ปทุมธานี,,0-2908-0501,,0-2908-0779,,,,,Weeranuwat S.
res_partner_supplier_243,บริษัท เอสไอซี คูลลิ่ง เซอร์วิส จำกัด,,7 Days,,TRUE,TRUE,FALSE,,Default,FALSE,80/1671 หมู่ 5 เทพารักษ์,บางเมืองใหม่ เมือง,10270,สมุทรปราการ,,0-2941-5735,,0-2941-5736,,,,,Weeranuwat S.
res_partner_supplier_244,บริษัท เซจ ดีซายน์ แอนด์ คอนสตรัคชั่น จำกัด,,Cash,,TRUE,TRUE,FALSE,,Default,FALSE,12 อยู่เย็น,ลาดพร้าว ลาดกระบัง,10230,กรุงเทพมหานคร,,0-2508-2475-7,,0-2942-9951,,,,,Weeranuwat S.
res_partner_supplier_245,บริษัท เอส.อินเตอร์ แอนด์ แอสโซซิเอทส์ จำกัด,,7 Days,,TRUE,TRUE,FALSE,,Default,FALSE,8 ซอย อ่อนนุช 62 สุขุมวิท 77,สวนหลวง สวนหลวง,10250,กรุงเทพมหานคร,,0-2721-1641-4,,0-2721-1649,,,,,Weeranuwat S.
res_partner_supplier_246,บริษัท สมูท อี จำกัด,,Cash,,TRUE,TRUE,FALSE,,Default,FALSE,15/1-15 หมู่ 9 บรมราชชนนี,ตลิ่งชัน ตลิ่งชัน,10170,กรุงเทพมหานคร,,0-2880-8787,,0-2880-7190,,,,,Surasak S.
res_partner_supplier_247,บริษัท เอส.เอ็น.เค. วิศวกรรมไฟฟ้า จำกัด,,Cash,200000,TRUE,TRUE,FALSE,,Default,FALSE,101/466 หมู่ 4 ร่มเกล้า,คลองสองต้นนุ่น ลาดกระบัง,10520,กรุงเทพมหานคร,,"0-2588-4653, 0-2952-6429",,"0-2588-4694, 0-2952-5488",,,,,Weeranuwat S.
res_partner_supplier_248,บริษัท โชเอะ คันเกียว (ประเทศไทย) จำกัด,,Cash,,TRUE,TRUE,FALSE,,Default,FALSE,200 หมู่ 4 แจ้งวัฒนะ,ปากเกร็ด ปากเกร็ด,11120,นนทบุรี,,0-2962-2114-6,,0-2962-2117,,,,,Dusit T.
res_partner_supplier_249,บริษัท เอส.พี.บี.เอ็นจิเนียริ่ง จำกัด,,30 Days,1000000,TRUE,TRUE,FALSE,,Default,FALSE,156 หมู่ 4 ,พะยอม วังน้อย,13170,พระนครศรีอยุธยา,,0-3574-4527-30,,0-3574-4526,,,,,Dusit T.
res_partner_supplier_250,บริษัท สินธุมาสโสภณ จำกัด,,PDC. 30 Days,1000000,TRUE,TRUE,FALSE,,Default,FALSE,479/1 หมู่ 9 ซอย ประชาอุทิศ 12 ประชาอุทิศ,ราษฎร์บูรณะ ราษฎ์บูรณะ,10140,กรุงเทพมหานคร,,0-2874-7537-39,,0-2874-7536,,,,,Chatchai T.
res_partner_supplier_251,บริษัท เสาหลักก่อสร้าง จำกัด,,15 Days,,TRUE,TRUE,FALSE,,Default,FALSE,99/379 หมู่ 8 ซอย รัตนาธิเบศน์ 17 รัตนาธิเบศร์,บางกระสอ เมือง,11000,นนทบุรี,,0-2965-6400-5,,0-2965-6406,,,,,Chairat S.
res_partner_supplier_252,สถาบัน เทคโนโลยีนิวเคลียร์แห่งชาติ (องค์การมหาชน),,90 Days,,TRUE,TRUE,FALSE,,Default,FALSE,9/9 หมู่ 7 ,ทรายมูล องครักษ์,26120,นครนายก,,0-3739-2924,,0-3739-2923,,,,,Dusit T.
res_partner_supplier_253,บริษัท ทรงชัยเอ็นจิเนียริ่ง แอนด์ คอนสตรัคชั่น จำกัด,,30 Days,,TRUE,TRUE,FALSE,,Default,FALSE,12/6 หมู่ 7 บางนา-ตราด,บางโฉลง บางพลี,10540,สมุทรปราการ,,0-2312-7184-87,,0-2312-7188,,,,,Visak T.
res_partner_supplier_254,บริษัท ไทย อินเตอร์ฟิล จำกัด,,30 Days,,TRUE,TRUE,FALSE,,Default,FALSE,80 สุทธิสารวินิจฉัย,สามเสนนอก ห้วยขวาง,10320,กรุงเทพมหานคร,,0-2693-4302-5,,0-2693-0191,,,,,Surasak S.
res_partner_supplier_255,บริษัท ที-เร็กซ์ สตีล จำกัด,,30 Days,,TRUE,TRUE,FALSE,,Default,FALSE,55/121 หมู่ 12 หมู่บ้านการเคหะสุวินทวงศ์ ,แสนแสบ มีนบุรี,10510,กรุงเทพมหานคร,,0-2989-4893,,0-2989-4348,,,,,Somboon T.
res_partner_supplier_256,บริษัท อุตสาหกรรมแว่นตาไทย จำกัด,,30 Days,100000,TRUE,TRUE,FALSE,,Default,FALSE,83 หมู่ 2 งามวงศ์วาน,บางเขน เมือง,11000,นนทบุรี,,"0-2588-4653, 0-2952-6429",,"0-2588-4694, 0-2952-5488",,,,,Weeranuwat S.
res_partner_supplier_257,ห้างหุ้นส่วนจำกัด ธรรมเกสรการโยธา,,7 Days,400000,TRUE,TRUE,FALSE,,Default,FALSE,1188 ซอย มิตรภาพ 15 ,ในเมือง เมือง,30000,นครราชสีมา,,0-2585-0605,,0-2587-4533,,,,,Weeranuwat S.
res_partner_supplier_258,บริษัท ทรีวอลล์ จำกัด,,Cash,,TRUE,TRUE,FALSE,,Default,FALSE,166/43 หมู่ 4 ,บางเพรียง บางบ่อ,,สมุทรปราการ,,,08-6322-7839,,,,,,Weeranuwat S.
res_partner_supplier_259,บริษัท ที เอส อลูมินั่ม แอนด์ กลาส 2009 จำกัด,,Cash,,TRUE,TRUE,FALSE,,Default,FALSE,323/15 หมู่ 4 สายไหม,สายไหม สายไหม,10220,กรุงเทพมหานคร,,0-2996-3301,,0-2996-3302,,,,,Weeranuwat S.
res_partner_supplier_260,บริษัท เทอร์โมคูล ซัพพลาย แอนด์ เซอร์วิส จำกัด,,60 Days,,TRUE,TRUE,FALSE,,Default,FALSE,"136, 138 ซอย พระราม 2 ซอย 33 ",บางมด จอมทอง,10150,กรุงเทพมหานคร,,"0-2459-3174, 0-2874-0463-4",,0-2874-0844,,,,,Weeranuwat S.
res_partner_supplier_261,บริษัท ธันเดอร์ เทคโนโลยี จำกัด,,60 Days,1000000,TRUE,TRUE,FALSE,,Default,FALSE,199/1 หมู่ 7 บางนา-ตราด,บางโฉลง บางพลี,10540,สมุทรปราการ,,"0-2750-8725-27, 0-2183-9083",,0-2750-8729,,,,,Dusit T.
res_partner_supplier_262,บริษัท ไทยนากาฮารา เอ็นจิเนียริ่ง จำกัด,,Cash,500000,TRUE,TRUE,FALSE,,Default,FALSE,498 ซอย รังสิต-นครนายก 52 ,ประชาธิปัตย์ ธัญบุรี,12130,ปทุมธานี,,0-2974-2951,08-1456-4706,0-2974-2938,,,,,Weeranuwat S.
res_partner_supplier_263,บริษัท ไทยนิชิมัตสุก่อสร้าง จำกัด,,30 Days,10000000,TRUE,TRUE,FALSE,,Default,FALSE,1 อาคาร ชิโน-ไทย ทาวเวอร์ ชั้น 19 สุขุมวิท 21,คลองเตยเหนือ วัฒนา,10110,กรุงเทพมหานคร,,0-2258-9590-7,,0-2258-9599,,,,,Chatchai T.
res_partner_supplier_264,บริษัท ไทยสแตนเลย์การไฟฟ้า จำกัด (มหาชน),,30 Days,,TRUE,TRUE,FALSE,,Default,FALSE,10 หมู่ 1 บางพูน-รังสิต,บ้านกลาง เมือง,12000,ปทุมธานี,,0-2581-5462,,0-2581-5397,,,,,Weeranuwat S.
res_partner_supplier_265,บริษัท เดอะ บาร์บีคิว พลาซ่า จำกัด,,30 Days,500000,TRUE,TRUE,FALSE,,Default,FALSE,333 หมู่ 6 ประชาชื่น,ทุ่งสองห้อง หลักสี่,10210,กรุงเทพมหานคร,,0-2954-1333,,0-2954-1911,,,,,Weeranuwat S.
res_partner_supplier_266,บริษัท ไทยนครพัฒนา จำกัด,,30 Days,,TRUE,TRUE,FALSE,,Default,FALSE,94/7 หมู่ 9 ซอย ยิ้มประกอบ งามวงศ์วาน,บางเขน เมือง,11000,นนทบุรี,,0-2555-9999,,0-2589-2729,,,,,Chairat S.
res_partner_supplier_267,บริษัท เท็มโก้ ซีสเต็ม แอนด์ คอนสตรัคชั่น จำกัด,,7 Days,,TRUE,TRUE,FALSE,,Default,FALSE,331 ชั้น 2 อาคารเจริญผลคอนโดมิเนียม บรรทัดทอง,เพชรบุรี ราชเทวี,10400,กรุงเทพมหานคร,,"0-2216-7060, 0-2611-1022-23",,0-2216-6836,,,,,Chatchai T.
res_partner_supplier_268,บริษัท เทอร์แมท อินเตอร์เนชั่นแนล จำกัด,,60 Days,,TRUE,TRUE,FALSE,,Default,FALSE,335/45 อาคาร ไพร์มสเตท ชั้น 6 ซอย ผูกมิตร ศรีนครินทร์,หนองบอน ประเวศ,10250,กรุงเทพมหานคร,,0-2366-0353,,0-2366-0354,,,,,
res_partner_supplier_269,บริษัท ไทย-อเมริกัน พาแนล จำกัด,,Cash,,TRUE,TRUE,FALSE,,Default,FALSE,129/153 หมู่ 11 หมู่บ้านทรัพย์หมื่นแสน ซอย นวลจันทร์ 36 นวลจันทร์,คลองกุ่ม บึงกุ่ม,10230,กรุงเทพมหานคร,,0-2949-5057,,0-2949-5058,,,,,Dusit T.
res_partner_supplier_270,บริษัท โตชิบา เซมิคอนดัคเตอร์ (ประเทศไทย) จำกัด,,45 Days,,TRUE,TRUE,FALSE,,Default,FALSE,135 หมู่ 5 สวนอุตสาหกรรมบางกะดี่ ติวานนท์,บางกะดี่ เมือง,12000,ปทุมธานี,,"0-2501-1030, 0-2501-1621",,"0-2501-1642, 0-2501-1643-44",,,,,Dusit T.
res_partner_supplier_271,บริษัท ไทคิชา (ประเทศไทย) จำกัด,,60 Days,,TRUE,TRUE,FALSE,,Default,FALSE,62 อาคาร ธนิยะ ชั้น 6 สีลม,สุริยวงศ์ บางรัก,10500,กรุงเทพมหานคร,,0-2236-8055-9,,"0-2236-6189, 0-2236-9505",,,,,Dusit T.
res_partner_supplier_272,บริษัท ไทยทาเคนาคา สากลก่อสร้าง จำกัด,,30 Days,,TRUE,TRUE,FALSE,,Default,FALSE,191 อาคาร สีลมคอมเพล็กซ์ ชั้น 26 สีลม,สุริยวงศ์ บางรัก,10500,กรุงเทพมหานคร,,0-2266-2800,,"0-2266-2808, 0-2266-2809",,,,,Surasak S.
res_partner_supplier_273,บริษัท ไทย-เลเซอร์ เอ็นจิเนียริ่ง จำกัด,,Cash,,TRUE,TRUE,FALSE,,Default,FALSE,5 ซอย ลาดพร้าว 80 แยก 22 ลาดพร้าว,วังทองหลาง วังทองหลาง,10310,กรุงเทพมหานคร,,0-2539-5439,,0-2539-5437,,,,,Weeranuwat S.
res_partner_supplier_274,บริษัท ไทยเอ็นวาเทค จำกัด,,30 Days,,TRUE,TRUE,FALSE,,Default,FALSE,195 หมู่ 4 ,พะยอม วังน้อย,13170,พระนครศรีอยุธยา,,0-3574-4501-3,,0-3574-4505,,,,,Dusit T.
res_partner_supplier_275,บริษัท ไทยคอนสตรัคชั่น แอนด์ เอ็นจิเนียริ่งซิสเทม จำกัด,,30 Days,,TRUE,TRUE,FALSE,,Default,FALSE,60/49 หมู่ 5 ,ดอนหัวฬ่อ เมือง,20000,ชลบุรี,,,08-9987-7757,0-3844-0534,,,,,Weeranuwat S.
res_partner_supplier_276,บริษัท เดอะ คูล จำกัด,,Cash,,TRUE,TRUE,FALSE,,Default,FALSE,193/53 อาคาร เลครัชดา ออฟฟิศ คอมเพล็กซ์ ชั้น 14 รัชดาภิเษก,คลองเตย คลองเตย,10110,กรุงเทพมหานคร,,0-2661-8228,,0-2661-8822,,,,,Weeranuwat S.
res_partner_supplier_277,บริษัท เทวยุทธ ก่อสร้าง จำกัด,,PDC. 30 Days,,TRUE,TRUE,FALSE,,Default,FALSE,24/36 อาคาร เมืองทองธานี อาคาร ที 11 ปอปปูลาร์,บ้านใหม่ ปากเกร็ด,11120,นนทบุรี,,0-3571-1222,,0-3571-1221,,,,,Chatchai T.
res_partner_supplier_278,บริษัท ทัสค์ อินทีเรีย จำกัด,,Cash,1000000,TRUE,TRUE,FALSE,,Default,FALSE,79/6-9 ซอย รามอินทรา 14 รามอินทรา,ท่าแร้ง บางเขน,10230,กรุงเทพมหานคร,,0-2943-5000,,0-2943-8025-6,,,,,Surasak S.
res_partner_supplier_279,บริษัท เทลสตาร์ โซลูชั่น (ประเทศไทย) จำกัด,,30 Days,,TRUE,TRUE,FALSE,,Default,FALSE,43 ซอย พระรามเก้า 62 พระราม 9,สวนหลวง สวนหลวง,10250,กรุงเทพมหานคร,,0-2300-1735,,0-2300-1735,,,,,Surasak S.
res_partner_supplier_280,บริษัท ที-คอน สตรัคชั่น แอนด์ คลีนรูม เอ็นจิเนียริ่ง จำกัด,,30 Days,2000000,TRUE,TRUE,FALSE,,Default,FALSE,130/30 หมู่ 11 หมู่บ้านสินสุข ,คลองกุ่ม บึงกุ่ม,10230,กรุงเทพมหานคร,,0-2949-5474-5,,0-2949-5475,,,,,Chatchai T.
res_partner_supplier_281,บริษัท ที.โอ.แลบ จำกัด,,7 Days,10000000,TRUE,TRUE,FALSE,,Default,FALSE,2/052 หมู่ 1 แจ้งวัฒนะ,ทุ่งสองห้อง หลักสี่,10210,กรุงเทพมหานคร,,0-2573-2139,,0-2573-2140,,,,,Chairat S.
res_partner_supplier_282,บริษัท ที.โอ.เคมีคอลล์ (1979) จำกัด,,7 Days,,TRUE,TRUE,FALSE,,Default,FALSE,280 ซอย สบายใจ สุทธิสารวินิจฉัย,สามเสนนอก ห้วยขวาง,10320,กรุงเทพมหานคร,,0-2275-6053-9,,0-2277-7350,,,,,Chairat S.
res_partner_supplier_283,บริษัท ทีทีเอ็ม เทคโนโลยี่ จำกัด,,Cash,,TRUE,TRUE,FALSE,,Default,FALSE,110/27 ซอย รามคำแหง 43/1 รามคำแหง,พลับพลา วังทองหลาง,10310,กรุงเทพมหานคร,,0-2374-3742,,0-2374-3743,,,,,Weeranuwat S.
res_partner_supplier_284,บริษัท ที เอ็น ดี ฟู้ดส์ อินดัสตรีย์ จำกัด,,Cash,,TRUE,TRUE,FALSE,,Default,FALSE,229 หมู่ 3 ,ทุ่งสุขลา ศรีราชา,20230,ชลบุรี,,0-3849-0314-7,,0-3849-0592,,,,,Weeranuwat S.
res_partner_supplier_285,บริษัท ที เอ็น เอ็ม อินเตอร์เนชั่นแนล จำกัด,,Cash,,TRUE,TRUE,FALSE,,Default,FALSE,30/59 หมู่ 5 ,คอกกระบือ เมือง,74000,สมุทรสาคร,,"0-3444-1344, 0-3444-1152",,0-3444-1167,,,,,Weeranuwat S.
res_partner_supplier_286,บริษัท ตามรภาค เอนจิเนียริ่ง จำกัด,,Cash,,TRUE,TRUE,FALSE,,Default,FALSE,981/7-8 พระราม 3,บางโพงพาง ยานนาวา,10120,กรุงเทพมหานคร,,0-2284-3994-6,,0-2284-3997,,,,,Weeranuwat S.
res_partner_supplier_287,บริษัท ที อาร์ เอส คลูลิ่งซีสเต็ม จำกัด,,Cash,,TRUE,TRUE,FALSE,,Default,FALSE,367/67 หมู่ 7 ,ดีลัง พัฒนานิคม,15220,ลพบุรี,,,"08-1785-5935, 08-0795-9255",0-4547-5029,,,,,Weeranuwat S.
res_partner_supplier_288,บริษัท ไทย กรีน เทค จำกัด,,Cash,,TRUE,TRUE,FALSE,,Default,FALSE,"62/277, 279 ซอย เสรีไทย 72 เสรีไทย",มีนบุรี มีนบุรี,10510,กรุงเทพมหานคร,,0-2918-9061-2,,0-2918-9063,,,,,Weeranuwat S.
res_partner_supplier_289,บริษัท ไทย ริห์ติง โคทติ้ง เทคโนโลยี จำกัด,,7 Days,,TRUE,TRUE,FALSE,,Default,FALSE,289 หมู่ 6 เมืองใหม่บางพลี,บางเพรียง บางบ่อ,10560,สมุทรปราการ,,0-2705-9604-6,,0-2705-9644,,,,,Weeranuwat S.
res_partner_supplier_290,บริษัท เทวกิจ จำกัด,,30 Days,,TRUE,TRUE,FALSE,,Default,FALSE,282/23 อาคาร การ์เด้นเพลส 1 ชั้น 5 ซอย รุ่งเรือง สุทธิสาร,สามเสนนอก ห้วยขวาง,10310,กรุงเทพมหานคร,,0-2693-4326-7,,0-2693-4336,,,,,
res_partner_supplier_291,บริษัท เทอร์มอลแลนด์ จำกัด,,Cash,,TRUE,TRUE,FALSE,,Default,FALSE,43/5 หมู่ 7 ,ท่าจีน เมือง,74000,สมุทรสาคร,,,,0-3449-7014,,,,,Dusit T.
res_partner_supplier_292,บริษัท ยูนีซัน จำกัด,,30 Days,20000000,TRUE,TRUE,FALSE,,Default,FALSE,39 หมู่ 4 ,คลองอุดมชลจร เมือง,24000,ฉะเชิงเทรา,,0-2329-1020-5,,0-2329-1279,,,,,Dusit T.
res_partner_supplier_293,บริษัท ยูนีซัน จำกัด (Invoice),,,,FALSE,TRUE,FALSE,บริษัท ยูนีซัน จำกัด,Invoice,FALSE,736-742 ประชาอุทิศ,สามเสนนอก ห้วยขวาง,10320,กรุงเทพมหานคร,,0-2274-3500-19,,,,,,,Dusit T.
res_partner_supplier_294,บริษัท ยูโทเปี้ยน จำกัด,,Cash,5000000,TRUE,TRUE,FALSE,,Default,FALSE,602 หมู่ 3 ซอย ท่านผู้หญิง เทพารักษ์,เทพารักษ์ เมือง,10270,สมุทรปราการ,,"0-2394-1703, 0-2394-6505, 0-2394-6869",,0-2758-4334,,,,,Chairat S.
res_partner_supplier_295,บริษัท ยูนิค ผลิตภัณฑ์ อุตสาหกรรม จำกัด,,Cash,,TRUE,TRUE,FALSE,,Default,FALSE,100/58 หมู่ 4 ,โสนลอย บางบัวทอง,11110,นนทบุรี,,0-2924-9523,,0-2924-9523,,,,,Chatchai T.
res_partner_supplier_296,บริษัท ยูไนเต็ดอินสทรูเมนท์ จำกัด,,PDC. 15 Days,,TRUE,TRUE,FALSE,,Default,FALSE,148/4 ซอย สุขุมวิท 22 สุขุมวิท,คลองเตย คลองเตย,10110,กรุงเทพมหานคร,,0-2259-5785,,0-2259-1321,,,,,Chatchai T.
res_partner_supplier_297,บริษัท ยูแมค ไซแอนทิฟิค จำกัด,,Cash,,TRUE,TRUE,FALSE,,Default,FALSE,40 ดรุณสำราญ,ในเมือง เมือง,40000,ขอนแก่น,,0-4332-2995,08-1592-6865,0-4332-2996,,,,,Weeranuwat S.
res_partner_supplier_298,บริษัท ยูไนเต็ด สตีลเวอร์ค จำกัด,,30 Days,1000000,TRUE,TRUE,FALSE,,Default,FALSE,266/3 จรัญสนิทวงศ์,ศิริราช บางกอกน้อย,10700,กรุงเทพมหานคร,,0-2435-0051-4,,0-2435-1141,,,,,Chatchai T.
res_partner_supplier_299,บริษัท ยูไนเต็ด สตีลเวอร์ค จำกัด (Invoice),,,,FALSE,TRUE,FALSE,บริษัท ยูไนเต็ด สตีลเวอร์ค จำกัด,Invoice,FALSE,340 หมู่ 4 ซอย สวนหลวง 1 เศรษกิจ,ท่าไม้ กระทุ่มแบน,74110,สมุทรสาคร,,0-3447-2710-1,,,,,,,Chatchai T.
res_partner_supplier_300,บริษัท ยูแทคไทย จำกัด,,30 Days,,TRUE,TRUE,FALSE,,Default,FALSE,40/10 สุขุมวิท 105 สุขุมวิท,บางนา บางนา,10800,กรุงเทพมหานคร,,"0-2749-1680, 0-2393-3126-35",,"0-2398-7157, 0-2749-2872",,,,,Chatchai T.
res_partner_supplier_301,บริษัท ยูเอฟเอ็ม ฟู้ดเซ็นเตอร์ จำกัด,,30 Days,,TRUE,TRUE,FALSE,,Default,FALSE,"593, 593/29-39 ซอย สุขุมวิท 33/1 สุขุมวิท",คลองตันเหนือ วัฒนา,10110,กรุงเทพมหานคร,,0-2260-5280-30,,0-2259-0620-30,,,,,Surasak S.
res_partner_supplier_302,บริษัท วิสโก้ เอ็นจิเนียริ่ จำกัด,,60 Days,,TRUE,TRUE,FALSE,,Default,FALSE,800/378 หมู่ 11 นวมินทร์,คันนายาว คันนายาว,10230,กรุงเทพมหานคร,,0-2947-7389,,0-2944-7929,,,,,Visak T.
res_partner_supplier_303,บริษัท วีพีเอส รีครีเอชั่น จำกัด,,Cash,100000,TRUE,TRUE,FALSE,,Default,FALSE,58 ซอย ตรอกศรีรับสุข ซอย วิภาวดี 62 ,ตลาดบางเขน หลักสี่,10210,กรุงเทพมหานคร,,0-2973-5440,,0-2973-4425,,,,,Weeranuwat S.
res_partner_supplier_304,บริษัท วี.เมน.ฟิลส์ (ประเทศไทย) จำกัด,,30 Days,,TRUE,TRUE,FALSE,,Default,FALSE,284 หมู่ 4 นิคมอุตสาหกรรมลาดกระบัง เขตทั่วไป โครงการ 3 ฉลองกรุง,ลำปลาทิว ลาดกระบัง,10520,กรุงเทพมหานคร,,0-2326-0100,,0-2326-0155,,,,,Somboon T.
res_partner_supplier_305,บริษัท วี.ดับบลิว.กรุ๊ป จำกัด,,30 Days,,TRUE,TRUE,FALSE,,Default,FALSE,68/79 หมู่ 6 ซอย บางใหญ่ซิตี้ กาญจนาภิเษก,เสาธงหิน บางใหญ่,11140,นนทบุรี,,0-2903-3190-2,,0-2903-3193,,,,,Chatchai T.
res_partner_supplier_306,บริษัท วาลิเทค จำกัด,,Cash,100000,TRUE,TRUE,FALSE,,Default,FALSE,274 อาคารเอ 2 ชั้น 1 ซอย ศูนย์วิจัย 4 พระราม 9,บางกะปิ ห้วยขวาง,10320,กรุงเทพมหานคร,,0-2319-9769,,0-2319-9770,,,,,Surasak S.
res_partner_supplier_307,ห้างหุ้นส่วนจำกัด วีอาร์ เอ็กซ์เพิร์ท,,Cash,,TRUE,TRUE,FALSE,,Default,FALSE,100/3 หมู่ 7 ราษฎร์พัฒนา,สะพานสูง สะพานสูง,10240,กรุงเทพมหานคร,,0-2917-3440,,0-2917-3441,,,,,Weeranuwat S.
res_partner_supplier_308,บริษัท วี.ที.ซี. คูล จำกัด,,60 Days,,TRUE,TRUE,FALSE,,Default,FALSE,82/92 หมู่ 6 ,ท่าทราย เมือง,74000,สมุทรสาคร,,0-3481-0688,08-6315-0272,0-3442-1473,,,,,Weeranuwat S.
res_partner_supplier_309,บริษัท วีโอวี อินเตอร์เนชั่นแนบ จำกัด,,Cash,,TRUE,TRUE,FALSE,,Default,FALSE,51/1004 หมู่ 2 ลำลูกกา,คูคต ลำลูกกา,12130,ปทุมธานี,,0-2995-7470-5,,0-2995-7475,,,,,Dusit T.
res_partner_supplier_310,บริษัท เวคเตอร์ไทย เทคโนโลยี จำกัด,,30 Days,,TRUE,TRUE,FALSE,,Default,FALSE,299 ซอย ลาดพร้าว 101 ลาดพร้าว,คลองจั่น บางกะปิ,10240,กรุงเทพมหานคร,,"0-2736-9288, 0-2736-9588",,0-2376-0860,,,,,Surasak S.
res_partner_supplier_311,บริษัท วรธนาวงศ์ จำกัด,,30 Days,,TRUE,TRUE,FALSE,,Default,FALSE,77/16 หมู่ 10 ,บางม่วง บางใหญ่,11140,นนทบุรี,,"0-2443-6667-9, 0-2921-4137-9",,0-2921-4145,,,,,Chairat S.
res_partner_supplier_312,บริษัท เวสเทิร์น สตาร์ คอนสตรัคชั่น (2000) จำกัด,,Cash,,TRUE,TRUE,FALSE,,Default,FALSE,339/31 หมู่ 1 ,ปากแพรก เมือง,71000,กาญจนบุรี,,0-3424-1187,08-1434-9266,0-3424-1187,,,,,Chatchai T.
res_partner_supplier_313,บริษัท วินด์ชิลล์ จำกัด,,30 Days,,TRUE,TRUE,FALSE,,Default,FALSE,159/16 หมู่ 17 กาญจนาภิเษก,ศาลาธรรมสพน์ ทวีวัฒนา,10170,กรุงเทพมหานคร,,0-2885-2995-97,,0-2885-2998,,,,,Chatchai T.
res_partner_supplier_314,บริษัท วูวี่ คอร์ปอเรชั่น จำกัด,,Cash,,TRUE,TRUE,FALSE,,Default,FALSE,333 หมู่ 9 ศรีนครินทร์,บางนา บางนา,10260,กรุงเทพมหานคร,,0-2748-7420-1,,0-2748-7420,,,,,Chairat S.
res_partner_supplier_315,บริษัท ยงไถ่ คอนสตรัคชั่น จำกัด,,Cash,,TRUE,TRUE,FALSE,,Default,FALSE,4 ซอย สุขุมวิท 101/1 สุขุมวิท,บางจาก พระโขนง,10260,กรุงเทพมหานคร,,0-2743-9240-3,,0-2743-9240,,,,,Chairat S.
res_partner_supplier_316,ห้างหุ้นส่วนจำกัด วาย.โอ.เอส ชัยยศเซอร์วิส,,Cash,100000,TRUE,TRUE,FALSE,,Default,FALSE,31/13 หมู่ 4 ,บ้านม้า บางไทร,13190,พระนครศรีอยุธยา,,0-3571-8115,,0-3571-8115,,,,,Surasak S.
