"id","loc_rack","loc_row","loc_case"
"product.product_part_1","01-08",,"โกดังอะลูมิเนียม"
"product.product_part_2","01-07",,"โกดังอะลูมิเนียม"
"product.product_part_3",,,"โกดังอะลูมิเนียม"
"product.product_part_4","01-23",,"โกดังอะลูมิเนียม"
"product.product_part_5","01-01",,"โกดังอะลูมิเนียม"
"product.product_part_6","01-15",,"โกดังอะลูมิเนียม"
"product.product_part_7","01-22",,"โกดังอะลูมิเนียม"
"product.product_part_8","01-23",,"โกดังอะลูมิเนียม"
"product.product_part_9","01-07",,"โกดังอะลูมิเนียม"
"product.product_part_10","01-10",,"โกดังอะลูมิเนียม"
"product.product_part_11",,,"โกดังอะลูมิเนียม"
"product.product_part_12","01-15",,"โกดังอะลูมิเนียม"
"product.product_part_13","01-07",,"โกดังอะลูมิเนียม"
"product.product_part_14","01-06",,"โกดังอะลูมิเนียม"
"product.product_part_15","01-06",,"โกดังอะลูมิเนียม"
"product.product_part_16","01-03",,"โกดังอะลูมิเนียม"
"product.product_part_17","01-06",,"โกดังอะลูมิเนียม"
"product.product_part_18","01-16",,"โกดังอะลูมิเนียม"
"product.product_part_19","01-16",,"โกดังอะลูมิเนียม"
"product.product_part_20","01-02",,"โกดังอะลูมิเนียม"
"product.product_part_21","01-08",,"โกดังอะลูมิเนียม"
"product.product_part_22","01-19",,"โกดังอะลูมิเนียม"
"product.product_part_23","01-19",,"โกดังอะลูมิเนียม"
"product.product_part_24","01-03",,"โกดังอะลูมิเนียม"
"product.product_part_25","01-03",,"โกดังอะลูมิเนียม"
"product.product_part_26","01-19",,"โกดังอะลูมิเนียม"
"product.product_part_27","01-19",,"โกดังอะลูมิเนียม"
"product.product_part_28","01-09",,"โกดังอะลูมิเนียม"
"product.product_part_29",,,"โกดังอะลูมิเนียม"
"product.product_part_30","01-11",,"โกดังอะลูมิเนียม"
"product.product_part_31","01-11",,"โกดังอะลูมิเนียม"
"product.product_part_32","01-08",,"โกดังอะลูมิเนียม"
"product.product_part_33",,,"โกดังอะลูมิเนียม"
"product.product_part_34","01-11",,"โกดังอะลูมิเนียม"
"product.product_part_35","01-11",,"โกดังอะลูมิเนียม"
"product.product_part_36",,,"โกดังอะลูมิเนียม"
"product.product_part_37","01-04",,"โกดังอะลูมิเนียม"
"product.product_part_38","01-05",,"โกดังอะลูมิเนียม"
"product.product_part_39","01-05",,"โกดังอะลูมิเนียม"
"product.product_part_40","01-06",,"โกดังอะลูมิเนียม"
"product.product_part_41","01-17",,"โกดังอะลูมิเนียม"
"product.product_part_42",,,"โกดังอะลูมิเนียม"
"product.product_part_43","01-20",,"โกดังอะลูมิเนียม"
"product.product_part_44",,,"โกดังอะลูมิเนียม"
"product.product_part_45",,,"โกดังอะลูมิเนียม"
"product.product_part_46","01-04",,"โกดังอะลูมิเนียม"
"product.product_part_47","01-04",,"โกดังอะลูมิเนียม"
"product.product_part_47-1","01-08",,"โกดังอะลูมิเนียม"
"product.product_part_48","01-07",,"โกดังอะลูมิเนียม"
"product.product_part_49",,,"โกดังอะลูมิเนียม"
"product.product_part_50","01-07",,"โกดังอะลูมิเนียม"
"product.product_part_51",,,"โกดังอะลูมิเนียม"
"product.product_part_52","01-06",,"โกดังอะลูมิเนียม"
"product.product_part_53",,,"โกดังอะลูมิเนียม"
"product.product_part_54",,,"โกดังอะลูมิเนียม"
"product.product_part_55",,,"โกดังอะลูมิเนียม"
"product.product_part_56","01-06",,"โกดังอะลูมิเนียม"
"product.product_part_57",,,"โกดังอะลูมิเนียม"
"product.product_part_58","01-06",,"โกดังอะลูมิเนียม"
"product.product_part_59",,,"โกดังอะลูมิเนียม"
"product.product_part_60","01-06",,"โกดังอะลูมิเนียม"
"product.product_part_61",,,"โกดังอะลูมิเนียม"
"product.product_part_62","01-13",,"โกดังอะลูมิเนียม"
"product.product_part_63","01-13",,"โกดังอะลูมิเนียม"
"product.product_part_64","01-02",,"โกดังอะลูมิเนียม"
"product.product_part_65","01-08",,"โกดังอะลูมิเนียม"
"product.product_part_66","01-09",,"โกดังอะลูมิเนียม"
"product.product_part_67","01-09",,"โกดังอะลูมิเนียม"
"product.product_part_68","01-10",,"โกดังอะลูมิเนียม"
"product.product_part_69","01-08",,"โกดังอะลูมิเนียม"
"product.product_part_70","01-04",,"โกดังอะลูมิเนียม"
"product.product_part_71","01-04",,"โกดังอะลูมิเนียม"
"product.product_part_72","01-01",,"โกดังอะลูมิเนียม"
"product.product_part_73",,,"โกดังอะลูมิเนียม"
"product.product_part_74","01-01",,"โกดังอะลูมิเนียม"
"product.product_part_75",,,"โกดังอะลูมิเนียม"
"product.product_part_76","01-13",,"โกดังอะลูมิเนียม"
"product.product_part_77","01-08",,"โกดังอะลูมิเนียม"
"product.product_part_78","01-06",,"โกดังอะลูมิเนียม"
"product.product_part_79","01-09",,"โกดังอะลูมิเนียม"
"product.product_part_80","01-10",,"โกดังอะลูมิเนียม"
"product.product_part_81","01-12",,"โกดังอะลูมิเนียม"
"product.product_part_82","01-12",,"โกดังอะลูมิเนียม"
"product.product_part_83","01-02",,"โกดังอะลูมิเนียม"
"product.product_part_84",,,"โกดังอะลูมิเนียม"
"product.product_part_85","01-22",,"โกดังอะลูมิเนียม"
"product.product_part_86","01-22",,"โกดังอะลูมิเนียม"
"product.product_part_87",,,"โกดังอะลูมิเนียม"
"product.product_part_88","01-03",,"โกดังอะลูมิเนียม"
"product.product_part_89","01-04",,"โกดังอะลูมิเนียม"
"product.product_part_90","01-04",,"โกดังอะลูมิเนียม"
"product.product_part_91",,,"โกดังอะลูมิเนียม"
"product.product_part_92","01-17",,"โกดังอะลูมิเนียม"
"product.product_part_93","01-10",,"โกดังอะลูมิเนียม"
"product.product_part_94","01-14",,"โกดังอะลูมิเนียม"
"product.product_part_95","01-10",,"โกดังอะลูมิเนียม"
"product.product_part_96","01-12",,"โกดังอะลูมิเนียม"
"product.product_part_97",,,"โกดังอะลูมิเนียม"
"product.product_part_98","01-01",,"โกดังอะลูมิเนียม"
"product.product_part_99",,,"โกดังอะลูมิเนียม"
"product.product_part_100","01-05",,"โกดังอะลูมิเนียม"
"product.product_part_101","01-22",,"โกดังอะลูมิเนียม"
"product.product_part_102","01-22",,"โกดังอะลูมิเนียม"
"product.product_part_103","01-11",,"โกดังอะลูมิเนียม"
"product.product_part_104","01-02",,"โกดังอะลูมิเนียม"
"product.product_part_105","01-10",,"โกดังอะลูมิเนียม"
"product.product_part_106","01-10",,"โกดังอะลูมิเนียม"
"product.product_part_107","01-10",,"โกดังอะลูมิเนียม"
"product.product_part_108",,,"โกดังอะลูมิเนียม"
"product.product_part_109","01-10",,"โกดังอะลูมิเนียม"
"product.product_part_110","01-10",,"โกดังอะลูมิเนียม"
"product.product_part_111",,,"โกดังอะลูมิเนียม"
"product.product_part_112",,,"โกดังอะลูมิเนียม"
"product.product_part_113","01-08",,"โกดังอะลูมิเนียม"
"product.product_part_114",,,"โกดังอะลูมิเนียม"
"product.product_part_115","01-01",,"โกดังอะลูมิเนียม"
"product.product_part_116",,,"โกดังอะลูมิเนียม"
"product.product_part_117","01-13",,"โกดังอะลูมิเนียม"
"product.product_part_118","01-21",,"โกดังอะลูมิเนียม"
"product.product_part_119","01-21",,"โกดังอะลูมิเนียม"
"product.product_part_120","01-13",,"โกดังอะลูมิเนียม"
"product.product_part_121","01-02",,"โกดังอะลูมิเนียม"
"product.product_part_122","01-22",,"โกดังอะลูมิเนียม"
"product.product_part_123","01-23",,"โกดังอะลูมิเนียม"
"product.product_part_124","01-05",,"โกดังอะลูมิเนียม"
"product.product_part_125","01-04",,"โกดังอะลูมิเนียม"
"product.product_part_126","01-01",,"โกดังอะลูมิเนียม"
"product.product_part_127","01-02",,"โกดังอะลูมิเนียม"
"product.product_part_128","01-02",,"โกดังอะลูมิเนียม"
"product.product_part_129",,,"โกดังอะลูมิเนียม"
"product.product_part_130","01-05",,"โกดังอะลูมิเนียม"
"product.product_part_131","01-09",,"โกดังอะลูมิเนียม"
"product.product_part_132","01-20",,"โกดังอะลูมิเนียม"
"product.product_part_133","01-10",,"โกดังอะลูมิเนียม"
"product.product_part_134",,,"โกดังอะลูมิเนียม"
"product.product_part_135",,,"โกดังอะลูมิเนียม"
"product.product_part_136","01-12",,"โกดังอะลูมิเนียม"
"product.product_part_137",,,"โกดังอะลูมิเนียม"
"product.product_part_138",,,"โกดังอะลูมิเนียม"
"product.product_part_139",,,"โกดังอะลูมิเนียม"
"product.product_part_140","01-12",,"โกดังอะลูมิเนียม"
"product.product_part_141",,,"โกดังอะลูมิเนียม"
"product.product_part_142","01-05",,"โกดังอะลูมิเนียม"
"product.product_part_143","01-06",,"โกดังอะลูมิเนียม"
"product.product_part_144","01-05",,"โกดังอะลูมิเนียม"
"product.product_part_145","01-05",,"โกดังอะลูมิเนียม"
"product.product_part_146","01-18",,"โกดังอะลูมิเนียม"
"product.product_part_147",,,"โกดังอะลูมิเนียม"
"product.product_part_148",,,"โกดังอะลูมิเนียม"
"product.product_part_149","01-12",,"โกดังอะลูมิเนียม"
"product.product_part_150",,,"โกดังอะลูมิเนียม"
"product.product_part_151",,,"โกดังอะลูมิเนียม"
"product.product_part_152",,,"โกดังอะลูมิเนียม"
"product.product_part_153","01-12",,"โกดังอะลูมิเนียม"
"product.product_part_154",,,"โกดังอะลูมิเนียม"
"product.product_part_155","01-02",,"โกดังอะลูมิเนียม"
"product.product_part_156","01-05",,"โกดังอะลูมิเนียม"
"product.product_part_157","01-13",,"โกดังอะลูมิเนียม"
"product.product_part_158","01-08",,"โกดังอะลูมิเนียม"
"product.product_part_159",,,"โกดังอะลูมิเนียม"
"product.product_part_160",,,"โกดังอะลูมิเนียม"
"product.product_part_161","01-11",,"โกดังอะลูมิเนียม"
"product.product_part_162",,,"โกดังอะลูมิเนียม"
"product.product_part_163","01-11",,"โกดังอะลูมิเนียม"
"product.product_part_164","01-12",,"โกดังอะลูมิเนียม"
"product.product_part_165","01-07",,"โกดังอะลูมิเนียม"
"product.product_part_166",,,"โกดังอะลูมิเนียม"
"product.product_part_167","01-15",,"โกดังอะลูมิเนียม"
"product.product_part_168","01-15",,"โกดังอะลูมิเนียม"
"product.product_part_169","01-03",,"โกดังอะลูมิเนียม"
"product.product_part_170",,,"โกดังอะลูมิเนียม"
"product.product_part_171","01-03",,"โกดังอะลูมิเนียม"
"product.product_part_172","01-03",,"โกดังอะลูมิเนียม"
"product.product_part_173",,,"โกดังอะลูมิเนียม"
"product.product_part_174","01-01",,"โกดังอะลูมิเนียม"
"product.product_part_175",,,"โกดังอะลูมิเนียม"
"product.product_part_176",,,"โกดังอะลูมิเนียม"
"product.product_part_177","01-10",,"โกดังอะลูมิเนียม"
"product.product_part_178","01-07",,"โกดังอะลูมิเนียม"
"product.product_part_179","01-08",,"โกดังอะลูมิเนียม"
"product.product_part_180","01-16",,"โกดังอะลูมิเนียม"
"product.product_part_181",,,"โกดังอะลูมิเนียม"
"product.product_part_182","01-20",,"โกดังอะลูมิเนียม"
"product.product_part_183","01-09",,"โกดังอะลูมิเนียม"
"product.product_part_184","01-04",,"โกดังอะลูมิเนียม"
"product.product_part_185","01-19",,"โกดังอะลูมิเนียม"
"product.product_part_186","01-06",,"โกดังอะลูมิเนียม"
"product.product_part_187","01-13",,"โกดังอะลูมิเนียม"
"product.product_part_188","01-13",,"โกดังอะลูมิเนียม"
"product.product_part_189",,,"โกดังอะลูมิเนียม"
"product.product_part_190","01-07",,"โกดังอะลูมิเนียม"
"product.product_part_191",,,"โกดังอะลูมิเนียม"
"product.product_part_192",,,"โกดังอะลูมิเนียม"
"product.product_part_193","01-20",,"โกดังอะลูมิเนียม"
"product.product_part_194",,,"โกดังอะลูมิเนียม"
"product.product_part_195",,,"โกดังอะลูมิเนียม"
"product.product_part_196","01-18",,"โกดังอะลูมิเนียม"
"product.product_part_197","01-22",,"โกดังอะลูมิเนียม"
"product.product_part_198","01-02",,"โกดังอะลูมิเนียม"
"product.product_part_199","01-12",,"โกดังอะลูมิเนียม"
"product.product_part_200","01-23",,"โกดังอะลูมิเนียม"
"product.product_part_201","01-10",,"โกดังอะลูมิเนียม"
"product.product_part_202","01-09",,"โกดังอะลูมิเนียม"
"product.product_part_203",,,"โกดังอะลูมิเนียม"
"product.product_part_204",,,"โกดังอะลูมิเนียม"
"product.product_part_205","01-17",,"โกดังอะลูมิเนียม"
"product.product_part_206","01-20",,"โกดังอะลูมิเนียม"
"product.product_part_207","01-18",,"โกดังอะลูมิเนียม"
"product.product_part_208","01-06",,"โกดังอะลูมิเนียม"
"product.product_part_209","01-15",,"โกดังอะลูมิเนียม"
"product.product_part_210",,,"โกดังอะลูมิเนียม"
"product.product_part_211","01-08",,"โกดังอะลูมิเนียม"
"product.product_part_212","01-04",,"โกดังอะลูมิเนียม"
"product.product_part_213",,,"โกดังอะลูมิเนียม"
"product.product_part_214","01-03",,"โกดังอะลูมิเนียม"
"product.product_part_215","01-03",,"โกดังอะลูมิเนียม"
"product.product_part_216",,,"โกดังอะลูมิเนียม"
"product.product_part_217","01-12",,"โกดังอะลูมิเนียม"
"product.product_part_218",,,"โกดังอะลูมิเนียม"
"product.product_part_219",,,"โกดังอะลูมิเนียม"
"product.product_part_220",,,"โกดังอะลูมิเนียม"
"product.product_part_221",,,"โกดังอะลูมิเนียม"
"product.product_part_222",,,"โกดังอะลูมิเนียม"
"product.product_part_223",,,"โกดังอะลูมิเนียม"
"product.product_part_224","01-08",,"โกดังอะลูมิเนียม"
"product.product_part_225",,,"โกดังอะลูมิเนียม"
"product.product_part_226",,,"โกดังอะลูมิเนียม"
"product.product_part_227","01-03",,"โกดังอะลูมิเนียม"
"product.product_part_228","01-17",,"โกดังอะลูมิเนียม"
"product.product_part_229",,,"โกดังอะลูมิเนียม"
"product.product_part_230","01-06",,"โกดังอะลูมิเนียม"
"product.product_part_231","01-06",,"โกดังอะลูมิเนียม"
"product.product_part_232",,,"โกดังอะลูมิเนียม"
"product.product_part_233",,,"โกดังอะลูมิเนียม"
"product.product_part_234",,,"โกดังอะลูมิเนียม"
"product.product_part_235",,,"โกดังอะลูมิเนียม"
"product.product_part_236","01-03",,"โกดังอะลูมิเนียม"
"product.product_part_237","01-23",,"โกดังอะลูมิเนียม"
"product.product_part_238",,,"โกดังอะลูมิเนียม"
"product.product_part_239","01-12",,"โกดังอะลูมิเนียม"
"product.product_part_240","01-23",,"โกดังอะลูมิเนียม"
"product.product_part_241",,,"โกดังอะลูมิเนียม"
"product.product_part_242","01-03",,"โกดังอะลูมิเนียม"
"product.product_part_243","01-03",,"โกดังอะลูมิเนียม"
"product.product_part_244",,,"โกดังอะลูมิเนียม"
"product.product_part_245","01-19",,"โกดังอะลูมิเนียม"
"product.product_part_246","01-15",,"โกดังอะลูมิเนียม"
"product.product_part_247",,,"โกดังอะลูมิเนียม"
"product.product_part_248","01-10",,"โกดังอะลูมิเนียม"
"product.product_part_249","01-07",,"โกดังอะลูมิเนียม"
"product.product_part_250","01-10",,"โกดังอะลูมิเนียม"
"product.product_part_251","01-20",,"โกดังอะลูมิเนียม"
"product.product_part_252","01-19",,"โกดังอะลูมิเนียม"
"product.product_part_253",,,"โกดังอะลูมิเนียม"
"product.product_part_254","01-07",,"โกดังอะลูมิเนียม"
"product.product_part_255","01-23",,"โกดังอะลูมิเนียม"
"product.product_part_256",,,"โกดังอะลูมิเนียม"
"product.product_part_257","01-17",,"โกดังอะลูมิเนียม"
"product.product_part_258",,,"โกดังอะลูมิเนียม"
"product.product_part_259",,,"โกดังอะลูมิเนียม"
"product.product_part_260","01-19",,"โกดังอะลูมิเนียม"
"product.product_part_261","01-18",,"โกดังอะลูมิเนียม"
"product.product_part_262","01-19",,"โกดังอะลูมิเนียม"
"product.product_part_263","01-20",,"โกดังอะลูมิเนียม"
"product.product_part_264",,,"โกดังอะลูมิเนียม"
"product.product_part_265","01-19",,"โกดังอะลูมิเนียม"
"product.product_part_266",,,"โกดังอะลูมิเนียม"
"product.product_part_267",,,"โกดังอะลูมิเนียม"
"product.product_part_268",,,"โกดังอะลูมิเนียม"
"product.product_part_269",,,"โกดังอะลูมิเนียม"
"product.product_part_270",,,"โกดังอะลูมิเนียม"
"product.product_part_271",,,"โกดังอะลูมิเนียม"
"product.product_part_272",,,"โกดังอะลูมิเนียม"
"product.product_part_273",,,"โกดังอะลูมิเนียม"
"product.product_part_274",,,"โกดังอะลูมิเนียม"
"product.product_part_275",,,"โกดังอะลูมิเนียม"
"product.product_part_276",,,"โกดังอะลูมิเนียม"
"product.product_part_277",,,"โกดังอะลูมิเนียม"
"product.product_part_278",,,"โกดังอะลูมิเนียม"
"product.product_part_279","Palete",,"Store ชั้น 2"
"product.product_part_280","Palete",,"Store ชั้น 2"
"product.product_part_281","Palete",,"Store ชั้น 2"
"product.product_part_282","02-02",,"Store ชั้น 2"
"product.product_part_283","02-02",,"Store ชั้น 2"
"product.product_part_284","02-02",,"Store ชั้น 2"
"product.product_part_285","Palete",,"Store ชั้น 2 New"
"product.product_part_286","Palete",,"Store ชั้น 2"
"product.product_part_287","02-01",,"Store ชั้น 2"
"product.product_part_288","02-01",,"Store ชั้น 2"
"product.product_part_289","02-01",,"Store ชั้น 2"
"product.product_part_290","02-01",,"Store ชั้น 2"
"product.product_part_291","Palete",,"Store ชั้น 2"
"product.product_part_292","02-01",,"Store ชั้น 2"
"product.product_part_293","02-01",,"Store ชั้น 2"
"product.product_part_294","Palete",,"ด้านล่าง"
"product.product_part_295","Palete",,"Store ชั้น 2"
"product.product_part_296","Palete",,"Store ชั้น 2"
"product.product_part_297","ซิลิโคน",,"ห้องเคมี"
"product.product_part_298","02-02",,"Store ชั้น 2"
"product.product_part_299","02-02",,"Store ชั้น 2"
"product.product_part_300","ซิลิโคน",,"ห้องเคมี"
"product.product_part_301","Palete",,"Store ชั้น 2"
"product.product_part_302","Palete",,"Store ชั้น 2 New"
"product.product_part_303","Palete",,"Store ชั้น 2"
"product.product_part_304","02-02",,"Store ชั้น 2"
"product.product_part_305","02-02",,"Store ชั้น 2"
"product.product_part_306","02-02",,"Store ชั้น 2"
"product.product_part_307","02-03",,"Store ชั้น 2"
"product.product_part_308","Palete",,"Store ชั้น 2 New"
"product.product_part_309","02-09",,"Store ชั้น 2"
"product.product_part_310","02-03",,"Store ชั้น 2"
"product.product_part_311","02-08",,"Store ชั้น 2"
"product.product_part_312","02-03",,"Store ชั้น 2"
"product.product_part_313","Palete",,"Store ชั้น 2"
"product.product_part_314","02-03",,"Store ชั้น 2"
"product.product_part_315","Palete",,"Store ชั้น 2 New"
"product.product_part_316","Palete",,"Store ชั้น 2 New"
"product.product_part_317","02-03",,"Store ชั้น 2"
"product.product_part_318","02-03",,"Store ชั้น 2"
"product.product_part_319","02-03",,"Store ชั้น 2"
"product.product_part_320","02-03",,"Store ชั้น 2"
"product.product_part_321","02-03",,"Store ชั้น 2"
"product.product_part_322","02-03",,"Store ชั้น 2"
"product.product_part_323","02-03",,"Store ชั้น 2"
"product.product_part_324",,,"ไม่มีของ"
"product.product_part_325","02-03",,"Store ชั้น 2"
"product.product_part_326","02-03",,"Store ชั้น 2"
"product.product_part_327","02-03",,"Store ชั้น 2"
"product.product_part_328","02-03",,"Store ชั้น 2"
"product.product_part_329","02-03",,"Store ชั้น 2"
"product.product_part_330",,,"ไม่มีของ"
"product.product_part_331","ซิลิโคน",,"ห้องเคมี"
"product.product_part_332","ซิลิโคน",,"ห้องเคมี"
"product.product_part_333","02-09",,"Store ชั้น 2"
"product.product_part_334","02-03",,"Store ชั้น 2"
"product.product_part_335","02-03",,"Store ชั้น 2"
"product.product_part_336","02-03",,"Store ชั้น 2"
"product.product_part_337","02-03",,"Store ชั้น 2"
"product.product_part_338","02-03",,"Store ชั้น 2"
"product.product_part_339","02-04",,"Store ชั้น 2"
"product.product_part_340","กระจก",,"โกดังคอยล์"
"product.product_part_341","02-04",,"Store ชั้น 2"
"product.product_part_342","ซิลิโคน",,"ห้องเคมี"
"product.product_part_343","02-04",,"Store ชั้น 2"
"product.product_part_344","02-04",,"Store ชั้น 2"
"product.product_part_345","02-04",,"Store ชั้น 2"
"product.product_part_346","02-04",,"Store ชั้น 2"
"product.product_part_347","02-04",,"Store ชั้น 2"
"product.product_part_348","02-04",,"Store ชั้น 2"
"product.product_part_349","Palete",,"Store ชั้น 2 New"
"product.product_part_350","02-04",,"Store ชั้น 2"
"product.product_part_351","02-04",,"Store ชั้น 2"
"product.product_part_352","02-04",,"Store ชั้น 2"
"product.product_part_353",,,"Store ชั้น 2"
"product.product_part_354","02-04",,"Store ชั้น 2"
"product.product_part_355","02-04",,"Store ชั้น 2"
"product.product_part_356","02-05",,"Store ชั้น 2"
"product.product_part_357","02-05",,"Store ชั้น 2"
"product.product_part_358","02-05",,"Store ชั้น 2"
"product.product_part_359","02-05",,"Store ชั้น 2"
"product.product_part_360","02-05",,"Store ชั้น 2"
"product.product_part_361","02-05",,"Store ชั้น 2"
"product.product_part_362","02-05",,"Store ชั้น 2"
"product.product_part_363","02-05",,"Store ชั้น 2"
"product.product_part_364","02-05",,"Store ชั้น 2"
"product.product_part_365","02-05",,"Store ชั้น 2"
"product.product_part_366","02-05",,"Store ชั้น 2"
"product.product_part_367","02-05",,"Store ชั้น 2"
"product.product_part_368","02-05",,"Store ชั้น 2"
"product.product_part_369","02-12",,"Store ชั้น 2"
"product.product_part_370",,,"Store ชั้น 2"
"product.product_part_371",,,"ไม่มีของ"
"product.product_part_372","02-05",,"Store ชั้น 2"
"product.product_part_373","02-06",,"Store ชั้น 2"
"product.product_part_374","02-06",,"Store ชั้น 2"
"product.product_part_375","02-05",,"Store ชั้น 2"
"product.product_part_376","02-06",,"Store ชั้น 2"
"product.product_part_377","02-06",,"Store ชั้น 2"
"product.product_part_378","02-06",,"Store ชั้น 2"
"product.product_part_379","02-06",,"Store ชั้น 2"
"product.product_part_380","ซิลิโคน",,"ห้องเคมี"
"product.product_part_381","02-06",,"Store ชั้น 2"
"product.product_part_382","02-06",,"Store ชั้น 2"
"product.product_part_383","02-09",,"Store ชั้น 2"
"product.product_part_384","02-06",,"Store ชั้น 2"
"product.product_part_385","02-06",,"Store ชั้น 2"
"product.product_part_386","02-06",,"Store ชั้น 2"
"product.product_part_387","02-06",,"Store ชั้น 2"
"product.product_part_388","02-07",,"Store ชั้น 2"
"product.product_part_389","ซิลิโคน",,"ห้องเคมี"
"product.product_part_390","Palete",,"Store ชั้น 2"
"product.product_part_391","02-10",,"Store ชั้น 2"
"product.product_part_392","02-07",,"Store ชั้น 2"
"product.product_part_393","02-11",,"Store ชั้น 2"
"product.product_part_394","Palete",,"ด้านล่าง"
"product.product_part_395","Palete",,"Store ชั้น 2 New"
"product.product_part_396","Palete",,"Store ชั้น 2 New"
"product.product_part_397","Palete",,"Store ชั้น 2 New"
"product.product_part_398","Palete",,"Store ชั้น 2 New"
"product.product_part_399","02-07",,"Store ชั้น 2"
"product.product_part_400",,,"ไม่มีของ"
"product.product_part_401",,,"ไม่มีของ"
"product.product_part_402","กระจก",,"โกดังคอยล์"
"product.product_part_403","02-07",,"Store ชั้น 2"
"product.product_part_404","02-12",,"Store ชั้น 2"
"product.product_part_405","02-07",,"Store ชั้น 2"
"product.product_part_406","02-07",,"Store ชั้น 2"
"product.product_part_407",,,"ไม่มีของ"
"product.product_part_408","02-07",,"Store ชั้น 2"
"product.product_part_409","02-01",,"Store ชั้น 2"
"product.product_part_410","กระจก",,"โกดังคอยล์"
"product.product_part_411","02-09",,"Store ชั้น 2"
"product.product_part_412","02-08",,"Store ชั้น 2"
"product.product_part_413","04-09",,"ออฟฟิสสโตร์"
"product.product_part_414","04-09",,"ออฟฟิสสโตร์"
"product.product_part_415","04-09",,"ออฟฟิสสโตร์"
"product.product_part_416","ข้างห้องเคมี",,"ด้านล่าง"
"product.product_part_417","02-08",,"Store ชั้น 2"
"product.product_part_418","02-09",,"Store ชั้น 2"
"product.product_part_419","02-08",,"Store ชั้น 2"
"product.product_part_420","02-08",,"Store ชั้น 2"
"product.product_part_421","02-08",,"Store ชั้น 2"
"product.product_part_422",,,"ไม่มีของ"
"product.product_part_423","Palete",,"Store ชั้น 2 New"
"product.product_part_424","Palete",,"Store ชั้น 2 New"
"product.product_part_425","02-09",,"Store ชั้น 2"
"product.product_part_426","02-09",,"Store ชั้น 2"
"product.product_part_427",,,"ไม่มีของ"
"product.product_part_428","02-07",,"Store ชั้น 2"
"product.product_part_429","Palete",,"Store ชั้น 2 New"
"product.product_part_430","Palete",,"Store ชั้น 2"
"product.product_part_431","Palete",,"Store ชั้น 2"
"product.product_part_432","Palete",,"Store ชั้น 2 New"
"product.product_part_433","02-10",,"Store ชั้น 2"
"product.product_part_434","02-10",,"Store ชั้น 2"
"product.product_part_435","02-11",,"Store ชั้น 2"
"product.product_part_436","02-09",,"Store ชั้น 2"
"product.product_part_437","02-09",,"Store ชั้น 2"
"product.product_part_438","02-10",,"Store ชั้น 2"
"product.product_part_439","02-10",,"Store ชั้น 2"
"product.product_part_440","02-11",,"Store ชั้น 2"
"product.product_part_441","02-12",,"Store ชั้น 2"
"product.product_part_442","02-12",,"Store ชั้น 2"
"product.product_part_443","02-10",,"Store ชั้น 2"
"product.product_part_444","02-10",,"Store ชั้น 2"
"product.product_part_445","Palete",,
"product.product_part_446","02-09",,"Store ชั้น 2"
"product.product_part_447",,,"ไม่มีของ"
"product.product_part_448","02-11",,"Store ชั้น 2"
"product.product_part_449","02-11",,"Store ชั้น 2"
"product.product_part_450","02-11",,"Store ชั้น 2"
"product.product_part_451","02-11",,"Store ชั้น 2"
"product.product_part_452","02-11",,"Store ชั้น 2"
"product.product_part_453","02-11",,"Store ชั้น 2"
"product.product_part_454","02-11",,"Store ชั้น 2"
"product.product_part_455","02-11",,"Store ชั้น 2"
"product.product_part_456","02-11",,"Store ชั้น 2"
"product.product_part_457","02-11",,"Store ชั้น 2"
"product.product_part_458","02-11",,"Store ชั้น 2"
"product.product_part_459","02-11",,"Store ชั้น 2"
"product.product_part_460","02-11",,"Store ชั้น 2"
"product.product_part_461","02-11",,"Store ชั้น 2"
"product.product_part_461-1","02-11",,"Store ชั้น 2"
"product.product_part_462","Palete",,"Store ชั้น 2"
"product.product_part_463","Palete",,"Store ชั้น 2"
"product.product_part_464","03-01",,"Store ชั้น 2"
"product.product_part_465","03-01",,"Store ชั้น 2"
"product.product_part_466","03-06",,"Store ชั้น 2"
"product.product_part_467",,,"โกดังคอยล์"
"product.product_part_468",,,"โกดังคอยล์"
"product.product_part_469","Palete",,"Store ชั้น 2"
"product.product_part_470","Palete",,"Store ชั้น 2"
"product.product_part_471","03-01",,"Store ชั้น 2"
"product.product_part_472","03-05",,"Store ชั้น 2"
"product.product_part_473","Palete",,"ด้านล่าง"
"product.product_part_474","03-05",,"Store ชั้น 2"
"product.product_part_475","03-01",,"Store ชั้น 2"
"product.product_part_476","03-06",,"Store ชั้น 2"
"product.product_part_477","Palete",,"Store ชั้น 2 New"
"product.product_part_478","03-01",,"Store ชั้น 2"
"product.product_part_479","Palete",,"Store ชั้น 2"
"product.product_part_480","03-01",,"Store ชั้น 2"
"product.product_part_481","Palete",,"Store ชั้น 2"
"product.product_part_482","ซิลิโคน",,"ห้องเคมี"
"product.product_part_483","ซิลิโคน",,"ห้องเคมี"
"product.product_part_484","03-06",,"Store ชั้น 2"
"product.product_part_485","03-06",,"Store ชั้น 2"
"product.product_part_486","03-06",,"Store ชั้น 2"
"product.product_part_487","03-06",,"Store ชั้น 2"
"product.product_part_488","03-06",,"Store ชั้น 2"
"product.product_part_489","03-06",,"Store ชั้น 2"
"product.product_part_490","03-06",,"Store ชั้น 2"
"product.product_part_491","03-06",,"Store ชั้น 2"
"product.product_part_492","03-01",,"Store ชั้น 2"
"product.product_part_493","03-03",,"Store ชั้น 2"
"product.product_part_494","Palete",,"Store ชั้น 2 New"
"product.product_part_495","03-06",,"Store ชั้น 2"
"product.product_part_496","03-06",,"Store ชั้น 2"
"product.product_part_497","03-06",,"Store ชั้น 2"
"product.product_part_498","03-02",,"Store ชั้น 2"
"product.product_part_499","03-02",,"Store ชั้น 2"
"product.product_part_500","03-02",,"Store ชั้น 2"
"product.product_part_501","03-02",,"Store ชั้น 2"
"product.product_part_502",,,"โกดังคอยล์"
"product.product_part_503",,,"ไม่มีของ"
"product.product_part_504","Palete",,"Store ชั้น 2"
"product.product_part_505","03-02",,"Store ชั้น 2"
"product.product_part_506","03-06",,"Store ชั้น 2"
"product.product_part_507","03-02",,"Store ชั้น 2"
"product.product_part_508","03-02",,"Store ชั้น 2"
"product.product_part_509","03-02",,"Store ชั้น 2"
"product.product_part_510","03-02",,"Store ชั้น 2"
"product.product_part_511","03-02",,"Store ชั้น 2"
"product.product_part_512","03-02",,"Store ชั้น 2"
"product.product_part_513","03-02",,"Store ชั้น 2"
"product.product_part_514","03-02",,"Store ชั้น 2"
"product.product_part_515","03-02",,"Store ชั้น 2"
"product.product_part_516","03-02",,"Store ชั้น 2"
"product.product_part_517","03-02",,"Store ชั้น 2"
"product.product_part_518","03-02",,"Store ชั้น 2"
"product.product_part_519","03-02",,"Store ชั้น 2"
"product.product_part_520","03-02",,"Store ชั้น 2"
"product.product_part_521","03-02",,"Store ชั้น 2"
"product.product_part_522","03-02",,"Store ชั้น 2"
"product.product_part_523","03-02",,"Store ชั้น 2"
"product.product_part_524","03-02",,"Store ชั้น 2"
"product.product_part_525","03-02",,"Store ชั้น 2"
"product.product_part_526","03-02",,"Store ชั้น 2"
"product.product_part_527","03-02",,"Store ชั้น 2"
"product.product_part_528","03-02",,"Store ชั้น 2"
"product.product_part_529","03-02",,"Store ชั้น 2"
"product.product_part_530","03-02",,"Store ชั้น 2"
"product.product_part_531","03-03",,"Store ชั้น 2"
"product.product_part_532","03-03",,"Store ชั้น 2"
"product.product_part_533","03-03",,"Store ชั้น 2"
"product.product_part_534","03-03",,"Store ชั้น 2"
"product.product_part_535","03-03",,"Store ชั้น 2"
"product.product_part_536","03-03",,"Store ชั้น 2"
"product.product_part_537","03-03",,"Store ชั้น 2"
"product.product_part_538","03-03",,"Store ชั้น 2"
"product.product_part_539","03-03",,"Store ชั้น 2"
"product.product_part_540","03-03",,"Store ชั้น 2"
"product.product_part_541","03-03",,"Store ชั้น 2"
"product.product_part_542",,,
"product.product_part_543","03-03",,"Store ชั้น 2"
"product.product_part_544","03-03",,"Store ชั้น 2"
"product.product_part_545","03-03",,"Store ชั้น 2"
"product.product_part_546","03-03",,"Store ชั้น 2"
"product.product_part_547","03-03",,"Store ชั้น 2"
"product.product_part_548","03-03",,"Store ชั้น 2"
"product.product_part_549","03-03",,"Store ชั้น 2"
"product.product_part_550","03-03",,"Store ชั้น 2"
"product.product_part_551",,,"ไม่มีของ"
"product.product_part_552",,,"ไม่มีของ"
"product.product_part_553","สีฝุ่น",,"ห้องเคมี"
"product.product_part_554","Palete",,"Store ชั้น 2 New"
"product.product_part_555","สีฝุ่น",,"ห้องเคมี"
"product.product_part_556","03-03",,"Store ชั้น 2"
"product.product_part_557","03-04",,"Store ชั้น 2"
"product.product_part_558","03-04",,"Store ชั้น 2"
"product.product_part_559",,,"ไม่มีของ"
"product.product_part_560",,,"ไม่มีของ"
"product.product_part_561","Palete",,"Store ชั้น 2 New"
"product.product_part_562",,,"โกดังอะลูมิเนียม"
"product.product_part_563","สีฝุ่น",,"ห้องเคมี"
"product.product_part_564","Palete",,"Store ชั้น 2"
"product.product_part_565",,,"Store ชั้น 2"
"product.product_part_566","03-04",,"Store ชั้น 2"
"product.product_part_567","03-04",,"Store ชั้น 2"
"product.product_part_568","03-04",,"Store ชั้น 2"
"product.product_part_569","03-04",,"Store ชั้น 2"
"product.product_part_570","03-04",,"Store ชั้น 2"
"product.product_part_571","03-04",,"Store ชั้น 2"
"product.product_part_572","ซิลิโคน",,"ห้องเคมี"
"product.product_part_573","03-04",,"Store ชั้น 2"
"product.product_part_574","03-04",,"Store ชั้น 2"
"product.product_part_575","03-04",,"Store ชั้น 2"
"product.product_part_576","03-05",,"Store ชั้น 2"
"product.product_part_577","03-04",,"Store ชั้น 2"
"product.product_part_578","สีฝุ่น",,"ห้องเคมี"
"product.product_part_579","สีฝุ่น",,"ห้องเคมี"
"product.product_part_580","สีฝุ่น",,"ห้องเคมี"
"product.product_part_581","Palete",,"Store ชั้น 2 New"
"product.product_part_582","03-04",,"Store ชั้น 2"
"product.product_part_583","สีฝุ่น",,"ห้องเคมี"
"product.product_part_584","สีฝุ่น",,"ห้องเคมี"
"product.product_part_585","สีฝุ่น",,"ห้องเคมี"
"product.product_part_586","Palete",,"ด้านล่าง"
"product.product_part_587","Palete",,"Store ชั้น 2"
"product.product_part_588","03-04",,"Store ชั้น 2"
"product.product_part_589","03-04",,"Store ชั้น 2"
"product.product_part_590","Palete",,"Store ชั้น 2"
"product.product_part_591","Palete",,"Store ชั้น 2"
"product.product_part_592","03-06",,"Store ชั้น 2"
"product.product_part_593","03-05",,"Store ชั้น 2"
"product.product_part_594","03-05",,"Store ชั้น 2"
"product.product_part_595","03-05",,"Store ชั้น 2"
"product.product_part_596","Palete",,"Store ชั้น 2 New"
"product.product_part_597","03-06",,"Store ชั้น 2"
"product.product_part_598","03-06",,"Store ชั้น 2"
"product.product_part_599","04-10",,"Store ชั้น 2"
"product.product_part_600","04-10",,"Store ชั้น 2"
"product.product_part_601","04-10",,"Store ชั้น 2"
"product.product_part_602","04-10",,"Store ชั้น 2"
"product.product_part_603","04-10",,"Store ชั้น 2"
"product.product_part_604","04-03",,"โกดังเก็บพีวีซี"
"product.product_part_605","04-10",,"โกดังเก็บพีวีซี"
"product.product_part_606","04-08",,"โกดังเก็บพีวีซี"
"product.product_part_607","04-20",,"โกดังเก็บพีวีซี"
"product.product_part_608","04-20",,"โกดังเก็บพีวีซี"
"product.product_part_609","04-04",,"โกดังเก็บพีวีซี"
"product.product_part_610","04-01",,"โกดังเก็บพีวีซี"
"product.product_part_611","04-01",,"โกดังเก็บพีวีซี"
"product.product_part_612","04-08",,"โกดังเก็บพีวีซี"
"product.product_part_613","04-19",,"โกดังเก็บพีวีซี"
"product.product_part_614","Palete",,"Store ชั้น 2 New"
"product.product_part_615","04-16",,"โกดังเก็บพีวีซี"
"product.product_part_616","Palete",,"Store ชั้น 2"
"product.product_part_617","Palete",,"Store ชั้น 2"
"product.product_part_618","Palete",,"Store ชั้น 2 New"
"product.product_part_619","Palete",,"Store ชั้น 2 New"
"product.product_part_620","Palete",,"Store ชั้น 2 New"
"product.product_part_621","Palete",,"Store ชั้น 2 New"
"product.product_part_622","04-04",,"Store ชั้น 2"
"product.product_part_623","04-14",,"โกดังเก็บพีวีซี"
"product.product_part_624","04-07",,"โกดังเก็บพีวีซี"
"product.product_part_625","04-03",,"โกดังเก็บพีวีซี"
"product.product_part_626","04-22",,"โกดังเก็บพีวีซี"
"product.product_part_627","04-05",,"โกดังเก็บพีวีซี"
"product.product_part_628","04-14",,"โกดังเก็บพีวีซี"
"product.product_part_629","04-07",,"โกดังเก็บพีวีซี"
"product.product_part_630","04-14",,"โกดังเก็บพีวีซี"
"product.product_part_631","04-04",,"Store ชั้น 2"
"product.product_part_632","04-07",,"โกดังเก็บพีวีซี"
"product.product_part_633","04-07",,"โกดังเก็บพีวีซี"
"product.product_part_634","04-02",,"โกดังเก็บพีวีซี"
"product.product_part_635","04-06",,"โกดังเก็บพีวีซี"
"product.product_part_636",,,"โกดังเก็บพีวีซี"
"product.product_part_637","04-01",,"Store ชั้น 2"
"product.product_part_638","04-01",,"Store ชั้น 2"
"product.product_part_639","04-01",,"Store ชั้น 2"
"product.product_part_640","04-07",,"Store ชั้น 2"
"product.product_part_641","04-02",,"Store ชั้น 2"
"product.product_part_642","04-02",,"Store ชั้น 2"
"product.product_part_643","04-02",,"Store ชั้น 2"
"product.product_part_644","04-08",,"Store ชั้น 2"
"product.product_part_645",,,"โกดังเก็บพีวีซี"
"product.product_part_646","04-01",,"โกดังเก็บพีวีซี"
"product.product_part_647","04-01",,"โกดังเก็บพีวีซี"
"product.product_part_648","04-05",,"โกดังเก็บพีวีซี"
"product.product_part_649","04-04",,"Store ชั้น 2"
"product.product_part_650","04-04",,"Store ชั้น 2"
"product.product_part_651","หน้าห้องเคมี",,"โกดังเก็บพีวีซี"
"product.product_part_652","04-04",,"Store ชั้น 2"
"product.product_part_653",,,"ไม่มีของ"
"product.product_part_654","04-03",,"Store ชั้น 2"
"product.product_part_655","04-03",,"Store ชั้น 2"
"product.product_part_656","04-01",,"โกดังเก็บพีวีซี"
"product.product_part_657","04-06",,"โกดังเก็บพีวีซี"
"product.product_part_658","04-07",,"Store ชั้น 2"
"product.product_part_659","04-05",,"Store ชั้น 2"
"product.product_part_660","04-05",,"Store ชั้น 2"
"product.product_part_661","04-05",,"Store ชั้น 2"
"product.product_part_662","04-05",,"Store ชั้น 2"
"product.product_part_663",,,"โกดังเก็บพีวีซี"
"product.product_part_664",,,"โกดังเก็บพีวีซี"
"product.product_part_665","04-05",,"Store ชั้น 2"
"product.product_part_666","04-03",,"โกดังเก็บพีวีซี"
"product.product_part_667","04-08",,"Store ชั้น 2"
"product.product_part_668","04-08",,"Store ชั้น 2"
"product.product_part_669","04-21",,"โกดังเก็บพีวีซี"
"product.product_part_670","04-08",,"Store ชั้น 2"
"product.product_part_671","04-06",,"Store ชั้น 2"
"product.product_part_672","04-08",,"โกดังเก็บพีวีซี"
"product.product_part_673","04-02",,"โกดังเก็บพีวีซี"
"product.product_part_674","04-05",,"โกดังเก็บพีวีซี"
"product.product_part_675","04-06",,"Store ชั้น 2"
"product.product_part_676","04-06",,"Store ชั้น 2"
"product.product_part_677","04-06",,"Store ชั้น 2"
"product.product_part_678","04-09",,"โกดังเก็บพีวีซี"
"product.product_part_679","04-10",,"โกดังเก็บพีวีซี"
"product.product_part_680","04-06",,"Store ชั้น 2"
"product.product_part_681","Palete",,"Store ชั้น 2 New"
"product.product_part_682","Palete",,"Store ชั้น 2 New"
"product.product_part_683","Palete",,"Store ชั้น 2 New"
"product.product_part_684","Palete",,"Store ชั้น 2 New"
"product.product_part_685","Palete",,"Store ชั้น 2 New"
"product.product_part_686","Palete",,"Store ชั้น 2 New"
"product.product_part_687","น้ำยาโฟม",,"ห้องเคมี"
"product.product_part_688","น้ำยาโฟม",,"ตู้คอนเทรนเนอร์"
"product.product_part_689","น้ำยาโฟม",,"ตู้คอนเทรนเนอร์"
"product.product_part_690","เหล็ก",,"โกดังเก็บคอยล์"
"product.product_part_691","เหล็ก",,"โกดังเก็บคอยล์"
"product.product_part_692","เหล็ก",,"โกดังเก็บคอยล์"
"product.product_part_693","เหล็ก",,"โกดังเก็บคอยล์"
"product.product_part_694","เหล็ก",,"โกดังเก็บคอยล์"
"product.product_part_695","เหล็ก",,"โกดังเก็บคอยล์"
"product.product_part_696","เหล็ก",,"โกดังเก็บคอยล์"
"product.product_part_697","เหล็ก",,"โกดังเก็บคอยล์"
"product.product_part_698","เหล็ก",,"โกดังเก็บคอยล์"
"product.product_part_699","เหล็ก",,"โกดังเก็บคอยล์"
"product.product_part_700","เหล็ก",,"โกดังเก็บคอยล์"
"product.product_part_701","เหล็ก",,"โกดังเก็บคอยล์"
"product.product_part_702","เหล็ก",,"โกดังเก็บคอยล์"
"product.product_part_703","เหล็ก",,"โกดังเก็บคอยล์"
"product.product_part_704","เหล็ก",,"โกดังเก็บคอยล์"
"product.product_part_705","เหล็ก",,"โกดังเก็บคอยล์"
"product.product_part_706","เหล็ก",,"โกดังเก็บคอยล์"
"product.product_part_707","01-08",,"โกดังอะลูมิเนียม"
"product.product_part_708",,,"โกดังอะลูมิเนียม"
"product.product_part_710","01-08",,"โกดังอะลูมิเนียม"
"product.product_part_711","01-20",,"โกดังอะลูมิเนียม"
"product.product_part_712","01-12",,"โกดังอะลูมิเนียม"
"product.product_part_713","01-12",,"โกดังอะลูมิเนียม"
"product.product_part_714",,,"โกดังอะลูมิเนียม"
"product.product_part_715","01-08",,"โกดังอะลูมิเนียม"
"product.product_part_716","01-21",,"โกดังอะลูมิเนียม"
"product.product_part_717","01-13",,"โกดังอะลูมิเนียม"
"product.product_part_718",,,"โกดังอะลูมิเนียม"
"product.product_part_719","01-13",,"โกดังอะลูมิเนียม"
"product.product_part_720","01-16",,"โกดังอะลูมิเนียม"
"product.product_part_721",,,"โกดังอะลูมิเนียม"
"product.product_part_722","01-02",,"โกดังอะลูมิเนียม"
"product.product_part_723","01-11",,"โกดังอะลูมิเนียม"
"product.product_part_724","01-02",,"โกดังอะลูมิเนียม"
"product.product_part_725","01-10",,"โกดังอะลูมิเนียม"
"product.product_part_726","01-07",,"โกดังอะลูมิเนียม"
"product.product_part_727","01-14",,"โกดังอะลูมิเนียม"
"product.product_part_728","01-19",,"โกดังอะลูมิเนียม"
"product.product_part_729",,,"โกดังอะลูมิเนียม"
"product.product_part_730","01-02",,"โกดังอะลูมิเนียม"
"product.product_part_731","01-22",,"โกดังอะลูมิเนียม"
"product.product_part_732","01-03",,"โกดังอะลูมิเนียม"
"product.product_part_733",,,"โกดังอะลูมิเนียม"
"product.product_part_734","01-06",,"โกดังอะลูมิเนียม"
"product.product_part_735","01-03",,"โกดังอะลูมิเนียม"
"product.product_part_736","01-13",,"โกดังอะลูมิเนียม"
"product.product_part_737","01-14",,"โกดังอะลูมิเนียม"
"product.product_part_738",,,"โกดังอะลูมิเนียม"
"product.product_part_739","01-13",,"โกดังอะลูมิเนียม"
"product.product_part_740","01-13",,"โกดังอะลูมิเนียม"
"product.product_part_742","01-05",,"โกดังอะลูมิเนียม"
"product.product_part_743","01-05",,"โกดังอะลูมิเนียม"
"product.product_part_744","01-12",,"โกดังอะลูมิเนียม"
"product.product_part_745",,,"โกดังอะลูมิเนียม"
"product.product_part_746","01-04",,"โกดังอะลูมิเนียม"
"product.product_part_747","01-22",,"โกดังอะลูมิเนียม"
"product.product_part_748",,,"โกดังอะลูมิเนียม"
"product.product_part_749","01-13",,"โกดังอะลูมิเนียม"
"product.product_part_750","01-18",,"โกดังอะลูมิเนียม"
"product.product_part_751",,,"โกดังอะลูมิเนียม"
"product.product_part_752","02-06",,"Store ชั้น 2"
"product.product_part_753",,,
"product.product_part_754",,,
"product.product_part_755",,,
"product.product_part_756",,,
"product.product_part_757",,,
"product.product_part_758",,,
"product.product_part_759",,,
"product.product_part_760",,,
"product.product_part_761",,,
