"id","name","default_code","categ_id","uom_id","uos_id","uos_coeff","loc_rack","loc_row","loc_case",,
"product.product_part_1","AL-U CAP 40X42X40 mm(NA.1)","SP01001","Aluminium","pcs","kg",3,"01-08",,"โกดังอะลูมิเนียม",,
"product.product_part_2","AL-U CAP 40X42X40 mm(MF)","SP01002","Aluminium","pcs","kg",3,"01-07",,"โกดังอะลูมิเนียม",,
"product.product_part_3","AL-U CAP 40X42X40 mm(OW)","SP01003","Aluminium","pcs","kg",3,,,"โกดังอะลูมิเนียม",,
"product.product_part_4","AL-U CAP 40X42X40 mm(AP)","SP01004","Aluminium","pcs","kg",3,"01-23",,"โกดังอะลูมิเนียม",,
"product.product_part_5","AL-U CAP 25X42X25(NA.1)","SP01005","Aluminium","pcs","kg",3,"01-01",,"โกดังอะลูมิเนียม",,
"product.product_part_6","AL-U CAP 25X42X25(MF)","SP01006","Aluminium","pcs","kg",3,"01-15",,"โกดังอะลูมิเนียม",,
"product.product_part_7","AL-U CAP 25X42X25(OW)","SP01007","Aluminium","pcs","kg",3,"01-22",,"โกดังอะลูมิเนียม",,
"product.product_part_8","AL-U CAP 25X42X25(AP)","SP01008","Aluminium","pcs","kg",3,"01-23",,"โกดังอะลูมิเนียม",,
"product.product_part_9","AL ANGLE 40X40X2(NA.1)","SP01009","Aluminium","pcs","kg",2,"01-07",,"โกดังอะลูมิเนียม",,
"product.product_part_10","AL ANGLE 40X40X2(MF)","SP01010","Aluminium","pcs","kg",2,"01-10",,"โกดังอะลูมิเนียม",,
"product.product_part_11","AL ANGLE 40X40X2(OW)","SP01011","Aluminium","pcs","kg",2,,,"โกดังอะลูมิเนียม",,
"product.product_part_12","AL ANGLE 40X40X2 (AP)","SP01012","Aluminium","pcs","kg",2,"01-15",,"โกดังอะลูมิเนียม",,
"product.product_part_13","AL ANGLE 40X80X2(MF)","SP01014","Aluminium","pcs","kg",3,"01-07",,"โกดังอะลูมิเนียม",,
"product.product_part_14","AL ANGLE 40X80X2(OW)","SP01015","Aluminium","pcs","kg",3,"01-06",,"โกดังอะลูมิเนียม",,
"product.product_part_15","AL ANGLE 40X80X2(AP)","SP01016","Aluminium","pcs","kg",3,"01-06",,"โกดังอะลูมิเนียม",,
"product.product_part_16","AL DIE 0202 เสาข้างสวิง(NA.1)","SP01017","Aluminium","pcs","kg",5,"01-03",,"โกดังอะลูมิเนียม",,
"product.product_part_17","AL DIE 0202 เสาข้างสวิง(MF)","SP01018","Aluminium","pcs","kg",5,"01-06",,"โกดังอะลูมิเนียม",,
"product.product_part_18","AL DIE 0202 เสาข้างสวิง(OW)","SP01019","Aluminium","pcs","kg",5,"01-16",,"โกดังอะลูมิเนียม",,
"product.product_part_19","AL DIE 0202 เสาข้างสวิง(AP)","SP01020","Aluminium","pcs","kg",5,"01-16",,"โกดังอะลูมิเนียม",,
"product.product_part_20","AL DIE 0203 เสาล่างสวิง(NA.1)","SP01021","Aluminium","pcs","kg",6,"01-02",,"โกดังอะลูมิเนียม",,
"product.product_part_21","AL DIE 0203 เสาล่างสวิง(MF)","SP01022","Aluminium","pcs","kg",6,"01-08",,"โกดังอะลูมิเนียม",,
"product.product_part_22","AL DIE 0203 เสาล่างสวิง(OW)","SP01023","Aluminium","pcs","kg",6,"01-19",,"โกดังอะลูมิเนียม",,
"product.product_part_23","AL DIE 0203 เสาล่างสวิง(AP)","SP01024","Aluminium","pcs","kg",6,"01-19",,"โกดังอะลูมิเนียม",,
"product.product_part_24","AL DIE 0201 เสาบนสวิง(NA.1)","SP01025","Aluminium","pcs","kg",5,"01-03",,"โกดังอะลูมิเนียม",,
"product.product_part_25","AL DIE 0201 เสาบนสวิง(MF)","SP01026","Aluminium","pcs","kg",5,"01-03",,"โกดังอะลูมิเนียม",,
"product.product_part_26","AL DIE 0201 เสาบนสวิง(OW)","SP01027","Aluminium","pcs","kg",5,"01-19",,"โกดังอะลูมิเนียม",,
"product.product_part_27","AL DIE 0201 เสาบนสวิง(AP)","SP01028","Aluminium","pcs","kg",5,"01-19",,"โกดังอะลูมิเนียม",,
"product.product_part_28","AL DIE 0223 คิ้วลอยเทใหญ่(NA.1)","SP01033","Aluminium","pcs","kg",1,"01-09",,"โกดังอะลูมิเนียม",,
"product.product_part_29","AL DIE 0223 คิ้วลอยเทใหญ่(MF)","SP01034","Aluminium","pcs","kg",1,,,"โกดังอะลูมิเนียม",,
"product.product_part_30","AL DIE 0223 คิ้วลอยเทใหญ่(OW)","SP01035","Aluminium","pcs","kg",1,"01-11",,"โกดังอะลูมิเนียม",,
"product.product_part_31","AL DIE 0223 คิ้วลอยเทใหญ่(AP)","SP01036","Aluminium","pcs","kg",1,"01-11",,"โกดังอะลูมิเนียม",,
"product.product_part_32","AL DIE 0224 คิ้วลอยเทเล็ก(NA.1)","SP01037","Aluminium","pcs","kg",1,"01-08",,"โกดังอะลูมิเนียม",,
"product.product_part_33","AL DIE 0224 คิ้วลอยเทเล็ก(MF)","SP01038","Aluminium","pcs","kg",1,,,"โกดังอะลูมิเนียม",,
"product.product_part_34","AL DIE 0224 คิ้วลอยเทเล็ก(OW)","SP01039","Aluminium","pcs","kg",1,"01-11",,"โกดังอะลูมิเนียม",,
"product.product_part_35","AL DIE 0224 คิ้วลอยเทเล็ก(AP)","SP01040","Aluminium","pcs","kg",1,"01-11",,"โกดังอะลูมิเนียม",,
"product.product_part_36","AL FLOOR BASE(I)(NA.1)","SP01045","Aluminium","pcs","kg",5,,,"โกดังอะลูมิเนียม",,
"product.product_part_37","AL FLOOR BASE(I)(MF)","SP01046","Aluminium","pcs","kg",5,"01-04",,"โกดังอะลูมิเนียม",,
"product.product_part_38","AL FLOOR BASE(I)(OW)","SP01047","Aluminium","pcs","kg",5,"01-05",,"โกดังอะลูมิเนียม",,
"product.product_part_39","AL FLOOR BASE(I)(AP)","SP01048","Aluminium","pcs","kg",5,"01-05",,"โกดังอะลูมิเนียม",,
"product.product_part_40","AL PROFILE FOR LIGHTING42 mm(NA.1)","SP01049","Aluminium","pcs","kg",3,"01-06",,"โกดังอะลูมิเนียม",,
"product.product_part_41","AL PROFILE FOR LIGHTING 42 mm(MF)","SP01050","Aluminium","pcs","kg",3,"01-17",,"โกดังอะลูมิเนียม",,
"product.product_part_42","AL PROFILE FOR LIGHTING 42 mm(OW)","SP01051","Aluminium","pcs","kg",3,,,"โกดังอะลูมิเนียม",,
"product.product_part_43","AL PROFILE FOR LIGHTING 42 mm(AP)","SP01052","Aluminium","pcs","kg",3,"01-20",,"โกดังอะลูมิเนียม",,
"product.product_part_44","AL CAP FOR DOOR HEATER(NA.1)","SP01053","Aluminium","pcs","kg",1,,,"โกดังอะลูมิเนียม",,
"product.product_part_45","AL CAP FOR DOOR HEATER(MF)","SP01054","Aluminium","pcs","kg",1,,,"โกดังอะลูมิเนียม",,
"product.product_part_46","AL CAP FOR DOOR HEATER(OW)","SP01055","Aluminium","pcs","kg",1,"01-04",,"โกดังอะลูมิเนียม",,
"product.product_part_47","AL CAP FOR DOOR HEATER(AP)","SP01056","Aluminium","pcs","kg",1,"01-04",,"โกดังอะลูมิเนียม",,
"product.product_part_47-1","AL RAIL FOR CLEAN ROOM(OW)","SP01059","Aluminium","pcs","kg",,"01-08",,"โกดังอะลูมิเนียม",,
"product.product_part_48","AL U CAP 30X75X30 mmCOLD ROOM(NA.1)","SP01061","Aluminium","pcs","kg",6,"01-07",,"โกดังอะลูมิเนียม",,
"product.product_part_49","AL U CAP 30X75X30 mmCOLD ROOM(MF)","SP01062","Aluminium","pcs","kg",6,,,"โกดังอะลูมิเนียม",,
"product.product_part_50","AL U CAP 30X75X30 mmCOLD ROOM(OW)","SP01063","Aluminium","pcs","kg",6,"01-07",,"โกดังอะลูมิเนียม",,
"product.product_part_51","AL U CAP 30X75X30 mmCOLD ROOM(AP)","SP01064","Aluminium","pcs","kg",6,,,"โกดังอะลูมิเนียม",,
"product.product_part_52","AL U CAP 30X100X30 mmCOLD ROOM(NA.1)","SP01065","Aluminium","pcs","kg",7,"01-06",,"โกดังอะลูมิเนียม",,
"product.product_part_53","AL U CAP 30X100X30 mmCOLD ROOM(MF)","SP01066","Aluminium","pcs","kg",7,,,"โกดังอะลูมิเนียม",,
"product.product_part_54","AL U CAP 30X100X30 mmCOLD ROOM(OW)","SP01067","Aluminium","pcs","kg",7,,,"โกดังอะลูมิเนียม",,
"product.product_part_55","AL U CAP 30X100X30 mmCOLD ROOM(AP)","SP01068","Aluminium","pcs","kg",7,,,"โกดังอะลูมิเนียม",,
"product.product_part_56","AL SKIRT(NA.1)","SP01069","Aluminium","pcs","kg",1,"01-06",,"โกดังอะลูมิเนียม",,
"product.product_part_57","AL SKIRT(MF)","SP01070","Aluminium","pcs","kg",1,,,"โกดังอะลูมิเนียม",,
"product.product_part_58","AL SKIRT(OW)","SP01071","Aluminium","pcs","kg",1,"01-06",,"โกดังอะลูมิเนียม",,
"product.product_part_59","AL SKIRT(AP)","SP01072","Aluminium","pcs","kg",1,,,"โกดังอะลูมิเนียม",,
"product.product_part_60","AL T-BAR(NA.1)","SP01073","Aluminium","pcs","kg",3,"01-06",,"โกดังอะลูมิเนียม",,
"product.product_part_61","AL T-BAR(MF)","SP01074","Aluminium","pcs","kg",3,,,"โกดังอะลูมิเนียม",,
"product.product_part_62","AL T-BAR(OW)","SP01075","Aluminium","pcs","kg",3,"01-13",,"โกดังอะลูมิเนียม",,
"product.product_part_63","AL T-BAR(AP)","SP01076","Aluminium","pcs","kg",3,"01-13",,"โกดังอะลูมิเนียม",,
"product.product_part_64","AL T - BAR NEW 50 mm(NA.1)","SP01081","Aluminium","pcs","kg",4,"01-02",,"โกดังอะลูมิเนียม",,
"product.product_part_65","AL T - BAR NEW 50 mm(MF)","SP01082","Aluminium","pcs","kg",4,"01-08",,"โกดังอะลูมิเนียม",,
"product.product_part_66","AL T - BAR NEW 50 mm(OW)","SP01083","Aluminium","pcs","kg",4,"01-09",,"โกดังอะลูมิเนียม",,
"product.product_part_67","AL T - BAR NEW 50 mm(AP)","SP01084","Aluminium","pcs","kg",4,"01-09",,"โกดังอะลูมิเนียม",,
"product.product_part_68","AL CAP 40X50X40 mm(NA.1)","SP01093","Aluminium","pcs","kg",4,"01-10",,"โกดังอะลูมิเนียม",,
"product.product_part_69","AL CAP 40X50X40 mm(MF)","SP01094","Aluminium","pcs","kg",4,"01-08",,"โกดังอะลูมิเนียม",,
"product.product_part_70","AL CAP 40X50X40 mm(OW)","SP01095","Aluminium","pcs","kg",4,"01-04",,"โกดังอะลูมิเนียม",,
"product.product_part_71","AL CAP 40X50X40 mm(AP)","SP01096","Aluminium","pcs","kg",4,"01-04",,"โกดังอะลูมิเนียม",,
"product.product_part_72","AL FLOOR BASE 50 mm(I)(NA.1)","SP01097","Aluminium","pcs","kg",5,"01-01",,"โกดังอะลูมิเนียม",,
"product.product_part_73","AL FLOOR BASE 50 mm(I)(MF)","SP01098","Aluminium","pcs","kg",5,,,"โกดังอะลูมิเนียม",,
"product.product_part_74","AL FLOOR BASE 50 mm(I)(OW)","SP01099","Aluminium","pcs","kg",5,"01-01",,"โกดังอะลูมิเนียม",,
"product.product_part_75","AL FLOOR BASE 50 mm(I)(AP)","SP01100","Aluminium","pcs","kg",5,,,"โกดังอะลูมิเนียม",,
"product.product_part_76","AL FRAME 42 mm(MF)","SP01102","Aluminium","pcs","kg",1,"01-13",,"โกดังอะลูมิเนียม",,
"product.product_part_77","AL INSERT FOR AL FRAME 42 mm(MF)","SP01106","Aluminium","pcs","kg",1,"01-08",,"โกดังอะลูมิเนียม",,
"product.product_part_78","AL FOR PVC COVING(MF)","SP01110","Aluminium","pcs","kg",,"01-06",,"โกดังอะลูมิเนียม",,
"product.product_part_79","AL DOOR FRAME(NON FLUSH)(NA.1)","SP01113","Aluminium","pcs","kg",,"01-09",,"โกดังอะลูมิเนียม",,
"product.product_part_80","AL DOOR FRAME(NON FLUSH)(MF)","SP01114","Aluminium","pcs","kg",,"01-10",,"โกดังอะลูมิเนียม",,
"product.product_part_81","AL DOOR FRAME(NON FLUSH)(OW)","SP01115","Aluminium","pcs","kg",,"01-12",,"โกดังอะลูมิเนียม",,
"product.product_part_82","AL DOOR FRAME(NON FLUSH)(AP)","SP01116","Aluminium","pcs","kg",,"01-12",,"โกดังอะลูมิเนียม",,
"product.product_part_83","AL U CAP FOR DOOR(NA.1)","SP01117","Aluminium","pcs","kg",,"01-02",,"โกดังอะลูมิเนียม",,
"product.product_part_84","AL U CAP FOR DOOR(MF)","SP01118","Aluminium","pcs","kg",,,,"โกดังอะลูมิเนียม",,
"product.product_part_85","AL U CAP FOR DOOR(OW)","SP01119","Aluminium","pcs","kg",,"01-22",,"โกดังอะลูมิเนียม",,
"product.product_part_86","AL U CAP FOR DOOR(AP)","SP01120","Aluminium","pcs","kg",,"01-22",,"โกดังอะลูมิเนียม",,
"product.product_part_87","AL PROFILE FOR LIGHTING 75 mm(NA.1)","SP01129","Aluminium","pcs","kg",4,,,"โกดังอะลูมิเนียม",,
"product.product_part_88","AL PROFILE FOR LIGHTING 75 mm(MF)","SP01130","Aluminium","pcs","kg",4,"01-03",,"โกดังอะลูมิเนียม",,
"product.product_part_89","AL PROFILE FOR LIGHTING 75 mm(OW)","SP01131","Aluminium","pcs","kg",4,"01-04",,"โกดังอะลูมิเนียม",,
"product.product_part_90","AL PROFILE FOR LIGHTING 75 mm(AP)","SP01132","Aluminium","pcs","kg",4,"01-04",,"โกดังอะลูมิเนียม",,
"product.product_part_91","AL PROFILE FOR DOOR PANEL(FLUSH)(NA.1)","SP01133","Aluminium","pcs","kg",2,,,"โกดังอะลูมิเนียม",,
"product.product_part_92","AL PROFILE FOR DOOR PANEL(FLUSH)(MF)","SP01134","Aluminium","pcs","kg",2,"01-17",,"โกดังอะลูมิเนียม",,
"product.product_part_93","AL PROFILE FOR DOOR PANEL(FLUSH)(OW)","SP01135","Aluminium","pcs","kg",2,"01-10",,"โกดังอะลูมิเนียม",,
"product.product_part_94","AL PROFILE FOR DOOR PANEL(FLUSH)(AP)","SP01136","Aluminium","pcs","kg",2,"01-14",,"โกดังอะลูมิเนียม",,
"product.product_part_95","AL ANGLE 30X80X1.5 mm(NA.1)","SP01153","Aluminium","pcs","kg",3,"01-10",,"โกดังอะลูมิเนียม",,
"product.product_part_96","AL ANGLE30X80X1.5 mm(MF)","SP01154","Aluminium","pcs","kg",3,"01-12",,"โกดังอะลูมิเนียม",,
"product.product_part_97","AL ANGLE 30X80X1.5 mm(OW)","SP01155","Aluminium","pcs","kg",3,,,"โกดังอะลูมิเนียม",,
"product.product_part_98","AL ANGLE 30X80X1.5 mm(AP)","SP01156","Aluminium","pcs","kg",3,"01-01",,"โกดังอะลูมิเนียม",,
"product.product_part_99","AL U CAP 25X25X25 mm(NA.1)","SP01157","Aluminium","pcs","kg",2,,,"โกดังอะลูมิเนียม",,
"product.product_part_100","AL U CAP 25X25X25 mm(MF)","SP01158","Aluminium","pcs","kg",2,"01-05",,"โกดังอะลูมิเนียม",,
"product.product_part_101","AL U CAP 25X25X25 mm(OW)","SP01159","Aluminium","pcs","kg",2,"01-22",,"โกดังอะลูมิเนียม",,
"product.product_part_102","AL U CAP 25X25X25 mm(AP)","SP01160","Aluminium","pcs","kg",2,"01-22",,"โกดังอะลูมิเนียม",,
"product.product_part_103","AL U CAP14X42X14 mm(NA.1)","SP01161","Aluminium","pcs","kg",1,"01-11",,"โกดังอะลูมิเนียม",,
"product.product_part_104","AL U CAP14X42X14 mm(MF)","SP01162","Aluminium","pcs","kg",1,"01-02",,"โกดังอะลูมิเนียม",,
"product.product_part_105","AL U CAP14X42X14 mm(OW)","SP01163","Aluminium","pcs","kg",1,"01-10",,"โกดังอะลูมิเนียม",,
"product.product_part_106","AL U CAP14X42X14 mm(AP)","SP01164","Aluminium","pcs","kg",1,"01-10",,"โกดังอะลูมิเนียม",,
"product.product_part_107","AL PROFILE FOR SLIDING DOOR(NA.1)","SP01165","Aluminium","pcs","kg",2,"01-10",,"โกดังอะลูมิเนียม",,
"product.product_part_108","AL PROFILE FOR SLIDING DOOR(MF)","SP01166","Aluminium","pcs","kg",2,,,"โกดังอะลูมิเนียม",,
"product.product_part_109","AL PROFILE FOR SLIDING DOOR(OW)","SP01167","Aluminium","pcs","kg",2,"01-10",,"โกดังอะลูมิเนียม",,
"product.product_part_110","AL PROFILE FOR SLIDING DOOR(AP)","SP01168","Aluminium","pcs","kg",2,"01-10",,"โกดังอะลูมิเนียม",,
"product.product_part_111","AL PROFILE FOR LIGHTING 50 mm(NA.1)","SP01173","Aluminium","pcs","kg",3,,,"โกดังอะลูมิเนียม",,
"product.product_part_112","AL PROFILE FOR LIGHTING 50 mm(MF)","SP01174","Aluminium","pcs","kg",3,,,"โกดังอะลูมิเนียม",,
"product.product_part_113","AL PROFILE FOR LIGHTING 50 mm(OW)","SP01175","Aluminium","pcs","kg",3,"01-08",,"โกดังอะลูมิเนียม",,
"product.product_part_114","AL PROFILE FOR LIGHTING 50 mm(AP)","SP01176","Aluminium","pcs","kg",3,,,"โกดังอะลูมิเนียม",,
"product.product_part_115","AL PROFILE FOR DOOR SEAL(NA.1)","SP01181","Aluminium","pcs","kg",3,"01-01",,"โกดังอะลูมิเนียม",,
"product.product_part_116","AL U CAP 40X100X40 mm(NA.1)","SP01193","Aluminium","pcs","kg",5,,,"โกดังอะลูมิเนียม",,
"product.product_part_117","AL U CAP 40X100X40 mm(MF)","SP01194","Aluminium","pcs","kg",5,"01-13",,"โกดังอะลูมิเนียม",,
"product.product_part_118","AL U CAP 40X100X40 mm(OW)","SP01195","Aluminium","pcs","kg",5,"01-21",,"โกดังอะลูมิเนียม",,
"product.product_part_119","AL U CAP 40X100X40 mm(AP)","SP01196","Aluminium","pcs","kg",5,"01-21",,"โกดังอะลูมิเนียม",,
"product.product_part_120","AL CEILING BEAM(I)(NA.1)","SP01197","Aluminium","pcs","kg",8,"01-13",,"โกดังอะลูมิเนียม",,
"product.product_part_121","AL CEILING BEAM(I)(MF)","SP01198","Aluminium","pcs","kg",8,"01-02",,"โกดังอะลูมิเนียม",,
"product.product_part_122","AL CEILING BEAM(I)(OW)","SP01199","Aluminium","pcs","kg",8,"01-22",,"โกดังอะลูมิเนียม",,
"product.product_part_123","AL CEILING BEAM(I)(AP)","SP01200","Aluminium","pcs","kg",8,"01-23",,"โกดังอะลูมิเนียม",,
"product.product_part_124","AL CEILING BEAM(II)(MF)","SP01202","Aluminium","pcs","kg",8,"01-05",,"โกดังอะลูมิเนียม",,
"product.product_part_125","AL FLOOR BASE(II)(NA.1)","SP01205","Aluminium","pcs","kg",5,"01-04",,"โกดังอะลูมิเนียม",,
"product.product_part_126","AL FLOOR BASE(II)(MF)","SP01206","Aluminium","pcs","kg",5,"01-01",,"โกดังอะลูมิเนียม",,
"product.product_part_127","AL FLOOR BASE(II)(OW)","SP01207","Aluminium","pcs","kg",5,"01-02",,"โกดังอะลูมิเนียม",,
"product.product_part_128","AL FLOOR BASE(II)(AP)","SP01208","Aluminium","pcs","kg",5,"01-02",,"โกดังอะลูมิเนียม",,
"product.product_part_129","AL ANGLE FOR COLD DOOR FRAME(NA.1)","SP01209","Aluminium","pcs","kg",3,,,"โกดังอะลูมิเนียม",,
"product.product_part_130","AL ANGLE FOR COLD DOOR FRAME(MF)","SP01210","Aluminium","pcs","kg",3,"01-05",,"โกดังอะลูมิเนียม",,
"product.product_part_131","AL ANGLE FOR COLD DOOR FRAME(OW)","SP01211","Aluminium","pcs","kg",3,"01-09",,"โกดังอะลูมิเนียม",,
"product.product_part_132","AL ANGLE FOR COLD DOOR FRAME(AP)","SP01212","Aluminium","pcs","kg",3,"01-20",,"โกดังอะลูมิเนียม",,
"product.product_part_133","AL FRAME 50 mm(MF)","SP01218","Aluminium","pcs","kg",1,"01-10",,"โกดังอะลูมิเนียม",,
"product.product_part_134","AL SLIDING RAIL 6 m(COLD ROOM)(NA.1)","SP01221","Aluminium","pcs","kg",34,,,"โกดังอะลูมิเนียม",,
"product.product_part_135","AL SLIDING RAIL 6 m(COLD ROOM)(MF)","SP01222","Aluminium","pcs","kg",34,,,"โกดังอะลูมิเนียม",,
"product.product_part_136","AL SLIDING RAIL 6 m(COLD ROOM)(OW)","SP01223","Aluminium","pcs","kg",34,"01-12",,"โกดังอะลูมิเนียม",,
"product.product_part_137","AL SLIDING RAIL 6 m(COLD ROOM)(AP)","SP01224","Aluminium","pcs","kg",34,,,"โกดังอะลูมิเนียม",,
"product.product_part_138","AL SLIDING GUIDE(NA.1)","SP01225","Aluminium","pcs","kg",6,,,"โกดังอะลูมิเนียม",,
"product.product_part_139","AL SLIDING GUIDE(MF)","SP01226","Aluminium","pcs","kg",6,,,"โกดังอะลูมิเนียม",,
"product.product_part_140","AL SLIDING GUIDE(OW)","SP01227","Aluminium","pcs","kg",6,"01-12",,"โกดังอะลูมิเนียม",,
"product.product_part_141","AL SLIDING GUIDE(AP)","SP01228","Aluminium","pcs","kg",6,,,"โกดังอะลูมิเนียม",,
"product.product_part_142","AL U CAP40X75X40 mm(NA.1)","SP01233","Aluminium","pcs","kg",,"01-05",,"โกดังอะลูมิเนียม",,
"product.product_part_143","AL U CAP40X75X40 mm(MF)","SP01234","Aluminium","pcs","kg",,"01-06",,"โกดังอะลูมิเนียม",,
"product.product_part_144","AL U CAP40X75X40 mm(OW)","SP01235","Aluminium","pcs","kg",,"01-05",,"โกดังอะลูมิเนียม",,
"product.product_part_145","AL U CAP40X75X40 mm(AP)","SP01236","Aluminium","pcs","kg",,"01-05",,"โกดังอะลูมิเนียม",,
"product.product_part_146","AIR RETURN AL FRAME.(NA.1)","SP01237","Aluminium","pcs","kg",,"01-18",,"โกดังอะลูมิเนียม",,
"product.product_part_147","AL SLIDING RAIL 4 m(COLD ROOM)(NA.1)","SP01242","Aluminium","pcs","kg",34,,,"โกดังอะลูมิเนียม",,
"product.product_part_148","AL SLIDING RAIL 4 m(COLD ROOM)(MF)","SP01243","Aluminium","pcs","kg",34,,,"โกดังอะลูมิเนียม",,
"product.product_part_149","AL SLIDING RAIL 4 m(COLD ROOM)(OW)","SP01244","Aluminium","pcs","kg",34,"01-12",,"โกดังอะลูมิเนียม",,
"product.product_part_150","AL SLIDING RAIL 4 m(COLD ROOM)(AP)","SP01245","Aluminium","pcs","kg",34,,,"โกดังอะลูมิเนียม",,
"product.product_part_151","AL SLIDING RAIL 3 m(COLD ROOM)(NA.1)","SP01246","Aluminium","pcs","kg",34,,,"โกดังอะลูมิเนียม",,
"product.product_part_152","AL SLIDING RAIL 3 m(COLD ROOM)(MF)","SP01247","Aluminium","pcs","kg",34,,,"โกดังอะลูมิเนียม",,
"product.product_part_153","AL SLIDING RAIL 3 m(COLD ROOM)(OW)","SP01248","Aluminium","pcs","kg",34,"01-12",,"โกดังอะลูมิเนียม",,
"product.product_part_154","AL SLIDING RAIL 3 m(COLD ROOM)(AP)","SP01249","Aluminium","pcs","kg",34,,,"โกดังอะลูมิเนียม",,
"product.product_part_155","DOOR FRAME 75 mm(MF)","SP01262","Aluminium","pcs","kg",9,"01-02",,"โกดังอะลูมิเนียม",,
"product.product_part_156","DOOR FRAME 75 mm(OW)","SP01263","Aluminium","pcs","kg",9,"01-05",,"โกดังอะลูมิเนียม",,
"product.product_part_157","AL STRIP COVER(NA.1)","SP01266","Aluminium","pcs","kg",0,"01-13",,"โกดังอะลูมิเนียม",,
"product.product_part_158","AL STRIP COVER(MF)","SP01267","Aluminium","pcs","kg",0,"01-08",,"โกดังอะลูมิเนียม",,
"product.product_part_159","AL STRIP COVER(OW)","SP01268","Aluminium","pcs","kg",0,,,"โกดังอะลูมิเนียม",,
"product.product_part_160","AL STRIP COVER(AP)","SP01269","Aluminium","pcs","kg",0,,,"โกดังอะลูมิเนียม",,
"product.product_part_161","AL PROFILE FOR DOUBLE SWING DOOR 42 mm(NA.1)","SP01271","Aluminium","pcs","kg",4,"01-11",,"โกดังอะลูมิเนียม",,
"product.product_part_162","AL PROFILE FOR DOUBLE SWING DOOR 42 mm(MF)","SP01272","Aluminium","pcs","kg",4,,,"โกดังอะลูมิเนียม",,
"product.product_part_163","AL PROFILE FOR DOUBLE SWING DOOR 42 mm(OW)","SP01273","Aluminium","pcs","kg",4,"01-11",,"โกดังอะลูมิเนียม",,
"product.product_part_164","AL PROFILE FOR DOUBLE SWING DOOR 42 mm(AP)","SP01274","Aluminium","pcs","kg",4,"01-12",,"โกดังอะลูมิเนียม",,
"product.product_part_165","AL กล่อง 1 3/4"" X 1 3/4""(NA.1)","SP01275","Aluminium","pcs","kg",,"01-07",,"โกดังอะลูมิเนียม",,
"product.product_part_166","AL กล่อง 1 3/4"" X 1 3/4""(MF)","SP01276","Aluminium","pcs","kg",,,,"โกดังอะลูมิเนียม",,
"product.product_part_167","AL กล่อง 1 3/4"" X 1 3/4""(OW)","SP01277","Aluminium","pcs","kg",,"01-15",,"โกดังอะลูมิเนียม",,
"product.product_part_168","AL กล่อง 1 3/4"" X 1 3/4""(AP)","SP01278","Aluminium","pcs","kg",,"01-15",,"โกดังอะลูมิเนียม",,
"product.product_part_169","AL กล่อง 1 3/4"" X 1""(NA.1)","SP01279","Aluminium","pcs","kg",,"01-03",,"โกดังอะลูมิเนียม",,
"product.product_part_170","AL กล่อง 1 3/4"" X 1""(MF)","SP01280","Aluminium","pcs","kg",,,,"โกดังอะลูมิเนียม",,
"product.product_part_171","AL กล่อง 1 3/4"" X 1""(OW)","SP01281","Aluminium","pcs","kg",,"01-03",,"โกดังอะลูมิเนียม",,
"product.product_part_172","AL กล่อง 1 3/4"" X 1""(AP)","SP01282","Aluminium","pcs","kg",,"01-03",,"โกดังอะลูมิเนียม",,
"product.product_part_173","AL ANGLE 2"" X 2"" X 3 mm(NA.1)","SP01283","Aluminium","pcs","kg",,,,"โกดังอะลูมิเนียม",,
"product.product_part_174","AL ANGLE 2"" X 2"" X 3 mm(MF)","SP01284","Aluminium","pcs","kg",,"01-01",,"โกดังอะลูมิเนียม",,
"product.product_part_175","AL ANGLE 2"" X 2"" X 3 mm(OW)","SP01285","Aluminium","pcs","kg",,,,"โกดังอะลูมิเนียม",,
"product.product_part_176","AL ANGLE 2"" X 2"" X 3 mm(AP)","SP01286","Aluminium","pcs","kg",,,,"โกดังอะลูมิเนียม",,
"product.product_part_177","AL PROFILE FOR DOUBLE SWING DOOR II(MF)","SP01288","Aluminium","pcs","kg",4,"01-10",,"โกดังอะลูมิเนียม",,
"product.product_part_178","AL PROFILE FOR DOUBLE SWING DOOR II(OW)","SP01289","Aluminium","pcs","kg",4,"01-07",,"โกดังอะลูมิเนียม",,
"product.product_part_179","AL PROFILE FOR DOUBLE SWING DOOR II(AP)","SP01290","Aluminium","pcs","kg",4,"01-08",,"โกดังอะลูมิเนียม",,
"product.product_part_180","AL PROFILE FOR DOUBLE SWING DOOR III(MF)","SP01292","Aluminium","pcs","kg",3,"01-16",,"โกดังอะลูมิเนียม",,
"product.product_part_181","AL PROFILE FOR DOUBLE SWING DOOR III(OW)","SP01293","Aluminium","pcs","kg",3,,,"โกดังอะลูมิเนียม",,
"product.product_part_182","AL PROFILE FOR DOUBLE SWING DOOR III(AP)","SP01294","Aluminium","pcs","kg",3,"01-20",,"โกดังอะลูมิเนียม",,
"product.product_part_183","AL DOOR CLOSER SLIDING RAIL(MF)","SP01296","Aluminium","pcs","kg",5,"01-09",,"โกดังอะลูมิเนียม",,
"product.product_part_184","AL DOOR CLOSER SLIDING RAIL(OW)","SP01297","Aluminium","pcs","kg",5,"01-04",,"โกดังอะลูมิเนียม",,
"product.product_part_185","AL DOOR CLOSER SLIDING RAIL(AP)","SP01298","Aluminium","pcs","kg",5,"01-19",,"โกดังอะลูมิเนียม",,
"product.product_part_186","AL PROFILE FOR DOOR PANEL50 mm(FLUSH)(MF)","SP01300","Aluminium","pcs","kg",3,"01-06",,"โกดังอะลูมิเนียม",,
"product.product_part_187","AL PROFILE FOR DOOR PANEL50 mm(FLUSH)(OW)","SP01301","Aluminium","pcs","kg",3,"01-13",,"โกดังอะลูมิเนียม",,
"product.product_part_188","AL PROFILE FOR DOOR PANEL50 mm(FLUSH)(AP)","SP01302","Aluminium","pcs","kg",3,"01-13",,"โกดังอะลูมิเนียม",,
"product.product_part_189","AL U CAP FOR LIGHTING 42 mm(NA.1)","SP01303","Aluminium","pcs","kg",14,,,"โกดังอะลูมิเนียม",,
"product.product_part_190","AL U CAP FOR LIGHTING 42 mm(MF)","SP01304","Aluminium","pcs","kg",14,"01-07",,"โกดังอะลูมิเนียม",,
"product.product_part_191","AL U CAP FOR LIGHTING 42 mm(OW)","SP01305","Aluminium","pcs","kg",14,,,"โกดังอะลูมิเนียม",,
"product.product_part_192","AL U CAP FOR LIGHTING 42 mm(AP)","SP01306","Aluminium","pcs","kg",14,,,"โกดังอะลูมิเนียม",,
"product.product_part_193","AL PROFILE FOR DOOR FRAME TYPE A (MF)","SP01308","Aluminium","pcs","kg",8,"01-20",,"โกดังอะลูมิเนียม",,
"product.product_part_194","AL PROFILE FOR DOOR FRAME TYPE A (OW)","SP01309","Aluminium","pcs","kg",8,,,"โกดังอะลูมิเนียม",,
"product.product_part_195","AL PROFILE FOR DOOR FRAME TYPE A (AP)","SP01310","Aluminium","pcs","kg",8,,,"โกดังอะลูมิเนียม",,
"product.product_part_196","AL PROFILE FOR DOOR FRAME TYPE B (MF)","SP01312","Aluminium","pcs","kg",10,"01-18",,"โกดังอะลูมิเนียม",,
"product.product_part_197","AL PROFILE FOR DOOR FRAME TYPE B (OW)","SP01313","Aluminium","pcs","kg",10,"01-22",,"โกดังอะลูมิเนียม",,
"product.product_part_198","AL DOOR CLOSER SLIDING RAIL FOR DORMA(MF)","SP01320","Aluminium","pcs","kg",4,"01-02",,"โกดังอะลูมิเนียม",,
"product.product_part_199","AL DOOR CLOSER SLIDING RAIL FOR DORMA(OW)","SP01321","Aluminium","pcs","kg",4,"01-12",,"โกดังอะลูมิเนียม",,
"product.product_part_200","AL DOOR CLOSER SLIDING RAIL FOR DORMA(AP)","SP01322","Aluminium","pcs","kg",4,"01-23",,"โกดังอะลูมิเนียม",,
"product.product_part_201","AL HOLDER(NA.1)","SP01323","Aluminium","pcs","kg",1,"01-10",,"โกดังอะลูมิเนียม",,
"product.product_part_202","AL HOLDER(MF)","SP01324","Aluminium","pcs","kg",1,"01-09",,"โกดังอะลูมิเนียม",,
"product.product_part_203","AL HOLDER(OW)","SP01325","Aluminium","pcs","kg",1,,,"โกดังอะลูมิเนียม",,
"product.product_part_204","AL HOLDER(AP)","SP01326","Aluminium","pcs","kg",1,,,"โกดังอะลูมิเนียม",,
"product.product_part_205","AL DOOR FRAME 42 MM 2010-01(MF)","SP01328","Aluminium","pcs","kg",7,"01-17",,"โกดังอะลูมิเนียม",,
"product.product_part_206","AL DOOR FRAME 42 MM 2010-01(OW)","SP01329","Aluminium","pcs","kg",7,"01-20",,"โกดังอะลูมิเนียม",,
"product.product_part_207","AL DOOR FRAME 42 MM 2010-01(AP)","SP01330","Aluminium","pcs","kg",7,"01-18",,"โกดังอะลูมิเนียม",,
"product.product_part_208","AL DOOR FRAME 50 MM 2011-01(MF)","SP01340","Aluminium","pcs","kg",7,"01-06",,"โกดังอะลูมิเนียม",,
"product.product_part_209","AL DOOR FRAME 50 MM 2011-01(OW)","SP01341","Aluminium","pcs","kg",7,"01-15",,"โกดังอะลูมิเนียม",,
"product.product_part_210","AL DOOR FRAME 50 MM 2011-01(AP)","SP01342","Aluminium","pcs","kg",7,,,"โกดังอะลูมิเนียม",,
"product.product_part_211","AL DOOR FRAME 100 MM 2011-01(MF)","SP01344","Aluminium","pcs","kg",11,"01-08",,"โกดังอะลูมิเนียม",,
"product.product_part_212","AL DOOR FRAME 100 MM 2011-01(OW)","SP01345","Aluminium","pcs","kg",11,"01-04",,"โกดังอะลูมิเนียม",,
"product.product_part_213","AL DOOR FRAME 100 MM 2011-01(AP)","SP01346","Aluminium","pcs","kg",11,,,"โกดังอะลูมิเนียม",,
"product.product_part_214","AL PROFILE FOR DOUBLE SWING DOOR 50 mmI (MF)","SP01348","Aluminium","pcs","kg",4,"01-03",,"โกดังอะลูมิเนียม",,
"product.product_part_215","AL PROFILE FOR DOUBLE SWING DOOR 50 mmI(OW)","SP01349","Aluminium","pcs","kg",4,"01-03",,"โกดังอะลูมิเนียม",,
"product.product_part_216","AL PROFILE FOR DOUBLE SWING DOOR 50 mmI(AP)","SP01350","Aluminium","pcs","kg",4,,,"โกดังอะลูมิเนียม",,
"product.product_part_217","AL PROFILE FOR DOUBLE SWING DOOR 50 mm(MF)","SP01352","Aluminium","pcs","kg",3,"01-12",,"โกดังอะลูมิเนียม",,
"product.product_part_218","AL PROFILE FOR DOUBLE SWING DOOR 50 mm(OW)","SP01353","Aluminium","pcs","kg",3,,,"โกดังอะลูมิเนียม",,
"product.product_part_219","AL PROFILE FOR DOUBLE SWING DOOR 50 mm(AP)","SP01354","Aluminium","pcs","kg",3,,,"โกดังอะลูมิเนียม",,
"product.product_part_220","AL HINGE SUPPORT(NA.1)","SP01355","Aluminium","pcs","kg",10,,,"โกดังอะลูมิเนียม",,
"product.product_part_221","AL HINGE SUPPORT(MF)","SP01356","Aluminium","pcs","kg",10,,,"โกดังอะลูมิเนียม",,
"product.product_part_222","AL HINGE SUPPORT(OW)","SP01357","Aluminium","pcs","kg",10,,,"โกดังอะลูมิเนียม",,
"product.product_part_223","AL HINGE SUPPORT(AP)","SP01358","Aluminium","pcs","kg",10,,,"โกดังอะลูมิเนียม",,
"product.product_part_224","AL FRAME FOR HEATER(MF)","SP01360","Aluminium","pcs","kg",2,"01-08",,"โกดังอะลูมิเนียม",,
"product.product_part_225","AL FRAME FOR HEATER(OW)","SP01361","Aluminium","pcs","kg",2,,,"โกดังอะลูมิเนียม",,
"product.product_part_226","AL FRAME FOR HEATER(AP)","SP01362","Aluminium","pcs","kg",2,,,"โกดังอะลูมิเนียม",,
"product.product_part_227","AL FOR HEPA RETURN(MF)","SP01364","Aluminium","pcs","kg",4,"01-03",,"โกดังอะลูมิเนียม",,
"product.product_part_228","AL FOR HEPA RETURN(OW)","SP01365","Aluminium","pcs","kg",4,"01-17",,"โกดังอะลูมิเนียม",,
"product.product_part_229","AL FOR HEPA RETURN(AP)","SP01366","Aluminium","pcs","kg",4,,,"โกดังอะลูมิเนียม",,
"product.product_part_230","AL NON PROGRESSIVE COVER 65 mm(MF)","SP01368","Aluminium","pcs","kg",2,"01-06",,"โกดังอะลูมิเนียม",,
"product.product_part_231","AL NON PROGRESSIVE COVER 65 mm(OW)","SP01369","Aluminium","pcs","kg",2,"01-06",,"โกดังอะลูมิเนียม",,
"product.product_part_232","AL NON PROGRESSIVE COVER 65 mm(AP)","SP01370","Aluminium","pcs","kg",2,,,"โกดังอะลูมิเนียม",,
"product.product_part_233","AL NON PROGRESSIVE COVING CUVE 60.5 mm(MF)","SP01372","Aluminium","pcs","kg",1,,,"โกดังอะลูมิเนียม",,
"product.product_part_234","AL NON PROGRESSIVE COVING CUVE 60.5 mm(OW)","SP01373","Aluminium","pcs","kg",1,,,"โกดังอะลูมิเนียม",,
"product.product_part_235","AL NON PROGRESSIVE COVING CUVE 60.5 mm(AP)","SP01374","Aluminium","pcs","kg",1,,,"โกดังอะลูมิเนียม",,
"product.product_part_236","AL NON PROGRESSIVE DOOR FRAME ""A"" 50 mm(MF)","SP01376","Aluminium","pcs","kg",9,"01-03",,"โกดังอะลูมิเนียม",,
"product.product_part_237","AL NON PROGRESSIVE DOOR FRAME ""A"" 50 mm(OW)","SP01377","Aluminium","pcs","kg",9,"01-23",,"โกดังอะลูมิเนียม",,
"product.product_part_238","AL NON PROGRESSIVE DOOR FRAME ""A"" 50 mm(AP)","SP01378","Aluminium","pcs","kg",9,,,"โกดังอะลูมิเนียม",,
"product.product_part_239","AL NON PROGRESSIVE WINDOW FRAME ""A"" 50 mm(MF)","SP01380","Aluminium","pcs","kg",5,"01-12",,"โกดังอะลูมิเนียม",,
"product.product_part_240","AL NON PROGRESSIVE WINDOW FRAME ""A"" 50 mm(OW)","SP01381","Aluminium","pcs","kg",5,"01-23",,"โกดังอะลูมิเนียม",,
"product.product_part_241","AL NON PROGRESSIVE WINDOW FRAME ""A"" 50 mm(AP)","SP01382","Aluminium","pcs","kg",5,,,"โกดังอะลูมิเนียม",,
"product.product_part_242","AL ANGLE 30 X 110 X 2 mm(MF)","SP01388","Aluminium","pcs","kg",4,"01-03",,"โกดังอะลูมิเนียม",,
"product.product_part_243","AL ANGLE 30 X 110 X 2 mm(OW)","SP01389","Aluminium","pcs","kg",4,"01-03",,"โกดังอะลูมิเนียม",,
"product.product_part_244","AL ANGLE 30 X 110 X 2 mm(AP)","SP01390","Aluminium","pcs","kg",4,,,"โกดังอะลูมิเนียม",,
"product.product_part_245","AL NON PROGRESSIVE CORNER COLUMN 50 mm(MF)","SP01392","Aluminium","pcs","kg",18,"01-19",,"โกดังอะลูมิเนียม",,
"product.product_part_246","AL NON PROGRESSIVE CORNER COLUMN 50 mm(OW)","SP01393","Aluminium","pcs","kg",18,"01-15",,"โกดังอะลูมิเนียม",,
"product.product_part_247","AL NON PROGRESSIVE CORNER COLUMN 50 mm(AP)","SP01394","Aluminium","pcs","kg",18,,,"โกดังอะลูมิเนียม",,
"product.product_part_248","AL NON PROGRESSIVE LOWER TRACK 50 mm(MF)","SP01396","Aluminium","pcs","kg",2,"01-10",,"โกดังอะลูมิเนียม",,
"product.product_part_249","AL NON PROGRESSIVE UPPER TRACK 50 mm(MF)","SP01400","Aluminium","pcs","kg",2,"01-07",,"โกดังอะลูมิเนียม",,
"product.product_part_250","AL NON PROGRESSIVE ANGLE 30 X 30 FOR COVING CUVE 60.5 mm(MF)","SP01404","Aluminium","pcs","kg",2,"01-10",,"โกดังอะลูมิเนียม",,
"product.product_part_251","AL NON PROGRESSIVE WINDOW FRAME ""C"" 50 mm(UP / LOW)(MF)","SP01408","Aluminium","pcs","kg",7,"01-20",,"โกดังอะลูมิเนียม",,
"product.product_part_252","AL NON PROGRESSIVE WINDOW FRAME ""C"" 50 mm(UP / LOW)(OW)","SP01409","Aluminium","pcs","kg",7,"01-19",,"โกดังอะลูมิเนียม",,
"product.product_part_253","AL NON PROGRESSIVE WINDOW FRAME ""C"" 50 mm(UP / LOW)(AP)","SP01410","Aluminium","pcs","kg",7,,,"โกดังอะลูมิเนียม",,
"product.product_part_254","AL NON PROGRESSIVE DOOR FRAME ""B"" 50 mm(UP)(MF)","SP01412","Aluminium","pcs","kg",8,"01-07",,"โกดังอะลูมิเนียม",,
"product.product_part_255","AL NON PROGRESSIVE DOOR FRAME ""B"" 50 mm(UP)(OW)","SP01413","Aluminium","pcs","kg",8,"01-23",,"โกดังอะลูมิเนียม",,
"product.product_part_256","AL NON PROGRESSIVE DOOR FRAME ""B"" 50 mm(UP)(AP)","SP01414","Aluminium","pcs","kg",8,,,"โกดังอะลูมิเนียม",,
"product.product_part_257","AL NON PROGRESSIVE LOWER CORNER COLUMN 50 mm(MF)","SP01416","Aluminium","pcs","kg",12,"01-17",,"โกดังอะลูมิเนียม",,
"product.product_part_258","AL NON PROGRESSIVE LOWER CORNER COLUMN 50 mm(OW)","SP01417","Aluminium","pcs","kg",12,,,"โกดังอะลูมิเนียม",,
"product.product_part_259","AL NON PROGRESSIVE LOWER CORNER COLUMN 50 mm(AP)","SP01418","Aluminium","pcs","kg",12,,,"โกดังอะลูมิเนียม",,
"product.product_part_260","AL NON PROGRESSIVE FRAME 50 mm(MF)","SP01420","Aluminium","pcs","kg",4,"01-19",,"โกดังอะลูมิเนียม",,
"product.product_part_261","AL NON PROGRESSIVE FRAME 75 mm(MF)","SP01424","Aluminium","pcs","kg",5,"01-18",,"โกดังอะลูมิเนียม",,
"product.product_part_262","AL NON PROGRESSIVE LOWER TRACK 100 mm(MF)","SP01427","Aluminium","pcs","kg",4,"01-19",,"โกดังอะลูมิเนียม",,
"product.product_part_263","AL NON PROGRESSIVE UPPER TRACK 100 mm(MF)","SP01428","Aluminium","pcs","kg",4,"01-20",,"โกดังอะลูมิเนียม",,
"product.product_part_264","AL NON PROGRESSIVE FRAME 100 mm(MF)","SP01429","Aluminium","pcs","kg",3,,,"โกดังอะลูมิเนียม",,
"product.product_part_265","AL DOOR FRAME 100 mm FOR DOOR 50 mm (MF)","SP01431","Aluminium","pcs","kg",11,"01-19",,"โกดังอะลูมิเนียม",,
"product.product_part_266","AL DOOR FRAME 100 mm FOR DOOR 50 mm (OW)","SP01432","Aluminium","pcs","kg",11,,,"โกดังอะลูมิเนียม",,
"product.product_part_267","AL DOOR FRAME 100 mm FOR DOOR 50 mm (AP)","SP01433","Aluminium","pcs","kg",11,,,"โกดังอะลูมิเนียม",,
"product.product_part_268","AL WINDOW FRAME CURE 42 mm(NA.1)","SP01434","Aluminium","pcs","kg",11,,,"โกดังอะลูมิเนียม",,
"product.product_part_269","AL WINDOW FRAME CURE 42 mm(MF)","SP01435","Aluminium","pcs","kg",11,,,"โกดังอะลูมิเนียม",,
"product.product_part_270","AL WINDOW FRAME CURE 42 mm(OW)","SP01436","Aluminium","pcs","kg",11,,,"โกดังอะลูมิเนียม",,
"product.product_part_271","AL WINDOW FRAME CURE 42 mm(AP)","SP01437","Aluminium","pcs","kg",11,,,"โกดังอะลูมิเนียม",,
"product.product_part_272","AL WINDOW FRAME CURE 100 mm(NA.1)","SP01438","Aluminium","pcs","kg",11,,,"โกดังอะลูมิเนียม",,
"product.product_part_273","AL WINDOW FRAME CURE 100 mm(MF)","SP01439","Aluminium","pcs","kg",11,,,"โกดังอะลูมิเนียม",,
"product.product_part_274","AL WINDOW FRAME CURE 100 mm(OW)","SP01440","Aluminium","pcs","kg",11,,,"โกดังอะลูมิเนียม",,
"product.product_part_275","AL WINDOW FRAME CURE 100 mm(AP)","SP01441","Aluminium","pcs","kg",11,,,"โกดังอะลูมิเนียม",,
"product.product_part_276","AL DOOR FRAME HOUSING 100 mm(MF)","SP01442","Aluminium","pcs","kg",12,,,"โกดังอะลูมิเนียม",,
"product.product_part_277","AL WINDOW FRAME HOUSING 100 mm(MF)","SP01443","Aluminium","pcs","kg",8,,,"โกดังอะลูมิเนียม",,
"product.product_part_278","AL DOOR FRAME HOUSING 50 mm(MF)","SP01444","Aluminium","pcs","kg",10,,,"โกดังอะลูมิเนียม",,
"product.product_part_279","BOLT 3/8""X25 mm","SP02001","Installation","pcs",,,"Palete",,"Store ชั้น 2",,
"product.product_part_280","NUT 3/8""","SP02002","Installation","pcs",,,"Palete",,"Store ชั้น 2",,
"product.product_part_281","WASHER 3/8"" OD 28 mm","SP02003","Installation","pcs",,,"Palete",,"Store ชั้น 2",,
"product.product_part_282","ANCHOR BOLT 8X50 (SANKO)","SP02004","Installation","pcs",,,"02-02",,"Store ชั้น 2",,
"product.product_part_283","SCREW ( 4X20 ) (SUS)","SP02005","Installation","pcs",,,"02-02",,"Store ชั้น 2",,
"product.product_part_284","SCREW ( 4X25 ) (SUS)","SP02006","Installation","pcs",,,"02-02",,"Store ชั้น 2",,
"product.product_part_285","WATER PROOF FLUORESCENT HOUSING 2X36W","SP02007","Installation","set",,,"Palete",,"Store ชั้น 2 New",,
"product.product_part_286","CEILING BEAM JOINING PLATE ( W 50)","SP02008","Installation","pcs",,,"Palete",,"Store ชั้น 2",,
"product.product_part_287","POP RIVET 5-4","SP02009","Installation","pcs",,,"02-01",,"Store ชั้น 2",,
"product.product_part_288","POP RIVET 4-3","SP02010","Installation","pcs",,,"02-01",,"Store ชั้น 2",,
"product.product_part_289","NUT ( M6 )","SP02011","Installation","pcs",,,"02-01",,"Store ชั้น 2",,
"product.product_part_290","WASHER ( M6 )","SP02012","Installation","pcs",,,"02-01",,"Store ชั้น 2",,
"product.product_part_291","U-BOLT M10","SP02013","Installation","pcs",,,"Palete",,"Store ชั้น 2",,
"product.product_part_292","BOLT M8X45","SP02014","Installation","pcs",,,"02-01",,"Store ชั้น 2",,
"product.product_part_293","WASHER ( M8 )","SP02015","Installation","pcs",,,"02-01",,"Store ชั้น 2",,
"product.product_part_294","CEILING BRACKET","SP02016","Installation","pcs",,,"Palete",,"ด้านล่าง",,
"product.product_part_295","PAPER TAPE /กระดาษกาว","SP02017","Installation","pcs",,,"Palete",,"Store ชั้น 2",,
"product.product_part_296","DOOR RUBBER SEAL DIA 7 mm","SP02018","Installation","m",,,"Palete",,"Store ชั้น 2",,
"product.product_part_297","SEALANT ( GREY )","SP02021","Installation","tube",,,"ซิลิโคน",,"ห้องเคมี",,
"product.product_part_298","WINDOW RUBBER SEAL NO,27612","SP02022","Installation","m",,,"02-02",,"Store ชั้น 2",,
"product.product_part_299","WINDOW RUBBER SEAL NO,27619","SP02023","Installation","m",,,"02-02",,"Store ชั้น 2",,
"product.product_part_300","WEATHERKOTE ( 1GALLON @ 18.5 KG. )","SP02024","Installation","kg",,,"ซิลิโคน",,"ห้องเคมี",,
"product.product_part_301","WATER PROOF PLASTIC","SP02025","Installation","roll",,,"Palete",,"Store ชั้น 2",,
"product.product_part_302","DOOR RUBBER SEAL ( MODEL E)","SP02026","Installation","m",,,"Palete",,"Store ชั้น 2 New",,
"product.product_part_303","DOOR HINGE 175X50X30 mm(L)","SP02027","Installation","pcs",,,"Palete",,"Store ชั้น 2",,
"product.product_part_304","DOOR LATCH 1178 LS","SP02028","Installation","set",,,"02-02",,"Store ชั้น 2",,
"product.product_part_305","DOOR HINGE 1245 HS","SP02029","Installation","set",,,"02-02",,"Store ชั้น 2",,
"product.product_part_306","RELIEF PORT PRESSURE","SP02030","Installation","set",,,"02-02",,"Store ชั้น 2",,
"product.product_part_307","PLAIN WASHER 3/8"" SUS","SP02031","Installation","pcs",,,"02-03",,"Store ชั้น 2",,
"product.product_part_308","STUD BOLT 3/8"" X 1M","SP02032","Installation","pcs",,,"Palete",,"Store ชั้น 2 New",,
"product.product_part_309","BOTTOM GUIDE","SP02033","Installation","set",,,"02-09",,"Store ชั้น 2",,
"product.product_part_310","ROLLER FOR SLIDING DOOR","SP02034","Installation","set",,,"02-03",,"Store ชั้น 2",,
"product.product_part_311","BOTTOM GUIDE RIGHT","SP02035","Installation","set",,,"02-08",,"Store ชั้น 2",,
"product.product_part_312","SLIDING DOOR LOCK ( L1 )","SP02036","Installation","set",,,"02-03",,"Store ชั้น 2",,
"product.product_part_313","TURN BUCKLE 3/8""","SP02037","Installation","pcs",,,"Palete",,"Store ชั้น 2",,
"product.product_part_314","PVC CAP FOR CAMLOCK","SP02038","Installation","pcs",,,"02-03",,"Store ชั้น 2",,
"product.product_part_315","DURACON 1/2""X110mm","SP02039","Installation","pcs",,,"Palete",,"Store ชั้น 2 New",,
"product.product_part_316","DURACON 1/2""X170mm","SP02040","Installation","pcs",,,"Palete",,"Store ชั้น 2 New",,
"product.product_part_317","SLIDING DOOR LOCK ( L2 )","SP02041","Installation","pcs",,,"02-03",,"Store ชั้น 2",,
"product.product_part_318","LONG NUT 3/8""","SP02042","Installation","pcs",,,"02-03",,"Store ชั้น 2",,
"product.product_part_319","BOLT M8X45","SP02043","Installation","pcs",,,"02-03",,"Store ชั้น 2",,
"product.product_part_320","BOLT M8X25","SP02044","Installation","pcs",,,"02-03",,"Store ชั้น 2",,
"product.product_part_321","WATER PROOF SWITCH","SP02045","Installation","set",,,"02-03",,"Store ชั้น 2",,
"product.product_part_322","SOCKET BOLT 3/8"" X 4/8""","SP02046","Installation","pcs",,,"02-03",,"Store ชั้น 2",,
"product.product_part_323","SPRING WASHER 3/8""","SP02047","Installation","pcs",,,"02-03",,"Store ชั้น 2",,
"product.product_part_324","AL CHECKER PLATE","SP02048","Installation","pcs",,,,,"ไม่มีของ",,
"product.product_part_325","SOCKET BOLT SUS 5/16""X/1/ 1/4""","SP02049","Installation","pcs",,,"02-03",,"Store ชั้น 2",,
"product.product_part_326","SOCKET BOLT SUS 3/8"" X/1/ 1/4""","SP02050","Installation","pcs",,,"02-03",,"Store ชั้น 2",,
"product.product_part_327","WIRE SLING 1/4""","SP02051","Installation","m",,,"02-03",,"Store ชั้น 2",,
"product.product_part_328","U-CLIP 1/4""","SP02052","Installation","pcs",,,"02-03",,"Store ชั้น 2",,
"product.product_part_329","ANCHOR BOLT 3/8""","SP02053","Installation","pcs",,,"02-03",,"Store ชั้น 2",,
"product.product_part_330","ANGLE FOR EDGE DOOR HANDLE","SP02054","Installation","pcs",,,,,"ไม่มีของ",,
"product.product_part_331","SILICONE BUTYL","SP02055","Installation","tube",,,"ซิลิโคน",,"ห้องเคมี",,
"product.product_part_332","BOLT & NUT M6 X 15","SP02056","Installation","pcs",,,"02-03",,"Store ชั้น 2",,"แก้ไข Loc_Rack / Loc Row"
"product.product_part_333","STUD BOLT M6 X 1 m","SP02058","Installation","pcs",,,"02-09",,"Store ชั้น 2",,
"product.product_part_334","U - BOLT M6","SP02059","Installation","pcs",,,"02-03",,"Store ชั้น 2",,
"product.product_part_335","BOLT 3/8""X3""","SP02060","Installation","pcs",,,"02-03",,"Store ชั้น 2",,
"product.product_part_336","T - BAR JOINT 16.3X130 mm","SP02061","Installation","pcs",,,"02-03",,"Store ชั้น 2",,
"product.product_part_337","BOLT M6X10","SP02062","Installation","pcs",,,"02-03",,"Store ชั้น 2",,
"product.product_part_338","BOLT M6X25","SP02063","Installation","pcs",,,"02-03",,"Store ชั้น 2",,
"product.product_part_339","VCT CABLE 2X1.5 mm","SP02070","Installation","m",,,"02-04",,"Store ชั้น 2",,
"product.product_part_340","TEMPER GLASS 587X587X5 mm","SP02071","Installation","pcs",,,"กระจก",,"โกดังคอยล์",,
"product.product_part_341","HEXAGON NUT 1/2","SP02072","Installation","pcs",,,"02-04",,"Store ชั้น 2",,
"product.product_part_342","ACRILIC NDAP WHITE","SP02073","Installation","pcs",,,"ซิลิโคน",,"ห้องเคมี",,
"product.product_part_343","ELBOW WIRE MAN 20 mm","SP02074","Installation","pcs",,,"02-04",,"Store ชั้น 2",,
"product.product_part_344","CONNECTOR WIRE MAN 20 mm","SP02075","Installation","pcs",,,"02-04",,"Store ชั้น 2",,
"product.product_part_345","WIRE MAN 20mm THREAD CONNECTOR","SP02076","Installation","pcs",,,"02-04",,"Store ชั้น 2",,
"product.product_part_346","PVC PIPE SUPPORT","SP02077","Installation","pcs",,,"02-04",,"Store ชั้น 2",,
"product.product_part_347","FLOOR HEATER","SP02078","Installation","set",,,"02-04",,"Store ชั้น 2",,
"product.product_part_348","DOOR KNOB ( SHOWA )","SP02079","Installation","pcs",,,"02-04",,"Store ชั้น 2",,
"product.product_part_349","SLIDING DOOR CLOSER ( SLIDE )","SP02080","Installation","pcs",,,"Palete",,"Store ชั้น 2 New",,
"product.product_part_350","D-HANDLE SS 60X240","SP02081","Installation","pcs",,,"02-04",,"Store ชั้น 2",,
"product.product_part_351","ROLLER FOR SLIDING DOOR","SP02082","Installation","pcs",,,"02-04",,"Store ชั้น 2",,
"product.product_part_352","ROCK SET FOR SLIDING DOOR","SP02083","Installation","pcs",,,"02-04",,"Store ชั้น 2",,
"product.product_part_353","CAM LIFT RING SAFETY LATCH 1178 PS3","SP02084","Installation","pcs",,,,,"Store ชั้น 2",,
"product.product_part_354","PLASTIC WASHER","SP02085","Installation","pcs",,,"02-04",,"Store ชั้น 2",,
"product.product_part_355","WATER PROOF FLUORESCENT HOUSING 1X36W","SP02086","Installation","pcs",,,"02-04",,"Store ชั้น 2",,
"product.product_part_356","FLUORESCENT TUBS 36 W","SP02087","Installation","pcs",,,"02-05",,"Store ชั้น 2",,
"product.product_part_357","BALLAST 36 W","SP02088","Installation","pcs",,,"02-05",,"Store ชั้น 2",,
"product.product_part_358","STARTER 36 W","SP02089","Installation","pcs",,,"02-05",,"Store ชั้น 2",,
"product.product_part_359","DOOR HINGE 1460HS","SP02091","Installation","pcs",,,"02-05",,"Store ชั้น 2",,
"product.product_part_360","SAFETY RELEASE L118 mm","SP02093","Installation","pcs",,,"02-05",,"Store ชั้น 2",,
"product.product_part_361","I - BOLT 3/8 X 120","SP02094","Installation","pcs",,,"02-05",,"Store ชั้น 2",,
"product.product_part_362","DURACON 1/2 * 200 mm","SP02095","Installation","set",,,"02-05",,"Store ชั้น 2",,
"product.product_part_363","DUST-PROOF FEMALE DOOR BOLT","SP02096","Installation","pcs",,,"02-05",,"Store ชั้น 2",,
"product.product_part_364","BOTTOM SEAL ( CLEAN ROOM)","SP02097","Installation","m",,,"02-05",,"Store ชั้น 2",,
"product.product_part_365","POINT HAGING BRACKET 35X58 ( 10 mm )","SP02099","Installation","pcs",,,"02-05",,"Store ชั้น 2",,
"product.product_part_366","BOX E210 ONE WAY","SP02100","Installation","pcs",,,"02-05",,"Store ชั้น 2",,
"product.product_part_367","BOX E210 TWO WAY","SP02101","Installation","pcs",,,"02-05",,"Store ชั้น 2",,
"product.product_part_368","BOX E210 TREE WAY","SP02102","Installation","pcs",,,"02-05",,"Store ชั้น 2",,
"product.product_part_369","POINT HAGING BRACKET 35X58 ( 27 mm )","SP02103","Installation","pcs",,,"02-12",,"Store ชั้น 2",,
"product.product_part_370","DOOR LEVER( SHOWA )เขาควาย","SP02104","Installation","pcs",,,,,"Store ชั้น 2",,
"product.product_part_371","U-CHANNEL 42 mm","SP02105","Installation","pcs",,,,,"ไม่มีของ",,
"product.product_part_372","PACKING FOAM TAPE","SP02106","Installation","roll",,,"02-05",,"Store ชั้น 2",,
"product.product_part_373","BOTTOM GUIDE ( SLIDING DOOR )","SP02107","Installation","pcs",,,"02-06",,"Store ชั้น 2",,
"product.product_part_374","DOOR BOLT NO.111","SP02110","Installation","pcs",,,"02-06",,"Store ชั้น 2",,
"product.product_part_375","POINT HANGING BRAKET 58X43","SP02111","Installation","pcs",,,"02-05",,"Store ชั้น 2",,
"product.product_part_376","DROP SEAL 930","SP02114","Installation","pcs",,,"02-06",,"Store ชั้น 2",,
"product.product_part_377","DROP SEAL 1230","SP02116","Installation","pcs",,,"02-06",,"Store ชั้น 2",,
"product.product_part_378","SCREW ( ROUND HEAD ) 8 X 1 1/2""","SP02117","Installation","pcs",,,"02-06",,"Store ชั้น 2",,
"product.product_part_379","PLASTIC ANCHOR","SP02118","Installation","pcs",,,"02-06",,"Store ชั้น 2",,
"product.product_part_380","SILICONE NP-1 P.U. WHITE-CTG","SP02119","Installation","pcs",,,"ซิลิโคน",,"ห้องเคมี",,
"product.product_part_381","DOUBLE DOOR LATCH 1178 PS2","SP02120","Installation","set",,,"02-06",,"Store ชั้น 2",,
"product.product_part_382","DROP SEAL 1085","SP02122","Installation","pcs",,,"02-06",,"Store ชั้น 2",,
"product.product_part_383","3 M DOUBLE TAPE ( 18mm )","SP02123","Installation","roll",,,"02-09",,"Store ชั้น 2",,
"product.product_part_384","WASHER 3/8"" OD 22 mm","SP02124","Installation","pcs",,,"02-06",,"Store ชั้น 2",,
"product.product_part_385","DOOR STOPER","SP02126","Installation","pcs",,,"02-06",,"Store ชั้น 2",,
"product.product_part_386","SCREW TEPER HEAD NO.8X1 1/2""","SP02127","Installation","pcs",,,"02-06",,"Store ชั้น 2",,
"product.product_part_387","SAFETY RELEASE L130 mm","SP02128","Installation","pcs",,,"02-06",,"Store ชั้น 2",,
"product.product_part_388","TURN BUCKLE M6","SP02133","Installation","pcs",,,"02-07",,"Store ชั้น 2",,
"product.product_part_389","SEALANT ( WHITE ) 6S","SP02134","Installation","tube",,,"ซิลิโคน",,"ห้องเคมี",,
"product.product_part_390","DOOR HINGE 175X50X30 mm(R)","SP02135","Installation","pcs",,,"Palete",,"Store ชั้น 2",,
"product.product_part_391","PULL HANDLE PH 301-8""","SP02140","Installation","pcs",,,"02-10",,"Store ชั้น 2",,
"product.product_part_392","PUSH PLATE HANDLE 8""","SP02141","Installation","pcs",,,"02-07",,"Store ชั้น 2",,
"product.product_part_393","SAVPRO 307 CLEANER","SP02142","Installation","pcs",,,"02-11",,"Store ชั้น 2",,
"product.product_part_394","RETURN GRILL","SP02143","Installation","pcs",,,"Palete",,"ด้านล่าง",,
"product.product_part_395","RUBBER PACKING RETURN GRILL","SP02144","Installation","pcs",,,"Palete",,"Store ชั้น 2 New",,
"product.product_part_396","PULL HANDLE "" V ""","SP02147","Installation","set",,,"Palete",,"Store ชั้น 2 New",,
"product.product_part_397","PUSH PLATE HANDLE (W)150 X (L)285 X 2 mm","SP02148","Installation","pcs",,,"Palete",,"Store ชั้น 2 New",,
"product.product_part_398","DOOR RUBBER SEAL FOR DOUBLE SWING DOOR","SP02149","Installation","m",,,"Palete",,"Store ชั้น 2 New",,
"product.product_part_399","SHOWA DEADLOCK 397-05-US32D -50","SP02150","Installation","set",,,"02-07",,"Store ชั้น 2",,
"product.product_part_400","NYLON HINGE CFG160L-BRP","SP02151","Installation","pcs",,,,,"ไม่มีของ",,
"product.product_part_401","NYLON HANDLE MFG 110/007","SP02152","Installation","pcs",,,,,"ไม่มีของ",,
"product.product_part_402","TEMPER GLASS 447X587X5 mm","SP02156","Installation","pcs",,,"กระจก",,"โกดังคอยล์",,
"product.product_part_403","STAINLESS PLATE ครึ่งวงกลม","SP02158","Installation","pcs",,,"02-07",,"Store ชั้น 2",,
"product.product_part_404","HANGING FOR STUD 3/8""","SP02160","Installation","pcs",,,"02-12",,"Store ชั้น 2",,
"product.product_part_405","SUPPORT ADJUSTMENT FOR SWING DOOR","SP02161","Installation","set",,,"02-07",,"Store ชั้น 2",,
"product.product_part_406","SUPPORT ADJUSTMENT FOR CEILING JOINT","SP02162","Installation","set",,,"02-07",,"Store ชั้น 2",,
"product.product_part_407","STUD BOLT 3/8"" X 1M เกลียวซ้าย","SP02163","Installation","pcs",,,,,"ไม่มีของ",,
"product.product_part_408","NUT 3/8"" เกลียวซ้าย","SP02164","Installation","pcs",,,"02-07",,"Store ชั้น 2",,
"product.product_part_409","SCREWเกลียวปล่อย(T) #8 X 2 1/2"" (ยิงข้างประตู)","SP02165","Installation","pcs",,,"02-01",,"Store ชั้น 2",,
"product.product_part_410","TEMPER GLASS 1158X900X5 mm","SP02169","Installation","pcs",,,"กระจก",,"โกดังคอยล์",,
"product.product_part_411","HANGING FOR HEPA(เกลียวซ้าย3/8"")","SP02170","Installation","pcs",,,"02-09",,"Store ชั้น 2",,
"product.product_part_412","HANDLE FOR FREEZER DOOR","SP02171","Installation","pcs",,,"02-08",,"Store ชั้น 2",,
"product.product_part_413","SUS STUD M6 X 1 m(เกลียวมิล)","SP02172","Installation","pcs",,,"04-09",,"ออฟฟิสสโตร์",,
"product.product_part_414","SUS HEX CAP NUT M6 (เกลียวมิล)","SP02173","Installation","pcs",,,"04-09",,"ออฟฟิสสโตร์",,
"product.product_part_415","SUS WASHER M6","SP02174","Installation","pcs",,,"04-09",,"ออฟฟิสสโตร์",,
"product.product_part_416","STUD 3/8"" X 2 m","SP02175","Installation","pcs",,,"ข้างห้องเคมี",,"ด้านล่าง",,
"product.product_part_417","HINGE FOR AHU DOOR","SP02176","Installation","pcs",,,"02-08",,"Store ชั้น 2",,
"product.product_part_418","HANDLE FOR AHU DOOR THK.25 mm","SP02177","Installation","pcs",,,"02-09",,"Store ชั้น 2",,
"product.product_part_419","HANDLE FOR AHU DOOR THK.50 mm","SP02178","Installation","pcs",,,"02-08",,"Store ชั้น 2",,
"product.product_part_420","CONDENSE STOP GLASS 170X170X25 mm","SP02179","Installation","set",,,"02-08",,"Store ชั้น 2",,
"product.product_part_421","CONDENSE STOP GLASS 170X170X50 mm","SP02180","Installation","set",,,"02-08",,"Store ชั้น 2",,
"product.product_part_422","AIR RETURN FILTER 530X530X10 mm","SP02181","Installation","pcs",,,,,"ไม่มีของ",,
"product.product_part_423","DOOR PACKING EPDM SAPSQ-05 FOR AHU","SP02182","Installation","m",,,"Palete",,"Store ชั้น 2 New",,
"product.product_part_424","DOOR PACKING EPDM SAPSQ-06 FOR CLEAN ROOM","SP02183","Installation","m",,,"Palete",,"Store ชั้น 2 New",,
"product.product_part_425","SELF DRILLING SCREW # 8 X 3/4"" (TRUSS HEAD)","SP02184","Installation","pcs",,,"02-09",,"Store ชั้น 2",,
"product.product_part_426","POP RIVET 5-8","SP02185","Installation","pcs",,,"02-09",,"Store ชั้น 2",,
"product.product_part_427","PACKING SANTOPRENE SAPSQ-04 FOR RETURN GRILL","SP02186","Installation","m",,,,,"ไม่มีของ",,
"product.product_part_428","SELF DRILLING SCREW # 6 X 3/4"" (PAN HEAD)","SP02187","Installation","pcs",,,"02-07",,"Store ชั้น 2",,
"product.product_part_429","DOOR EPDM SAPSQ-08 FOR AHU 50 mm","SP02194","Installation","m",,,"Palete",,"Store ชั้น 2 New",,
"product.product_part_430","HINGE FOR CLEAN ROOM DOOR MODEL: KIN LONG LHD (LEFT)","SP02195","Installation","set",,,"Palete",,"Store ชั้น 2",,
"product.product_part_431","HINGE FOR CLEAN ROOM DOOR MODEL: KIN LONG LHD (RIGHT)","SP02196","Installation","set",,,"Palete",,"Store ชั้น 2",,
"product.product_part_432","DOOR CLOSER DORMA : TS 90","SP02197","Installation","set",,,"Palete",,"Store ชั้น 2 New",,
"product.product_part_433","สี SPRAY(OFF WHITE) 2K สีครีม # 6769","SP02198","Installation","pcs",,,"02-10",,"Store ชั้น 2",,
"product.product_part_434","สี SPRAY(ALPINE WHITE) 2K สีครีมด้าน # 6775","SP02199","Installation","pcs",,,"02-10",,"Store ชั้น 2",,
"product.product_part_435","ADJUST LEVEL BASE FOR NON PROGRESSIVE","SP02200","Installation","pcs",,,"02-11",,"Store ชั้น 2",,
"product.product_part_436","SPACING KEY FOR NON PROGRESSIVE","SP02201","Installation","pcs",,,"02-09",,"Store ชั้น 2",,
"product.product_part_437","SPACING SPRING KEY LOCK FOR NON PROGRESSIVE","SP02202","Installation","pcs",,,"02-09",,"Store ชั้น 2",,
"product.product_part_438","KEY LOCK JOINT (A) FOR NON PROGRESSIVE แบบตรง","SP02203","Installation","pcs",,,"02-10",,"Store ชั้น 2",,
"product.product_part_439","KEY LOCK JOINT (B) FOR NON PROGRESSIVE แบบเกลียว","SP02204","Installation","pcs",,,"02-10",,"Store ชั้น 2",,
"product.product_part_440","CEILING SUPPORT (A) FOR NON PROGRESSIVE 3/8""เกลียวซ้าย","SP02205","Installation","pcs",,,"02-11",,"Store ชั้น 2",,
"product.product_part_441","CEILING SUPPORT (B) 4 WAYS FOR NON PROGRESSIVE","SP02206","Installation","pcs",,,"02-12",,"Store ชั้น 2",,
"product.product_part_442","CEILING SUPPORT (C) EDGE FOR NON PROGRESSIVE 3/8""เกลียวซ้าย","SP02207","Installation","pcs",,,"02-12",,"Store ชั้น 2",,
"product.product_part_443","กระดาษเช็ดกระจก WY PALL","SP02208","Installation","roll",,,"02-10",,"Store ชั้น 2",,
"product.product_part_444","TEST PORT AIR RETURN HEPA","SP02209","Installation","set",,,"02-10",,"Store ชั้น 2",,
"product.product_part_445","HEPA RETURN GRILL (W)649 X (H)649 X 2T","SP02210","Installation","pcs",,,"Palete",,,,
"product.product_part_446","SOCKET BOLT M5 X 30 mm","SP02211","Installation","pcs",,,"02-09",,"Store ชั้น 2",,
"product.product_part_447","PRE FILTER 586 X 586 X 10 mm","SP02212","Installation","pcs",,,,,"ไม่มีของ",,
"product.product_part_448","น้ำยาเช็ดกระจก MOSA","SP02213","Installation","gal",,,"02-11",,"Store ชั้น 2",,
"product.product_part_449","WINDOW FOR DOOR PANEL AHU 25 mm","SP02214","Installation","set",,,"02-11",,"Store ชั้น 2",,
"product.product_part_450","WINDOW FOR DOOR PANEL AHU 50 mm","SP02215","Installation","set",,,"02-11",,"Store ชั้น 2",,
"product.product_part_451","สกรูปลายสว่านหัวเตเปอร์ (ADF) #6 x 1"" ชุบขาว HOUSING","SP02216","Installation","pcs",,,"02-11",,"Store ชั้น 2",,
"product.product_part_452","สกรูปลายสว่านหัวเตเปอร์ (ADF) #8 x 2 1/2"" ชุบขาว HOUSING","SP02217","Installation","pcs",,,"02-11",,"Store ชั้น 2",,
"product.product_part_453","สกรูหัวเหลี่ยมปลายสว่าน-เกลียว 2 ขั้น #14-12 x 80 mm HOUSING","SP02218","Installation","pcs",,,"02-11",,"Store ชั้น 2",,
"product.product_part_454","สกรูปลายสว่านหัวกลม (ADP) #10 x 1/2"" ชุบขาว HOUSING","SP02219","Installation","pcs",,,"02-11",,"Store ชั้น 2",,
"product.product_part_455","สกรูปลายสว่านหัวกลม (ADF) #8 x 2"" ชุบขาว HOUSING","SP02220","Installation","pcs",,,"02-11",,"Store ชั้น 2",,
"product.product_part_456","STUD ต๊าปเกลียวหัวท้าย 1/2"" x 9"" (+2NUT +2WASHER ) ชุบขาว HOUSING","SP02221","Installation","pcs",,,"02-11",,"Store ชั้น 2",,
"product.product_part_457","โบล์ทหัวหกเหลี่ยมเกลียวครึ่ง 1/2"" x 6 1/2"" (+1NUT +2WASHER ) HOUSING","SP02222","Installation","pcs",,,"02-11",,"Store ชั้น 2",,
"product.product_part_458","J - Bolt 1/2"" (+1NUT +1WASHER ) HOUSING","SP02223","Installation","pcs",,,"02-11",,"Store ชั้น 2",,
"product.product_part_459","STEEL STUD 75x50x(T)0.8 mm L:3000 mm (Weight 3.8 kg/m2) HOUSING","SP02224","Installation","pcs",,,"02-11",,"Store ชั้น 2",,
"product.product_part_460","STEEL TRUCK 40x75x40x(T)0.8 L:3000 mm HOUSING","SP02225","Installation","pcs",,,"02-11",,"Store ชั้น 2",,
"product.product_part_461","STEEL COVER 35x102x35(T)0.8 L:3000 mm HOUSING","SP02226","Installation","pcs",,,"02-11",,"Store ชั้น 2",,
"product.product_part_461-1","ตัวกันกระแทกมือจับ","SP02227","Installation","pcs",,,"02-11",,"Store ชั้น 2",,
"product.product_part_462","DOUBLE TAPE ( 96 mm )/กาวสองหน้า","SP03001","Supplies","roll",,,"Palete",,"Store ชั้น 2",,
"product.product_part_463","SCRAP COTTON","SP03002","Supplies","roll",,,"Palete",,"Store ชั้น 2",,
"product.product_part_464","FILAMENT TAPE ( 18 mm )","SP03003","Supplies","roll",,,"03-01",,"Store ชั้น 2",,
"product.product_part_465","PLASTIC BAG ( 36"" X 46"" )","SP03004","Supplies","set",,,"03-01",,"Store ชั้น 2",,
"product.product_part_466","LATCH SHIMING PLATE","SP03005","Supplies","pcs",,,"03-06",,"Store ชั้น 2",,
"product.product_part_467","PROTECTOR FILM (CLEAR)","SP03006","Supplies","roll",,,,,"โกดังคอยล์",,
"product.product_part_468","PROTECTOR FILM (BLUE)","SP03007","Supplies","roll",,,,,"โกดังคอยล์",,
"product.product_part_469","TURPENTINE(น้ำมันสน)","SP03008","Supplies","gal",,,"Palete",,"Store ชั้น 2",,
"product.product_part_470","THINNER "" AAA ""","SP03009","Supplies","gal",,,"Palete",,"Store ชั้น 2",,
"product.product_part_471","COTTON GLOVE","SP03010","Supplies","set",,,"03-01",,"Store ชั้น 2",,
"product.product_part_472","DOOR REINFORCED PLATE ขนาด 100 mm * 100 mm","SP03011","Supplies","pcs",,,"03-05",,"Store ชั้น 2",,
"product.product_part_473","REINFORCED BRACKET","SP03012","Supplies","pcs",,,"Palete",,"ด้านล่าง",,
"product.product_part_474","DOOR REINFORCED PLATE ขนาด 37mm * 170 mm","SP03013","Supplies","pcs",,,"03-05",,"Store ชั้น 2",,
"product.product_part_475","RUBBER GLOVE","SP03015","Supplies","set",,,"03-01",,"Store ชั้น 2",,
"product.product_part_476","HINGE SHIMING PLATE","SP03016","Supplies","pcs",,,"03-06",,"Store ชั้น 2",,
"product.product_part_477","PLASTIC FILM","SP03017","Supplies","roll",,,"Palete",,"Store ชั้น 2 New",,
"product.product_part_478","CLIP LOCK FOR FASTENER","SP03018","Supplies","pcs",,,"03-01",,"Store ชั้น 2",,
"product.product_part_479","RELEASE AGENT ( WAX )","SP03019","Supplies","kg",,,"Palete",,"Store ชั้น 2",,
"product.product_part_480","FASTENER","SP03020","Supplies","roll",,,"03-01",,"Store ชั้น 2",,
"product.product_part_481","CLOTH TAPE","SP03021","Supplies","roll",,,"Palete",,"Store ชั้น 2",,
"product.product_part_482","METHYLENE CHLORIDE (ICI)","SP03022","Supplies","kg",,,"ซิลิโคน",,"ห้องเคมี",,
"product.product_part_483","CAMLOCK","SP03023","Supplies","pcs",,,"ซิลิโคน",,"ห้องเคมี",,
"product.product_part_484","3M DOUBLE TAP ( 12 mm )","SP03024","Supplies","roll",,,"03-06",,"Store ชั้น 2",,
"product.product_part_485","DOOR FRAME HEATER","SP03025","Supplies","m",,,"03-06",,"Store ชั้น 2",,
"product.product_part_486","INSIDE DOOR HANDLE","SP03026","Supplies","pcs",,,"03-06",,"Store ชั้น 2",,
"product.product_part_487","DOOR LEAF HANGER( R )","SP03027","Supplies","pcs",,,"03-06",,"Store ชั้น 2",,
"product.product_part_488","DOOR LEAF HANGER ( L )","SP03028","Supplies","pcs",,,"03-06",,"Store ชั้น 2",,
"product.product_part_489","SCREW M6X30","SP03029","Supplies","pcs",,,"03-06",,"Store ชั้น 2",,
"product.product_part_490","SLIDING DOOR SEAL","SP03030","Supplies","m",,,"03-06",,"Store ชั้น 2",,
"product.product_part_491","EDGE DOOR HANDLE W 110 mm","SP03031","Supplies","pcs",,,"03-06",,"Store ชั้น 2",,
"product.product_part_492","STICKER LOGO","SP03032","Supplies","pcs",,,"03-01",,"Store ชั้น 2",,
"product.product_part_493","PVC PROJILE FOR DOOR SEAL","SP03033","Supplies","pcs",,,"03-03",,"Store ชั้น 2",,
"product.product_part_494","CRAFT PAPER BROWN 102X200","SP03034","Supplies","pcs",,,"Palete",,"Store ชั้น 2 New",,
"product.product_part_495","SCREW M6X20 SUS","SP03035","Supplies","pcs",,,"03-06",,"Store ชั้น 2",,
"product.product_part_496","PACKING S.76101","SP03036","Supplies","m",,,"03-06",,"Store ชั้น 2",,
"product.product_part_497","INSA NUT (ตัวหนอน) M6 X 13","SP03037","Supplies","pcs",,,"03-06",,"Store ชั้น 2",,
"product.product_part_498","SCREW ( TAPER HEAD ) M6 X30 SUS.","SP03038","Supplies","pcs",,,"03-02",,"Store ชั้น 2",,
"product.product_part_499","SCREW MIL ( TAPER HEAD ) M6X45","SP03039","Supplies","pcs",,,"03-02",,"Store ชั้น 2",,
"product.product_part_500","SCREW ( TAPER HEAD )M6X45 SUS","SP03040","Supplies","pcs",,,"03-02",,"Store ชั้น 2",,
"product.product_part_501","CHEMICAL GLOVE","SP03041","Supplies","pcs",,,"03-02",,"Store ชั้น 2",,
"product.product_part_502","BLACK STEEL SHEET 1.2mm 4' X 8'","SP03042","Supplies","pcs",,,,,"โกดังคอยล์",,
"product.product_part_503","STEEL PLATE 6X100X200 mm","SP03043","Supplies","pcs",,,,,"ไม่มีของ",,
"product.product_part_504","SCRAP COTTON ( WHITE )","SP03044","Supplies","kg",,,"Palete",,"Store ชั้น 2",,
"product.product_part_505","SLIDING DOOR FLUSH HANDLE","SP03045","Supplies","pcs",,,"03-02",,"Store ชั้น 2",,
"product.product_part_506","EDGE DOOR HANDLE W 130 mm","SP03046","Supplies","pcs",,,"03-06",,"Store ชั้น 2",,
"product.product_part_507","ใบเลื่อย JIG SAW สั้น","SP03047","Supplies","pcs",,,"03-02",,"Store ชั้น 2",,
"product.product_part_508","ใบเลื่อย JIG SAW ยาว","SP03048","Supplies","pcs",,,"03-02",,"Store ชั้น 2",,
"product.product_part_509","ดอกสว่าน 5/32""","SP03049","Supplies","pcs",,,"03-02",,"Store ชั้น 2",,
"product.product_part_510","ดอกสว่าน 1/8""","SP03050","Supplies","pcs",,,"03-02",,"Store ชั้น 2",,
"product.product_part_511","ผ้าปิดจมูก","SP03051","Supplies","pcs",,,"03-02",,"Store ชั้น 2",,
"product.product_part_512","แปรงทาสี NO.3","SP03052","Supplies","pcs",,,"03-02",,"Store ชั้น 2",,
"product.product_part_513","แปรงทาสี NO.4","SP03053","Supplies","pcs",,,"03-02",,"Store ชั้น 2",,
"product.product_part_514","เกียง NO.2","SP03054","Supplies","pcs",,,"03-02",,"Store ชั้น 2",,
"product.product_part_515","เกียง NO.3","SP03055","Supplies","pcs",,,"03-02",,"Store ชั้น 2",,
"product.product_part_516","เกียง NO.4","SP03056","Supplies","pcs",,,"03-02",,"Store ชั้น 2",,
"product.product_part_517","กระดาษทรายละเอียด NO.600","SP03057","Supplies","pcs",,,"03-02",,"Store ชั้น 2",,
"product.product_part_518","กระดาษทรายละหยาบ NO.80","SP03058","Supplies","pcs",,,"03-02",,"Store ชั้น 2",,
"product.product_part_519","เข็มขัดรัดสายฉีดโฟม DIA1X27-40 mm","SP03061","Supplies","pcs",,,"03-02",,"Store ชั้น 2",,
"product.product_part_520","เข็มขัดรัดสายฉีดโฟม DIA1X28-41 mm","SP03062","Supplies","pcs",,,"03-02",,"Store ชั้น 2",,
"product.product_part_521","สีซ่อมแผ่น ตราใบพัด IVORY","SP03065","Supplies","pcs",,,"03-02",,"Store ชั้น 2",,
"product.product_part_522","สีซ่อมแผ่น ตราใบพัด OFF WHITE","SP03066","Supplies","pcs",,,"03-02",,"Store ชั้น 2",,
"product.product_part_523","สีซ่อมแผ่น ตราใบพัด ALPINE WHITE","SP03067","Supplies","pcs",,,"03-02",,"Store ชั้น 2",,
"product.product_part_524","เทปพันสายไฟ","SP03068","Supplies","pcs",,,"03-02",,"Store ชั้น 2",,
"product.product_part_525","เทปพันเกลียว","SP03069","Supplies","pcs",,,"03-02",,"Store ชั้น 2",,
"product.product_part_526","หินเจียรใบบาง","SP03070","Supplies","pcs",,,"03-02",,"Store ชั้น 2",,
"product.product_part_527","หินเจียรใบหนา","SP03071","Supplies","pcs",,,"03-02",,"Store ชั้น 2",,
"product.product_part_528","บอลวาล์ว 1/2""","SP03072","Supplies","pcs",,,"03-02",,"Store ชั้น 2",,
"product.product_part_529","บอลวาล์ว 3/4""","SP03073","Supplies","pcs",,,"03-02",,"Store ชั้น 2",,
"product.product_part_530","ก๊อกน้ำ 1/2""","SP03074","Supplies","pcs",,,"03-02",,"Store ชั้น 2",,
"product.product_part_531","หลอดไฟสั้น","SP03075","Supplies","pcs",,,"03-03",,"Store ชั้น 2",,
"product.product_part_532","ลวดเชื่อม SUS 2.6X300 mm","SP03076","Supplies","pcs",,,"03-03",,"Store ชั้น 2",,
"product.product_part_533","ลวดเชื่อม SUS 3.2X350 mm","SP03077","Supplies","pcs",,,"03-03",,"Store ชั้น 2",,
"product.product_part_534","ลวดเชื่อม 2.6X350 mm","SP03078","Supplies","pcs",,,"03-03",,"Store ชั้น 2",,
"product.product_part_535","ลวดเชื่อม 3.2X350 mm","SP03079","Supplies","pcs",,,"03-03",,"Store ชั้น 2",,
"product.product_part_536","ฟอร์ย","SP03080","Supplies","pcs",,,"03-03",,"Store ชั้น 2",,
"product.product_part_537","RIVET 4-6","SP03081","Supplies","pcs",,,"03-03",,"Store ชั้น 2",,
"product.product_part_538","ใบหินเจียร 350X3X25.4 mm(14"")","SP03082","Supplies","pcs",,,"03-03",,"Store ชั้น 2",,
"product.product_part_539","ใบหินเจียร 350X3X25.4 mm(16"")","SP03083","Supplies","pcs",,,"03-03",,"Store ชั้น 2",,
"product.product_part_540","ใบตัด AL 12""","SP03084","Supplies","pcs",,,"03-03",,"Store ชั้น 2",,
"product.product_part_541","ใบตัด AL 14""","SP03085","Supplies","pcs",,,"03-03",,"Store ชั้น 2",,
"product.product_part_542","SCREW TEPER NO.7X1 1/2""","SP03087","Supplies","pcs",,,,,,,
"product.product_part_543","SCREW TEPER NO.10X3/4""","SP03088","Supplies","pcs",,,"03-03",,"Store ชั้น 2",,
"product.product_part_544","SCREW TEPER NO.8X5/8""","SP03089","Supplies","pcs",,,"03-03",,"Store ชั้น 2",,
"product.product_part_545","ภู่กัน NO.5","SP03091","Supplies","pcs",,,"03-03",,"Store ชั้น 2",,
"product.product_part_546","ภู่กัน NO.10","SP03092","Supplies","pcs",,,"03-03",,"Store ชั้น 2",,
"product.product_part_547","ฆ้อนยาง","SP03094","Supplies","pcs",,,"03-03",,"Store ชั้น 2",,
"product.product_part_548","ก๊อกน้ำ 3/4""","SP03108","Supplies","pcs",,,"03-03",,"Store ชั้น 2",,
"product.product_part_549","บอลวาล์ว 1 1/2""","SP03109","Supplies","pcs",,,"03-03",,"Store ชั้น 2",,
"product.product_part_550","กาวตราช้าง","SP03110","Supplies","pcs",,,"03-03",,"Store ชั้น 2",,
"product.product_part_551","ใบมีดคัดเตอร์","SP03111","Supplies","pcs",,,,,"ไม่มีของ",,
"product.product_part_552","คัตเตอร์","SP03112","Supplies","pcs",,,,,"ไม่มีของ",,
"product.product_part_553","CORRO-COAT PE BLUE NO.C1004800(BLUE)","SP03113","Supplies","kg",,,"สีฝุ่น",,"ห้องเคมี",,
"product.product_part_554","POLY FOAM 2'X4'X6 mm (โฟมขาว)","SP03114","Supplies","pcs",,,"Palete",,"Store ชั้น 2 New",,
"product.product_part_555","CORRO-COAT PE NO.C122110A (GREEN)","SP03115","Supplies","kg",,,"สีฝุ่น",,"ห้องเคมี",,
"product.product_part_556","NITTO PAPER MARKING TAPE NO.720(18mm X 18 m)","SP03116","Supplies","pcs",,,"03-03",,"Store ชั้น 2",,
"product.product_part_557","กล่องกุญแจตัวเล็กสำหรับ DEADLOCK,PASSDOOR","SP03117","Supplies","pcs",,,"03-04",,"Store ชั้น 2",,
"product.product_part_558","กล่องกุญแจตัวใหญ่สำหรับเขาควาย","SP03118","Supplies","pcs",,,"03-04",,"Store ชั้น 2",,
"product.product_part_559","ไม้อัด (W)1200 X (H)2400 X10mm","SP03119","Supplies","pcs",,,,,"ไม่มีของ",,
"product.product_part_560","VIVA BROAD (W)1200 X (H)2400 X10mm","SP03120","Supplies","pcs",,,,,"ไม่มีของ",,
"product.product_part_561","ท่อสายใยลวด 1""(สายยางฉีดโฟม)","SP03121","Supplies","m",,,"Palete",,"Store ชั้น 2 New",,
"product.product_part_562","E.mT. CONDUIT 3/4"" L : 4m","SP03127","Supplies","pcs",,,,,"โกดังอะลูมิเนียม",,
"product.product_part_563","กาวเลย์ ROCK WOOL","SP03131","Supplies","kg",,,"สีฝุ่น",,"ห้องเคมี",,
"product.product_part_564","กาวพ่น STAINLESS","SP03132","Supplies","gal",,,"Palete",,"Store ชั้น 2",,
"product.product_part_565","พลาสติกกันกระแทก","SP03133","Supplies","pcs",,,,,"Store ชั้น 2",,
"product.product_part_566","ดอกสว่าน STAINLESS 1/8""","SP03134","Supplies","pcs",,,"03-04",,"Store ชั้น 2",,
"product.product_part_567","ดอกสว่าน STAINLESS 5/32""","SP03135","Supplies","pcs",,,"03-04",,"Store ชั้น 2",,
"product.product_part_568","ดอกสว่าน STAINLESS 9/64""","SP03136","Supplies","pcs",,,"03-04",,"Store ชั้น 2",,
"product.product_part_569","ดอกHOLESAW 19 mm(ฟันคาร์ไบน์)","SP03137","Supplies","pcs",,,"03-04",,"Store ชั้น 2",,
"product.product_part_570","ดอกHOLESAW 28 mm(ฟันคาร์ไบน์)","SP03138","Supplies","pcs",,,"03-04",,"Store ชั้น 2",,
"product.product_part_571","ดอกHOLESAW 58 mm(ฟันคาร์ไบน์)","SP03139","Supplies","pcs",,,"03-04",,"Store ชั้น 2",,
"product.product_part_572","SILICONE N-100 BLACK","SP03140","Supplies","pcs",,,"ซิลิโคน",,"ห้องเคมี",,
"product.product_part_573","ปากกาเคมี สีน้ำเงิน","SP03142","Supplies","pcs",,,"03-04",,"Store ชั้น 2",,
"product.product_part_574","ปากกาเคมี สีแดง","SP03143","Supplies","pcs",,,"03-04",,"Store ชั้น 2",,
"product.product_part_575","DOOR REINFORCED PLATE ขนาด 25mm * 170 mm","SP03147","Supplies","pcs",,,"03-04",,"Store ชั้น 2",,
"product.product_part_576","CORNER RUBBER DOOR","SP03149","Supplies","pcs",,,"03-05",,"Store ชั้น 2",,
"product.product_part_577","บานพับ CM-1132-HS","SP03150","Supplies","set",,,"03-04",,"Store ชั้น 2",,
"product.product_part_578","CORRO-COAT PE NO.C120398A (GRAY)","SP03152","Supplies","kg",,,"สีฝุ่น",,"ห้องเคมี",,
"product.product_part_579","POWDER COATINGS : MONACA BLUE 1020816PX20( PE-7002)","SP03153","Supplies","kg",,,"สีฝุ่น",,"ห้องเคมี",,
"product.product_part_580","POWDER COATINGS :CAMPANULA BLUE 1020815PX20( PE-7002)","SP03154","Supplies","kg",,,"สีฝุ่น",,"ห้องเคมี",,
"product.product_part_581","PE FOAM WITH LAMINATE SIZE (W)1300X(L)15000X(T)1.0 mm","SP03155","Supplies","roll",,,"Palete",,"Store ชั้น 2 New",,
"product.product_part_582","REINFORCED BRACKET3/8""เกลียวซ้าย","SP03156","Supplies","pcs",,,"03-04",,"Store ชั้น 2",,
"product.product_part_583","POWDER COATINGS : ALPINE WHITE PE-7082 1023653PX20 (MATT WHITE)","SP03157","Supplies","kg",,,"สีฝุ่น",,"ห้องเคมี",,
"product.product_part_584","POWDER COATINGS : OFF WHITE PE-7082 1023652PX20 (LIGHT GREY)","SP03158","Supplies","kg",,,"สีฝุ่น",,"ห้องเคมี",,
"product.product_part_585","POWDER COATINGS : BLUE PE-7082 1023654PX20 (BLUE)","SP03159","Supplies","kg",,,"สีฝุ่น",,"ห้องเคมี",,
"product.product_part_586","REINFORCED PLATE 100 X 300","SP03160","Supplies","pcs",,,"Palete",,"ด้านล่าง",,
"product.product_part_587","REINFORCED PLATE 100 X 100+ไม้10mm","SP03161","Supplies","pcs",,,"Palete",,"Store ชั้น 2",,
"product.product_part_588","RUBBER PLUG FOR RETURN GRILL","SP03162","Supplies","pcs",,,"03-04",,"Store ชั้น 2",,
"product.product_part_589","ASTRO SCREEN INK NO.120 WHITE","SP03164","Supplies","kg",,,"03-04",,"Store ชั้น 2",,
"product.product_part_590","น้ำมันผสม TANAKA SOLVENT NO.35","SP03165","Supplies","kg",,,"Palete",,"Store ชั้น 2",,
"product.product_part_591","น้ำมันล้าง TANAKA SOLVENT NO.30","SP03166","Supplies","kg",,,"Palete",,"Store ชั้น 2",,
"product.product_part_592","บูธ บานพับ KINLONG","SP03167","Supplies","pcs",,,"03-06",,"Store ชั้น 2",,
"product.product_part_593","กล่องกุญแจตัวเล็กสำหรับ DEADLOCK,PASSDOOR FOR DORMA","SP03169","Supplies","pcs",,,"03-05",,"Store ชั้น 2",,
"product.product_part_594","กล่องกุญแจตัวใหญ่สำหรับเขาควาย FOR DORMA","SP03170","Supplies","pcs",,,"03-05",,"Store ชั้น 2",,
"product.product_part_595","DORMA DST208/55mm(DEAD LOCK SET)","SP03171","Supplies","set",,,"03-05",,"Store ชั้น 2",,
"product.product_part_596","DORMA PURE8100 HANDLE (ชุดเขาควาย)","SP03172","Supplies","set",,,"Palete",,"Store ชั้น 2 New",,
"product.product_part_597","HINGE SUPPORT FOR KINLONG","SP03173","Supplies","pcs",,,"03-06",,"Store ชั้น 2",,
"product.product_part_598","ANGLE LOCK 90?(80X80X1.6mm)","SP03174","Supplies","pcs",,,"03-06",,"Store ชั้น 2",,
"product.product_part_599","PLATE ""PULL""","SP03175","Supplies","pcs",,,"04-10",,"Store ชั้น 2",,
"product.product_part_600","PLATE ""PUSH""","SP03176","Supplies","pcs",,,"04-10",,"Store ชั้น 2",,
"product.product_part_601","PLATE ""ดึง""","SP03177","Supplies","pcs",,,"04-10",,"Store ชั้น 2",,
"product.product_part_602","PLATE ""ผลัก""","SP03178","Supplies","pcs",,,"04-10",,"Store ชั้น 2",,
"product.product_part_603","POWDER COATINGS : CHROME PU-6709 1012202PX15","SP03179","Supplies","kg",,,"04-10",,"Store ชั้น 2",,
"product.product_part_604","PVC FRAME FOR DAIKIN 25 mm","SP04001","PVC","pcs",,,"04-03",,"โกดังเก็บพีวีซี",,
"product.product_part_605","PVE FRAME FOR DAIKIN 41.5 mm","SP04002","PVC","pcs",,,"04-10",,"โกดังเก็บพีวีซี",,
"product.product_part_606","DOOR FRAME 42 mm","SP04004","PVC","pcs",,,"04-08",,"โกดังเก็บพีวีซี",,
"product.product_part_607","PVC FRAME 50 mm","SP04005","PVC","pcs",,,"04-20",,"โกดังเก็บพีวีซี",,
"product.product_part_608","PVC FRAME 75 mm","SP04006","PVC","pcs",,,"04-20",,"โกดังเก็บพีวีซี",,
"product.product_part_609","PVC FRAME 100 mm","SP04007","PVC","pcs",,,"04-04",,"โกดังเก็บพีวีซี",,
"product.product_part_610","DOOR FRAME 100 mm","SP04009","PVC","pcs",,,"04-01",,"โกดังเก็บพีวีซี",,
"product.product_part_611","PVC FRAME 25 mm","SP04010","PVC","pcs",,,"04-01",,"โกดังเก็บพีวีซี",,
"product.product_part_612","MALE FRAME [42mm]","SP04011","PVC","pcs",,,"04-08",,"โกดังเก็บพีวีซี",,
"product.product_part_613","FEMALE FRAME [42mm]","SP04012","PVC","pcs",,,"04-19",,"โกดังเก็บพีวีซี",,
"product.product_part_614","CORNER FRAME R,L [42mm]","SP04013","PVC","pcs",,,"Palete",,"Store ชั้น 2 New",,
"product.product_part_615","MALE FRAME 100 mm","SP04014","PVC","pcs",,,"04-16",,"โกดังเก็บพีวีซี",,
"product.product_part_616","PVC SPACER 42 mm","SP04016","PVC","pcs",,,"Palete",,"Store ชั้น 2",,
"product.product_part_617","PVC SPACER 50 mm","SP04017","PVC","pcs",,,"Palete",,"Store ชั้น 2",,
"product.product_part_618","PVC SPACER 75 mm","SP04018","PVC","pcs",,,"Palete",,"Store ชั้น 2 New",,
"product.product_part_619","PVC SPACER 100 mm","SP04019","PVC","pcs",,,"Palete",,"Store ชั้น 2 New",,
"product.product_part_620","PVC SPACER 125 mm","SP04020","PVC","pcs",,,"Palete",,"Store ชั้น 2 New",,
"product.product_part_621","PVC SPACER 150 mm","SP04021","PVC","pcs",,,"Palete",,"Store ชั้น 2 New",,
"product.product_part_622","PVC ELBOW FOR DOOR SEAL","SP04022","PVC","pcs",,,"04-04",,"Store ชั้น 2",,
"product.product_part_623","FLOOR & CEILING FRAME 100 mm","SP04023","PVC","pcs",,,"04-14",,"โกดังเก็บพีวีซี",,
"product.product_part_624","FEMALE FRAME 100 mm","SP04024","PVC","pcs",,,"04-07",,"โกดังเก็บพีวีซี",,
"product.product_part_625","PVC PIPE 20 mm","SP04027","PVC","pcs",,,"04-03",,"โกดังเก็บพีวีซี",,
"product.product_part_626","PVC FRAME ANGLE 65 mm(OFF WHITE)","SP04028","PVC","pcs",,,"04-22",,"โกดังเก็บพีวีซี",,
"product.product_part_627","PVC FRAME ANGLE 65 mm(ALPINE WHITE)","SP04033","PVC","pcs",,,"04-05",,"โกดังเก็บพีวีซี",,
"product.product_part_628","MALE FRAME 75 mm","SP04034","PVC","pcs",,,"04-14",,"โกดังเก็บพีวีซี",,
"product.product_part_629","FEMALE FRAME 75 mm","SP04035","PVC","pcs",,,"04-07",,"โกดังเก็บพีวีซี",,
"product.product_part_630","FLOOR & CEILING 75 mm","SP04036","PVC","pcs",,,"04-14",,"โกดังเก็บพีวีซี",,
"product.product_part_631","PVC CORNER 75 mm","SP04037","PVC","pcs",,,"04-04",,"Store ชั้น 2",,
"product.product_part_632","PVC FRAME 25 X 50 (SINKO)","SP04038","PVC","pcs",,,"04-07",,"โกดังเก็บพีวีซี",,
"product.product_part_633","PVC DOOR FRAME 49 mm","SP04039","PVC","pcs",,,"04-07",,"โกดังเก็บพีวีซี",,
"product.product_part_634","PVC FRAME H9X17X32 FOR TAKAHASHI","SP04040","PVC","pcs",,,"04-02",,"โกดังเก็บพีวีซี",,
"product.product_part_635","PVC FRAME H9X16X53 FOR TAKAHASHI","SP04041","PVC","pcs",,,"04-06",,"โกดังเก็บพีวีซี",,
"product.product_part_636","PVC FEMALE FRAME 42mm SIZE : L 2400 mm (@ 14.25/m)","SP04042","PVC","pcs",,,,,"โกดังเก็บพีวีซี",,
"product.product_part_637","ฝาฉีดโฟมตัวเมีย 42 mm","SP04043","PVC","pcs",,,"04-01",,"Store ชั้น 2",,
"product.product_part_638","ฝาฉีดโฟมตัวเมีย 50 mm","SP04044","PVC","pcs",,,"04-01",,"Store ชั้น 2",,
"product.product_part_639","ฝาฉีดโฟมตัวเมีย 75 mm","SP04045","PVC","pcs",,,"04-01",,"Store ชั้น 2",,
"product.product_part_640","ฝาฉีดโฟมตัวเมีย 100 mm","SP04046","PVC","pcs",,,"04-07",,"Store ชั้น 2",,
"product.product_part_641","ฝาฉีดโฟมตัวผู้ 42 mm","SP04047","PVC","pcs",,,"04-02",,"Store ชั้น 2",,
"product.product_part_642","ฝาฉีดโฟมตัวผู้ 50 mm","SP04048","PVC","pcs",,,"04-02",,"Store ชั้น 2",,
"product.product_part_643","ฝาฉีดโฟมตัวผู้ 75 mm","SP04049","PVC","pcs",,,"04-02",,"Store ชั้น 2",,
"product.product_part_644","ฝาฉีดโฟมตัวผู้ 100 mm","SP04050","PVC","pcs",,,"04-08",,"Store ชั้น 2",,
"product.product_part_645","PVC GUIDE 26X29 mm (สีขาว) L:2200 mm","SP04051","PVC","pcs",,,,,"โกดังเก็บพีวีซี",,
"product.product_part_646","PVC GUIDE 26X86 mm (สีขาว) L:2200 mm","SP04052","PVC","pcs",,,"04-01",,"โกดังเก็บพีวีซี",,
"product.product_part_647","PVC GUIDE 29X27X26 mm (สีขาว) L:2200 mm","SP04053","PVC","pcs",,,"04-01",,"โกดังเก็บพีวีซี",,
"product.product_part_648","PVC FRAME FOR DAIKIN 25X25X49 mm (สีเทา) L:3000 mm","SP04054","PVC","pcs",,,"04-05",,"โกดังเก็บพีวีซี",,
"product.product_part_649","END CAP FOR DOORCLOSER (R)","SP04055","PVC","pcs",,,"04-04",,"Store ชั้น 2",,
"product.product_part_650","END CAP FOR DOORCLOSER (L)","SP04056","PVC","pcs",,,"04-04",,"Store ชั้น 2",,
"product.product_part_651","PVC FRAME 42 mm(OW)","SP04057","PVC","pcs",,,"หน้าห้องเคมี",,"โกดังเก็บพีวีซี",,
"product.product_part_652","PVC CURVE OUTSIDE(OFF WHITE)","SP04059","PVC","set",,,"04-04",,"Store ชั้น 2",,
"product.product_part_653","PVC CURVE OUTSIDE(ALPINE WHITE)","SP04060","PVC","set",,,,,"ไม่มีของ",,
"product.product_part_654","PVC CORNER 65mmTYPE""B""(OFF WHITE)","SP04061","PVC","set",,,"04-03",,"Store ชั้น 2",,
"product.product_part_655","PVC CORNER 65mmTYPE""B""(ALPINE WHITE)","SP04062","PVC","set",,,"04-03",,"Store ชั้น 2",,
"product.product_part_656","FLOOR & CEILING FRAME 50 mm","SP04070","PVC","pcs",,,"04-01",,"โกดังเก็บพีวีซี",,
"product.product_part_657","MALE FRAME 50 mm","SP04071","PVC","pcs",,,"04-06",,"โกดังเก็บพีวีซี",,
"product.product_part_658","LOCK PIPE ? 3/4""","SP04072","PVC","pcs",,,"04-07",,"Store ชั้น 2",,
"product.product_part_659","END CAP FOR FLOOR & CEILING FRAME 50 mm (R)","SP04076","PVC","pcs",,,"04-05",,"Store ชั้น 2",,
"product.product_part_660","END CAP FOR FLOOR & CEILING FRAME 50 mm (L)","SP04077","PVC","pcs",,,"04-05",,"Store ชั้น 2",,
"product.product_part_661","END CAP FOR DOOR CLOSER DOR MA (R)","SP04079","PVC","pcs",,,"04-05",,"Store ชั้น 2",,
"product.product_part_662","END CAP FOR DOOR CLOSER DORMA (L)","SP04080","PVC","pcs",,,"04-05",,"Store ชั้น 2",,
"product.product_part_663","PVC GUIDE FOR DOOR AND WINDOW 42 mm","SP04081","PVC","pcs",,,,,"โกดังเก็บพีวีซี",,
"product.product_part_664","PVC GUIDE FOR DOOR AND WINDOW 100 mm","SP04082","PVC","pcs",,,,,"โกดังเก็บพีวีซี",,
"product.product_part_665","PVC CONNECTOR 3/4""","SP04084","PVC","pcs",,,"04-05",,"Store ชั้น 2",,
"product.product_part_666","PP PIPE ? 3/4"" L : 2500 mm(สีดำ)","SP04086","PVC","pcs",,,"04-03",,"โกดังเก็บพีวีซี",,
"product.product_part_667","PVC ANGLE 65mmTYPE""C""(OFF WHITE)","SP04089","PVC","pcs",,,"04-08",,"Store ชั้น 2",,
"product.product_part_668","PVC ANGLE 65mmTYPE""C""(ALPINE WHITE)","SP04090","PVC","pcs",,,"04-08",,"Store ชั้น 2",,
"product.product_part_669","PVC DOOR FRAME 50 mm(AHU)","SP04093","PVC","pcs",,,"04-21",,"โกดังเก็บพีวีซี",,
"product.product_part_670","PVC PLUG (WHITE)","SP04094","PVC","pcs",,,"04-08",,"Store ชั้น 2",,
"product.product_part_671","PVC PLUG (GLEY)","SP04095","PVC","pcs",,,"04-06",,"Store ชั้น 2",,
"product.product_part_672","PVC GUIDE 25X36 mm (สีขาว) L:2200 mm","SP04096","PVC","pcs",,,"04-08",,"โกดังเก็บพีวีซี",,
"product.product_part_673","PVC GUIDE FOR DOOR AND WINDOW 50 mm","SP04097","PVC","pcs",,,"04-02",,"โกดังเก็บพีวีซี",,
"product.product_part_674","LAMP COVER ( PC ใส)","SP04098","PVC","pcs",,,"04-05",,"โกดังเก็บพีวีซี",,
"product.product_part_675","ฝาครอบสวิตช์ 1 ช่อง","SP04100","PVC","pcs",,,"04-06",,"Store ชั้น 2",,
"product.product_part_676","ฝาครอบสวิตช์ 2 ช่อง","SP04101","PVC","pcs",,,"04-06",,"Store ชั้น 2",,
"product.product_part_677","MOBILE DRIAN FOR BACK STOCK","SP04102","PVC","set",,,"04-06",,"Store ชั้น 2",,
"product.product_part_678","PVC DOOR FRAME 25 mm(AHU)","SP04103","PVC","pcs",,,"04-09",,"โกดังเก็บพีวีซี",,
"product.product_part_679","PVC DOOR PANEL 25 mm(AHU)","SP04104","PVC","pcs",,,"04-10",,"โกดังเก็บพีวีซี",,
"product.product_part_680","PVC CORNER COVER FOR BACK STOCK","SP04105","PVC","pcs",,,"04-06",,"Store ชั้น 2",,
"product.product_part_681","PP BOX 2"" X 4""","SP04106","PVC","pcs",,,"Palete",,"Store ชั้น 2 New",,
"product.product_part_682","GUID LIMIT SWITCH","SP04107","PVC","pcs",,,"Palete",,"Store ชั้น 2 New",,
"product.product_part_683","PLUG PVC FOR HINGE AHU","SP04108","PVC","pcs",,,"Palete",,"Store ชั้น 2 New",,
"product.product_part_684","PVC ENTRANCE FRAME 74 mm L:2500 mm(OW )","SP04109","PVC","pcs",,,"Palete",,"Store ชั้น 2 New",,
"product.product_part_685","PVC ENTRANCE FRAME 99 mm L:2500 mm(OW )","SP04110","PVC","pcs",,,"Palete",,"Store ชั้น 2 New",,
"product.product_part_686","POLYOL FOR WALL RETURN XUS.82790","SP05001","Materials","kg",,,"Palete",,"Store ชั้น 2 New",,
"product.product_part_687","POLYOL","SP05002","Materials","kg",,,"น้ำยาโฟม",,"ห้องเคมี",,
"product.product_part_688","ISOCYANATE","SP05003","Materials","kg",,,"น้ำยาโฟม",,"ตู้คอนเทรนเนอร์",,
"product.product_part_689","GI SHEET 0,4mm 914w","SP05004","Materials","kg",,,"เหล็ก",,"โกดังเก็บคอยล์",,"แก้ไข Loc_Rack / Loc Row"
"product.product_part_690","GI SHEET 0,4mm 995w","SP05005","Materials","kg",,,"เหล็ก",,"โกดังเก็บคอยล์",,
"product.product_part_691","PPGI 0,5 mm 914w (OFF WHITE)","SP05006","Materials","kg",,,"เหล็ก",,"โกดังเก็บคอยล์",,
"product.product_part_692","PPGI 0,5mm 1219w (OFF WHITE)","SP05007","Materials","kg",,,"เหล็ก",,"โกดังเก็บคอยล์",,
"product.product_part_693","PPGI 0,5mm 914w (ALPINE WHITE)","SP05008","Materials","kg",,,"เหล็ก",,"โกดังเก็บคอยล์",,
"product.product_part_694","PPGI 0.5 mm.1219w(ALPINE WHITE)","SP05009","Materials","kg",,,"เหล็ก",,"โกดังเก็บคอยล์",,
"product.product_part_695","PPGI 0.8mm.914w(ALPINE WHITE)","SP05010","Materials","kg",,,"เหล็ก",,"โกดังเก็บคอยล์",,
"product.product_part_696","PPGI 0,5 mm 914w ( IVORY)","SP05011","Materials","kg",,,"เหล็ก",,"โกดังเก็บคอยล์",,
"product.product_part_697","GI SHEET 0,4mm 1219w","SP05012","Materials","kg",,,"เหล็ก",,"โกดังเก็บคอยล์",,
"product.product_part_698","STANLESS SHEET 0,5mm 1219w","SP05013","Materials","kg",,,"เหล็ก",,"โกดังเก็บคอยล์",,
"product.product_part_699","Kemtex Polyurethane Releasing Wax No.123 (15 kg./Pail)","SP05014","Materials","tank",,,"เหล็ก",,"โกดังเก็บคอยล์",,
"product.product_part_700","PPGI 0.45mm 1219w (Anti Off White)","SP05015","Materials","kg",,,"เหล็ก",,"โกดังเก็บคอยล์",,
"product.product_part_701","PPGI 0.4mm.914w(OFF WHITE)","SP05016","Materials","kg",,,"เหล็ก",,"โกดังเก็บคอยล์",,
"product.product_part_702","PPGI SHEET 0.27mm.914w(non clean room)","SP05017","Materials","kg",,,"เหล็ก",,"โกดังเก็บคอยล์",,
"product.product_part_703","GI SHEET 0.5mm. 1219W (Skin pass)","SP05018","Materials","kg",,,"เหล็ก",,"โกดังเก็บคอยล์",,
"product.product_part_704","Polyol BAYDUR 41 BD 001i","SP05019","Materials","kg",,,"เหล็ก",,"โกดังเก็บคอยล์",,
"product.product_part_705","PPGI 0.75 MM. 914 W (OFF WHITE)","SP05020","Materials","kg",,,"เหล็ก",,"โกดังเก็บคอยล์",,
"product.product_part_706","ROCKWOOL L 1200 x W 1100 x 100 MM THK.","SP05021","Materials","pcs",,,"เหล็ก",,"โกดังเก็บคอยล์",,
"product.product_part_707","AL RAIL FOR CLEAN ROOM(NA.1)","SP01057","Materials","pcs",,,"01-08",,"โกดังอะลูมิเนียม",,
"product.product_part_708","AL RAIL FOR CLEAN ROOM(MF)","SP01058","Materials","pcs",,,,,"โกดังอะลูมิเนียม",,
"product.product_part_710","AL RAIL FOR CLEAN ROOM(AP)","SP01060","Materials","pcs",,,"01-08",,"โกดังอะลูมิเนียม",,
"product.product_part_711","AL WINDOW FRAME 42 mm.(CUT AT SITE)(MF)","SP01126","Materials","pcs",,,"01-20",,"โกดังอะลูมิเนียม",,
"product.product_part_712","AL WINDOW FRAME 42 mm.(CUT AT SITE)(OW)","SP01127","Materials","pcs",,,"01-12",,"โกดังอะลูมิเนียม",,
"product.product_part_713","AL WINDOW FRAME 42 mm.(CUT AT SITE)(AP)","SP01128","Materials","pcs",,,"01-12",,"โกดังอะลูมิเนียม",,
"product.product_part_714","AL DOOR FRAME(FLUSH)(NA.1)","SP01137","Materials","pcs",,,,,"โกดังอะลูมิเนียม",,
"product.product_part_715","AL DOOR FRAME(FLUSH)(MF)","SP01138","Materials","pcs",,,"01-08",,"โกดังอะลูมิเนียม",,
"product.product_part_716","AL DOOR FRAME(FLUSH)(OW)","SP01139","Materials","pcs",,,"01-21",,"โกดังอะลูมิเนียม",,
"product.product_part_717","AL DOOR FRAME(FLUSH)(AP)","SP01140","Materials","pcs",,,"01-13",,"โกดังอะลูมิเนียม",,
"product.product_part_718","AL PROFILE FOR LIGHTING 25 mm.(NA.1)","SP01169","Materials","pcs",,,,,"โกดังอะลูมิเนียม",,
"product.product_part_719","AL PROFILE FOR LIGHTING 25 mm.(MF)","SP01170","Materials","pcs",,,"01-13",,"โกดังอะลูมิเนียม",,
"product.product_part_720","AL PROFILE FOR LIGHTING 25 mm.(OW)","SP01171","Materials","pcs",,,"01-16",,"โกดังอะลูมิเนียม",,
"product.product_part_721","AL PROFILE FOR LIGHTING 25 mm.(AP)","SP01172","Materials","pcs",,,,,"โกดังอะลูมิเนียม",,
"product.product_part_722","AL WINDOW FRAME 42 mm.(MF)","SP01178","Materials","pcs",,,"01-02",,"โกดังอะลูมิเนียม",,
"product.product_part_723","AL WINDOW FRAME 42 mm.(OW)","SP01179","Materials","pcs",,,"01-11",,"โกดังอะลูมิเนียม",,
"product.product_part_724","AL WINDOW FRAME 42 mm.(AP)","SP01180","Materials","pcs",,,"01-02",,"โกดังอะลูมิเนียม",,
"product.product_part_725","AL WINDOW FRAME100 mm.(NA.1)","SP01185","Materials","pcs",,,"01-10",,"โกดังอะลูมิเนียม",,
"product.product_part_726","AL WINDOW FRAME100 mm.(MF)","SP01186","Materials","pcs",,,"01-07",,"โกดังอะลูมิเนียม",,
"product.product_part_727","AL WINDOW FRAME100 mm.(OW)","SP01187","Materials","pcs",,,"01-14",,"โกดังอะลูมิเนียม",,
"product.product_part_728","AL WINDOW FRAME100 mm.(AP)","SP01188","Materials","pcs",,,"01-19",,"โกดังอะลูมิเนียม",,
"product.product_part_729","AL DOOR FRAME 100 mm.(FLUSH) (NA.1)","SP01189","Materials","pcs",,,,,"โกดังอะลูมิเนียม",,
"product.product_part_730","AL DOOR FRAME 100 mm.(FLUSH) (MF)","SP01190","Materials","pcs",,,"01-02",,"โกดังอะลูมิเนียม",,
"product.product_part_731","AL DOOR FRAME 100 mm.(FLUSH) (OW)","SP01191","Materials","pcs",,,"01-22",,"โกดังอะลูมิเนียม",,
"product.product_part_732","AL DOOR FRAME 100 mm.(FLUSH) (AP)","SP01192","Materials","pcs",,,"01-03",,"โกดังอะลูมิเนียม",,
"product.product_part_733","AL DOOR FRAME 50 mm. (NA.1)","SP01229","Materials","pcs",,,,,"โกดังอะลูมิเนียม",,
"product.product_part_734","AL DOOR FRAME 50 mm. (MF)","SP01230","Materials","pcs",,,"01-06",,"โกดังอะลูมิเนียม",,
"product.product_part_735","AL DOOR FRAME 50 mm. (OW)","SP01231","Materials","pcs",,,"01-03",,"โกดังอะลูมิเนียม",,
"product.product_part_736","AL DOOR FRAME 50 mm. (AP)","SP01232","Materials","pcs",,,"01-13",,"โกดังอะลูมิเนียม",,
"product.product_part_737","AL JOINT FOR  AL T-BAR (NA.1)","SP01315","Materials","pcs",,,"01-14",,"โกดังอะลูมิเนียม",,
"product.product_part_738","AL JOINT FOR  AL T-BAR (MF)","SP01316","Materials","pcs",,,,,"โกดังอะลูมิเนียม",,
"product.product_part_739","AL JOINT FOR  AL T-BAR (OW)","SP01317","Materials","pcs",,,"01-13",,"โกดังอะลูมิเนียม",,
"product.product_part_740","AL JOINT FOR  AL T-BAR (AP)","SP01318","Materials","pcs",,,"01-13",,"โกดังอะลูมิเนียม",,
"product.product_part_742","AL COVER FOR  AL JOINT T-BAR (NA.1)","SP01331","Materials","pcs",,,"01-05",,"โกดังอะลูมิเนียม",,
"product.product_part_743","AL COVER FOR  AL JOINT  T-BAR (MF)","SP01332","Materials","pcs",,,"01-05",,"โกดังอะลูมิเนียม",,
"product.product_part_744","AL COVER FOR  AL JOINT  T-BAR (OW)","SP01333","Materials","pcs",,,"01-12",,"โกดังอะลูมิเนียม",,
"product.product_part_745","AL COVER FOR  AL JOINT  T-BAR (AP)","SP01334","Materials","pcs",,,,,"โกดังอะลูมิเนียม",,
"product.product_part_746","AL WINDOW FRAME 50 MM.(MF)","SP01336","Materials","pcs",,,"01-04",,"โกดังอะลูมิเนียม",,
"product.product_part_747","AL WINDOW FRAME 50 MM.(OW)","SP01337","Materials","pcs",,,"01-22",,"โกดังอะลูมิเนียม",,
"product.product_part_748","AL WINDOW FRAME 50 MM.(AP)","SP01338","Materials","pcs",,,,,"โกดังอะลูมิเนียม",,
"product.product_part_749","AL NON PROGRESSIVE WINDOW FRAME ""B"" 50 MM.(MF)","SP01384","Materials","pcs",,,"01-13",,"โกดังอะลูมิเนียม",,
"product.product_part_750","AL NON PROGRESSIVE WINDOW FRAME ""B"" 50 MM.(NA.1)","SP01385","Materials","pcs",,,"01-18",,"โกดังอะลูมิเนียม",,
"product.product_part_751","AL NON PROGRESSIVE WINDOW FRAME ""B"" 50 MM.(AP)","SP01386","Materials","pcs",,,,,"โกดังอะลูมิเนียม",,
"product.product_part_752","DROP SEAL 834","SP02113","Materials","pcs",,,"02-06",,"Store ชั้น 2",,
"product.product_part_753","PLATE ยึดบานพับประตูสวิงห้องเย็น","SP03097","Materials","pcs",,,,,,,
"product.product_part_754","PLATE ยึดกลอนประตูสวิงห้องเย็น","SP03098","Materials","pcs",,,,,,,
"product.product_part_755","PLATE ยึดมือจับประตูบานเลื่อนห้องเย็น","SP03099","Materials","pcs",,,,,,,
"product.product_part_756","ยึดมุมหิ้วล้อประตูบานเลื่อนห้องเย็น  100 มม.","SP03100","Materials","pcs",,,,,,,
"product.product_part_757","ยึดมุมหิ้วล้อประตูบานเลื่อนห้องเย็น  75 มม.","SP03101","Materials","pcs",,,,,,,
"product.product_part_758","PLATE ยึดไกด์ประตูบานเลื่อนห้องเย็น ซ้าย-ขวา 75 มม.","SP03102","Materials","pcs",,,,,,,
"product.product_part_759","PLATE ยึดมือจับนอกประตูบานเลื่อนห้องเย็น 75 มม.","SP03103","Materials","pcs",,,,,,,
"product.product_part_760","PLATE ยึดไกด์ประตูบานเลื่อนห้องเย็น ซ้าย-ขวา 100 มม.","SP03104","Materials","pcs",,,,,,,
"product.product_part_761","PLATE ยึดมือจับนอกประตูบานเลื่อนห้องเย็น 100 มม.","SP03105","Materials","pcs",,,,,,,
